/*M!999999\- enable the sandbox mode */ 
-- MariaDB dump 10.19  Distrib 10.11.14-MariaDB, for debian-linux-gnu (aarch64)
--
-- Host: 172.18.0.5    Database: simple_app
-- ------------------------------------------------------
-- Server version	12.0.2-MariaDB-ubu2404

/*!40101 SET @OLD_CHARACTER_SET_CLIENT=@@CHARACTER_SET_CLIENT */;
/*!40101 SET @OLD_CHARACTER_SET_RESULTS=@@CHARACTER_SET_RESULTS */;
/*!40101 SET @OLD_COLLATION_CONNECTION=@@COLLATION_CONNECTION */;
/*!40101 SET NAMES utf8mb4 */;
/*!40103 SET @OLD_TIME_ZONE=@@TIME_ZONE */;
/*!40103 SET TIME_ZONE='+00:00' */;
/*!40014 SET @OLD_UNIQUE_CHECKS=@@UNIQUE_CHECKS, UNIQUE_CHECKS=0 */;
/*!40014 SET @OLD_FOREIGN_KEY_CHECKS=@@FOREIGN_KEY_CHECKS, FOREIGN_KEY_CHECKS=0 */;
/*!40101 SET @OLD_SQL_MODE=@@SQL_MODE, SQL_MODE='NO_AUTO_VALUE_ON_ZERO' */;
/*!40111 SET @OLD_SQL_NOTES=@@SQL_NOTES, SQL_NOTES=0 */;

--
-- Table structure for table `apikeys`
--

DROP TABLE IF EXISTS `apikeys`;
/*!40101 SET @saved_cs_client     = @@character_set_client */;
/*!40101 SET character_set_client = utf8mb4 */;
CREATE TABLE `apikeys` (
  `id` char(32) NOT NULL,
  `apikey` varchar(50) NOT NULL,
  PRIMARY KEY (`id`)
) ENGINE=InnoDB DEFAULT CHARSET=utf8mb3 COLLATE=utf8mb3_general_ci;
/*!40101 SET character_set_client = @saved_cs_client */;

--
-- Dumping data for table `apikeys`
--

LOCK TABLES `apikeys` WRITE;
/*!40000 ALTER TABLE `apikeys` DISABLE KEYS */;
INSERT INTO `apikeys` VALUES
('64DF524BA7665D9D0FC5410CA720C4DC','TrAjVIjQH1xkqFQgeeTBfjRqAM8koLKdUSelZccTx8INMezIB8'),
('F92E056AE69491524EF60E5672287607','XwLhVGgWxZQVqbjENXyBVPwKgociQFyfYsDgdmXSZaTIhMXpEe');
/*!40000 ALTER TABLE `apikeys` ENABLE KEYS */;
UNLOCK TABLES;

--
-- Table structure for table `app_buttons`
--

DROP TABLE IF EXISTS `app_buttons`;
/*!40101 SET @saved_cs_client     = @@character_set_client */;
/*!40101 SET character_set_client = utf8mb4 */;
CREATE TABLE `app_buttons` (
  `id` char(32) NOT NULL,
  `nombre` varchar(100) NOT NULL,
  `fecha_creacion` timestamp NULL DEFAULT current_timestamp(),
  `fecha_modificacion` timestamp NULL DEFAULT current_timestamp() ON UPDATE current_timestamp(),
  `type` varchar(50) DEFAULT NULL,
  `orden` int(11) DEFAULT NULL,
  `id_entity` char(32) DEFAULT NULL,
  `code` varchar(50) DEFAULT NULL,
  `icon` varchar(50) DEFAULT NULL,
  PRIMARY KEY (`id`),
  KEY `FK_app_buttons_app_entities` (`id_entity`),
  CONSTRAINT `FK_app_buttons_app_entities` FOREIGN KEY (`id_entity`) REFERENCES `app_entities` (`id`)
) ENGINE=InnoDB DEFAULT CHARSET=utf8mb3 COLLATE=utf8mb3_general_ci;
/*!40101 SET character_set_client = @saved_cs_client */;

--
-- Dumping data for table `app_buttons`
--

LOCK TABLES `app_buttons` WRITE;
/*!40000 ALTER TABLE `app_buttons` DISABLE KEYS */;
INSERT INTO `app_buttons` VALUES
('1658C1F86A506BD4057DAC4C1FFC8C4F','Add Column','2025-03-09 22:17:57','2025-03-09 22:17:57','form',0,'BA0C16DF30A8A623EE49338EDBEFAB38','create',NULL),
('1A5FF0A09D66C42FA5AE037C28F6196E','Create Table','2025-03-09 20:26:46','2025-03-09 20:26:46','form',1,'8A7584A9F47A9E6BD168FE208A4CBA9D','create',NULL),
('1A680DC6EE5142661ABD0C83B355DF75','Test JS','2025-03-16 16:42:57','2025-03-16 16:47:31','script_form',1,'7D2C9C0CF3B893CA6EC55DC070198D44','test',NULL),
('35CBAB2BB2DB96BD0E6094AFF4949185','Test api','2025-05-02 17:51:24','2025-05-02 17:51:24','form',2,'7D2C9C0CF3B893CA6EC55DC070198D44','test_api',NULL),
('387EDB4D717661057B1E577139709099','Publicar','2025-10-19 18:02:50','2025-10-19 18:02:50','form',0,'B5C1929F74F23B89F862B0D372CD71D1','publish',NULL),
('38CA81847E17F80EE5F04C0684B24BAA','Configurar Secciones','2025-08-27 07:12:29','2025-08-27 07:12:29','form',NULL,'35A30F1BCCCE6D3B8D512FAEAFCD6A01','configure',NULL),
('432998949C5A16A96652325FB39CC910','Crear columnas','2025-03-09 20:28:37','2025-03-09 20:28:37','form',4,'8A7584A9F47A9E6BD168FE208A4CBA9D','create_cols',NULL),
('5047BAFC1F10B6396A7283D51096B5D0','Load Script','2025-03-09 22:25:28','2025-03-15 19:48:03','form',0,'A9BC1252645E7B10B92A1C75E8D6E4EF','load',NULL),
('5D95615E442D95C5E92077DDA3CA30E4','Importar Columnas','2025-03-09 20:27:16','2025-03-09 20:27:16','form',2,'8A7584A9F47A9E6BD168FE208A4CBA9D','load',NULL),
('6AAB83BC1F6C5006BF11199AC990344C','TEST LIST','2025-03-26 11:27:48','2025-03-26 20:37:02','list',1,'F1E43B2A0795284DE1CFEA2C5D057F32','test_list',NULL),
('6ECA28BEE83F41B0DDF99697D577C076','Drop','2025-03-24 20:29:35','2025-03-24 20:29:35','form',2,'744B2497EDAF0D610DA0D599DAF7F1CF','drop',NULL),
('715CCF601F02ACAD148BEF519290B4EB','TEST','2025-03-04 16:25:39','2025-03-04 16:33:55','form',1,'F1E43B2A0795284DE1CFEA2C5D057F32','test',NULL),
('737C4CC9C070A230767C76EF1BD7F992','Recuperar','2025-10-19 18:11:42','2025-10-19 18:11:42','form',1,'B5C1929F74F23B89F862B0D372CD71D1','load',NULL),
('9410C63C2CBDFE9B1A9F665A1825C7EF','Test','2025-03-24 20:35:48','2025-03-24 20:35:48','form',1,'2AAF5FB75C18B38E851D52C913976F89','test',NULL),
('995AEFB75905CDCCB6A156B3DA7A53EB','Cargar Plantilla','2025-03-09 22:22:24','2025-03-09 22:25:42','form',1,'A5C38664EA80732ED4E9625464F1253C','template',NULL),
('B86D1BDB9CA64D1C6E5B0BB4F188D762','Load Plugin','2025-03-09 22:25:28','2025-03-09 22:25:38','form',0,'A5C38664EA80732ED4E9625464F1253C','load',NULL),
('BA198790E6E8238A80E649FD92663BB4','Create','2025-03-24 20:29:24','2025-03-24 20:29:24','form',1,'744B2497EDAF0D610DA0D599DAF7F1CF','create',NULL),
('BC216FE10CD34360C0E3EA1427EF0428','Drop Table','2025-03-09 20:27:44','2025-03-09 20:27:44','form',3,'8A7584A9F47A9E6BD168FE208A4CBA9D','drop',NULL),
('C6FB0E990F799744D5A00A2B48773199','Publicar','2025-03-09 22:22:52','2025-03-09 22:25:42','form',2,'A5C38664EA80732ED4E9625464F1253C','publish',NULL),
('C901665882D7BAFB5577E10EBF88ED54','Drop','2025-03-24 20:29:35','2025-03-26 11:55:51','list',2,'744B2497EDAF0D610DA0D599DAF7F1CF','list_drop',NULL),
('CDB06044450DF768C0E2C54DED90557F','Prueba','2025-03-19 12:07:35','2025-03-19 12:07:35','form',0,'F2E98165F53B6ECAD8E23D49268D731A','test',NULL),
('CDE0488FA3CAAA22F126C792A756DCBA','Ejecutar','2025-04-28 09:10:18','2025-04-28 09:10:18','form',1,'C36B36838A064DEBA5AC90B2361920CC','ejecutar',NULL),
('DB1AC7302EAB5FE2DDBDE6B313404D7D','Publicar','2025-03-09 22:22:52','2025-03-15 19:48:22','form',2,'A9BC1252645E7B10B92A1C75E8D6E4EF','publish',NULL),
('E1441CACAF45E79F50FFCDF01E772D43','Drop Column','2025-03-09 22:18:21','2025-03-09 22:18:21','form',1,'BA0C16DF30A8A623EE49338EDBEFAB38','drop',NULL),
('F0B532DDAF8241B297F5382666E6E8EF','Create','2025-03-24 20:29:24','2025-03-26 11:55:29','list',1,'744B2497EDAF0D610DA0D599DAF7F1CF','list_create',NULL),
('FF377B7D98EB8648175E0534F910E675','Cambiar Contraseña','2025-04-23 16:09:16','2025-04-23 16:09:16','form',1,'79A1C516742E7B156ABC70C8AA6BED88','change',NULL);
/*!40000 ALTER TABLE `app_buttons` ENABLE KEYS */;
UNLOCK TABLES;

--
-- Table structure for table `app_dominios`
--

DROP TABLE IF EXISTS `app_dominios`;
/*!40101 SET @saved_cs_client     = @@character_set_client */;
/*!40101 SET character_set_client = utf8mb4 */;
CREATE TABLE `app_dominios` (
  `id` char(32) NOT NULL,
  `nombre` varchar(100) NOT NULL,
  `fecha_creacion` timestamp NULL DEFAULT current_timestamp(),
  `fecha_modificacion` timestamp NULL DEFAULT current_timestamp() ON UPDATE current_timestamp(),
  PRIMARY KEY (`id`)
) ENGINE=InnoDB DEFAULT CHARSET=utf8mb3 COLLATE=utf8mb3_general_ci;
/*!40101 SET character_set_client = @saved_cs_client */;

--
-- Dumping data for table `app_dominios`
--

LOCK TABLES `app_dominios` WRITE;
/*!40000 ALTER TABLE `app_dominios` DISABLE KEYS */;
INSERT INTO `app_dominios` VALUES
('03B653DA190FD80418D96A6036A5FA0C','VIEW_TYPE','2025-04-21 07:13:38','2025-04-21 07:13:38'),
('064F319344909AC3C32D37BACD4D3D02','CHART_TYPE','2025-04-21 07:13:38','2025-04-21 07:13:38'),
('19162AB4098B1D5188D298AAA3DCAED4','SI_NO','2025-04-21 07:13:38','2025-04-21 07:13:38'),
('1B8C9613E2D31EC0F88185B0E0944F23','CONTROL_WIDTH','2025-04-21 07:13:38','2025-04-21 07:13:38'),
('21EF67E4961D5520B510BB7B12EDCE27','FORM_TYPE','2025-04-22 09:34:35','2025-04-22 09:34:35'),
('2501E42DFA5A70BB0EC5537277DCF13F','MOV_DIARIO_CAT','2025-04-21 07:13:38','2025-04-21 07:13:38'),
('2BB662787969163CAEA88081FCA445FD','ESTADO_TAREA','2025-04-21 07:13:38','2025-04-21 07:13:38'),
('32D1C9A2575CFF475A88270E2D86778F','TIPO_FASE_PROCESO','2025-09-08 18:41:09','2025-09-08 18:41:09'),
('33B58BE7423415F281511E0014CC8F93','ENTITY_TYPE','2025-04-21 07:13:38','2025-04-21 07:13:38'),
('38B254DB46046B287DEF3B3FFC211416','PROD_COMP_STATUS','2025-04-21 07:13:38','2025-04-21 07:13:38'),
('3B790071A5C7DB97720467A84A4D8DF3','SCRIPT_TYPE','2025-04-21 07:13:38','2025-04-21 07:13:38'),
('3E20284C127A906F042D9E5A8F36476C','BUTTON_TYPE','2025-04-21 07:13:38','2025-04-21 07:13:38'),
('67E0B62AFBE89F389C0E3908077462F2','FORM_ITEM','2025-04-21 07:13:38','2025-04-21 07:13:38'),
('7F12217D645D764295E996038BD113D4','PLUGIN_TYPE','2025-04-21 07:13:38','2025-04-21 07:13:38'),
('84674DA52513C0D1D7500E22C2E89D08','SIGNO_DIARIO','2025-04-21 07:13:38','2025-04-21 07:13:38'),
('8BD5739DA78A753F13CC9B0BFDEA3EC1','RELATION_VEH','2025-04-21 07:13:38','2025-04-21 07:13:38'),
('A9901F094091A4784148DF50F222AB2F','COLUMN_TYPE','2025-04-21 07:13:38','2025-04-21 07:13:38'),
('AAA60E047C0CDF3BBAE06C746D5405D9','ESTADOS','2025-04-21 07:13:38','2025-04-21 07:13:38'),
('AEFFD15C9CC655255EB2232524392C18','RPT_QUERY_RESULT','2025-04-21 07:13:38','2025-04-21 07:13:38'),
('C795A6C19C7D54E52A2CC9C1ABE439F7','ESTADO_PEDIDO','2025-04-21 11:33:52','2025-08-26 11:19:18'),
('D239E4D7EE368E8581DCE8F206DA9EC7','CONTROL_TYPE','2025-04-21 07:13:38','2025-04-21 07:13:38'),
('E959957AC528E2B3E18AD04C8705377B','TIPO_PRODUCTO','2025-04-21 07:13:38','2025-04-21 07:13:38'),
('E98AB9DDDDAAD1B01B4B6D35403A6E80','TIPO_DIARIO','2025-04-21 07:13:38','2025-04-21 07:13:38'),
('F4123D4A9CCDBBB6E7C966FF02E418FB','ESTADO_OFERTA','2025-04-21 11:33:52','2025-04-21 11:33:52');
/*!40000 ALTER TABLE `app_dominios` ENABLE KEYS */;
UNLOCK TABLES;

--
-- Table structure for table `app_entities`
--

DROP TABLE IF EXISTS `app_entities`;
/*!40101 SET @saved_cs_client     = @@character_set_client */;
/*!40101 SET character_set_client = utf8mb4 */;
CREATE TABLE `app_entities` (
  `id` char(32) NOT NULL,
  `entity` varchar(50) NOT NULL,
  `singular_name` varchar(100) NOT NULL,
  `plural_name` varchar(100) NOT NULL,
  `descripcion` varchar(255) DEFAULT NULL,
  `id_module` char(32) DEFAULT NULL,
  `mostrar_menu` int(11) DEFAULT NULL,
  `campo_principal` varchar(50) DEFAULT NULL,
  `tipo_entidad` varchar(20) DEFAULT NULL,
  `icon` varchar(50) DEFAULT NULL,
  `orden` int(11) DEFAULT NULL,
  PRIMARY KEY (`id`),
  KEY `FK_app_entities_app_modules` (`id_module`),
  CONSTRAINT `FK_app_entities_app_modules` FOREIGN KEY (`id_module`) REFERENCES `app_modules` (`id`)
) ENGINE=InnoDB DEFAULT CHARSET=utf8mb3 COLLATE=utf8mb3_general_ci;
/*!40101 SET character_set_client = @saved_cs_client */;

--
-- Dumping data for table `app_entities`
--

LOCK TABLES `app_entities` WRITE;
/*!40000 ALTER TABLE `app_entities` DISABLE KEYS */;
INSERT INTO `app_entities` VALUES
('10E08475520D5CC7603685D7A6338443','app_proceso_tramites','Tramite','Trámites','Ejecuciones de los procesos de entidad. Un registro por cada ejecución.','881AE76B343D3FA19490ED05B852349A',1,'nombre','table',NULL,0),
('20AB28F839675213390C76A55A267945','app_transiciones_proceso','Transición','Transiciones de proceso',NULL,'881AE76B343D3FA19490ED05B852349A',1,'nombre','table',NULL,0),
('2AAF5FB75C18B38E851D52C913976F89','app_views','Vista','Vistas',NULL,'0E4B1126153FCBE256A6C781AD88E055',0,'name','table',NULL,15),
('35A30F1BCCCE6D3B8D512FAEAFCD6A01','app_forms','Formulario','Formularios',NULL,'0E4B1126153FCBE256A6C781AD88E055',1,'nombre','table','fa-laptop',2),
('383D9E6BA1659044E079B71BCE51FE19','app_form_areas','Area Formulario','Areas Formularios',NULL,'0E4B1126153FCBE256A6C781AD88E055',0,'nombre','table',NULL,7),
('3CF1E2021536FE5F6A1E975A2CEEDA01','app_dominios','Dominio','Dominios',NULL,'0E4B1126153FCBE256A6C781AD88E055',1,'nombre','table','fa-caret-down',7),
('3D87D8B6639DF0D570E9AB08F03853FD','app_proyectos','Proyecto','Proyectos','Tabla de proyectos y tareas simple','4B43BFABE3539607068B45A4209298B6',1,'nombre','table','fa-rectangle-list',NULL),
('490484A9474D03AB69738B7FC05D057C','ventas_ofertas','Oferta de Ventas','Ofertas de Venta','Ofertas de venta','2BAA56D57128A664AD18DF268E31E49E',1,'codigo','table','fa-file-lines',-1),
('4AA656B01E4CC29891C6BB33A495B42E','app_fases_proceso','Fase del proceso','Fases del proceso',NULL,'881AE76B343D3FA19490ED05B852349A',1,'nombre','table',NULL,0),
('68BE6D4857B45CC219DBA380485C0FBF','keypass','KeyPass','KeyPass','Almacenamiento de pass','FFD24C35C8D97E14CC5727399391C723',1,'nombre','table','fa-unlock',NULL),
('7358E0983B0D29080F4A52510854211B','app_optionsets','Optionset','Optionsets',NULL,'0E4B1126153FCBE256A6C781AD88E055',0,'descripcion','table','fa-caret-down',7),
('744B2497EDAF0D610DA0D599DAF7F1CF','app_relations','Relación','Relaciones','Relaciones entre tablas.','0E4B1126153FCBE256A6C781AD88E055',1,'name','table','fa-right-left',6),
('7535F4201F546632A5522B98C33EB9E8','impuestos','Impuesto','Impuestos','Tabla de tipos de impuestos','2BAA56D57128A664AD18DF268E31E49E',1,'nombre','table','fa-percent',0),
('79A1C516742E7B156ABC70C8AA6BED88','cambio_pwd_usuario','Cambio de contraseña','Cambio de contraseña',NULL,'FFD24C35C8D97E14CC5727399391C723',1,NULL,'action','fa-asterisk',0),
('7D2C9C0CF3B893CA6EC55DC070198D44','productos','Producto','Productos',NULL,'2BAA56D57128A664AD18DF268E31E49E',1,'nombre','table','fa-box',0),
('801702C306589191B3D37121137E9449','app_user_controls','Control de Formulario','Controles Formulario',NULL,'0E4B1126153FCBE256A6C781AD88E055',0,'dbcolumn','table',NULL,7),
('8A7584A9F47A9E6BD168FE208A4CBA9D','app_entities','Entidad','Entidades',NULL,'0E4B1126153FCBE256A6C781AD88E055',1,'entity','table','fa-table',1),
('8CD7AC1F9330314D645F44BFAD6749C4','ventas_ofertas_lineas','Línea de Oferta','Líneas de ofertas',NULL,'2BAA56D57128A664AD18DF268E31E49E',0,'Concepto','table',NULL,0),
('927B4B2178AA3CFE5FCF935A7E391068','app_permisos_entidad','Permiso entidad','Permisos entidades',NULL,'FFD24C35C8D97E14CC5727399391C723',0,'nombre','table',NULL,NULL),
('A5C38664EA80732ED4E9625464F1253C','app_plugins','Plugin','Plugins','Código personalizado de entidad','0E4B1126153FCBE256A6C781AD88E055',1,'filename','table','fa-code',3),
('A68EEE98E6B4784D4DFFC8BD9102F849','app_graphics','Grafica','Gráficas de datos',NULL,'0E4B1126153FCBE256A6C781AD88E055',1,'name','table','fa-chart-simple',15),
('A9BC1252645E7B10B92A1C75E8D6E4EF','app_scripts','Script','Scripts','Código personalizado de entidad','0E4B1126153FCBE256A6C781AD88E055',1,'filename','table','fa-scroll',5),
('AAF9DC82ED5D22043CC3AE2A9FF0825F','app_numeraciones','Numeración','Numeraciones',NULL,'0E4B1126153FCBE256A6C781AD88E055',1,'nombre','table','fa-hashtag',15),
('ADFECBA489ED9C6AC1E43F0980D503A3','ventas_cuentas','Cliente','Clientes','Tabla para Empresas ','2BAA56D57128A664AD18DF268E31E49E',1,'nombre','table','fa-landmark',0),
('B0D9EB0533F678EA863976D6C156CD0E','app_form_sections','Sección de formulario','Secciones formulario',NULL,'0E4B1126153FCBE256A6C781AD88E055',0,'nombre','table',NULL,15),
('B441B8665B9EABC7B180A757E687305B','apikeys','Api Key','Api Keys',NULL,'FFD24C35C8D97E14CC5727399391C723',1,'apikey','table','fa-key',NULL),
('B5C1929F74F23B89F862B0D372CD71D1','app_plugin_library','Librería de Código','Librerías de código','Librerías de código PHP con lógica de negocio','0E4B1126153FCBE256A6C781AD88E055',1,'filename','table','fa-code',4),
('BA0C16DF30A8A623EE49338EDBEFAB38','app_entity_columns','Columna','Columnas',NULL,'0E4B1126153FCBE256A6C781AD88E055',0,'label','table',NULL,8),
('BA7DBD3B1AD6A8EF5F9480A409E749B1','app_roles_usuarios','Asignación de rol','Asignaciones de roles','Relación n:n de usuarios y roles','FFD24C35C8D97E14CC5727399391C723',1,NULL,'table','fa-user-tag',NULL),
('BAEE82C788A6272E749AB4DE5661FEF6','app_tareas_proyectos','Tarea de Proyecto','Tareas de Proyecto','Tareas del proyecto simples (to-do)','4B43BFABE3539607068B45A4209298B6',0,'nombre','table',NULL,NULL),
('C0F34C980D8AC44DAB5B7148A9669AD8','ventas_pedidos','Pedido de Ventas','Pedidos de Venta','Pedidos de venta','2BAA56D57128A664AD18DF268E31E49E',1,'codigo','table','fa-file-lines',-1),
('C36B36838A064DEBA5AC90B2361920CC','consultas','Consulta','Consultas',NULL,'0E4B1126153FCBE256A6C781AD88E055',1,'nombre','table','fa-database',8),
('CC4FC092381ABB28C3EF1F6F7160FC83','app_buttons','Botón de aplicación','Botones de aplicación',NULL,'0E4B1126153FCBE256A6C781AD88E055',0,'nombre','table',NULL,8),
('D0C612375F9E63892267287FC23D366E','config','Parámetro','Parámetros',NULL,'881AE76B343D3FA19490ED05B852349A',1,'param','table','fa-sliders',NULL),
('D15D4315C5B64BB2E6E17E0A4EBEB319','app_modules','Módulo','Módulos',NULL,'0E4B1126153FCBE256A6C781AD88E055',1,'module','table','fa-folder-open',0),
('D549E0FA5CB115B1904768FC95526F79','app_proceso_entidad','Proceso de entidad','Procesos de entidad','Secuencia de estados para facilitar la tramitación y secuencia de un estado a otro mediante transiciones permitidas.','881AE76B343D3FA19490ED05B852349A',1,'nombre','table','fa-circle-nodes',1),
('D8E58E608DB593F4EA32FC4605A2065E','ventas_pedidos_lineas','Línea de Pedido','Líneas de Pedido',NULL,'2BAA56D57128A664AD18DF268E31E49E',0,'Concepto','table',NULL,0),
('E4FE6D68F9B641C7958DD0221D953E3C','app_report_templates','Plantilla de informe','Informes','Tabla para almacenar informes pdf','0E4B1126153FCBE256A6C781AD88E055',1,'nombre','table','fa-file-code',8),
('E7F8AB4799E0C27385B9F2ACBFEFF04C','usuarios','Usuario','Usuarios',NULL,'FFD24C35C8D97E14CC5727399391C723',1,'login','table','fa-user',NULL),
('EB91FB64FE2288577B09EA24D0BB03C7','app_roles','Rol de seguridad','Roles de seguridad',NULL,'FFD24C35C8D97E14CC5727399391C723',1,'nombre','table','fa-shield',NULL),
('F1E43B2A0795284DE1CFEA2C5D057F32','imagenes','Imagen','Imagenes','tabla de imágenes de ejemplo','2BAA56D57128A664AD18DF268E31E49E',1,'nombre','table','fa-images',0),
('F2E98165F53B6ECAD8E23D49268D731A','app_report_queries','Consulta de Informe','Consultas de Informes',NULL,'0E4B1126153FCBE256A6C781AD88E055',0,'nombre','table',NULL,7);
/*!40000 ALTER TABLE `app_entities` ENABLE KEYS */;
UNLOCK TABLES;

--
-- Table structure for table `app_entity_columns`
--

DROP TABLE IF EXISTS `app_entity_columns`;
/*!40101 SET @saved_cs_client     = @@character_set_client */;
/*!40101 SET character_set_client = utf8mb4 */;
CREATE TABLE `app_entity_columns` (
  `id` char(32) NOT NULL,
  `id_entity` char(32) NOT NULL,
  `dbcolumn` varchar(50) NOT NULL,
  `type` varchar(50) NOT NULL,
  `max` int(11) NOT NULL,
  `label` varchar(50) NOT NULL,
  `hidden` tinyint(1) DEFAULT NULL,
  `value` varchar(255) DEFAULT NULL,
  `disabled` int(11) DEFAULT NULL,
  `lookup_table` varchar(50) DEFAULT NULL,
  `lookup_column` varchar(50) DEFAULT NULL,
  `lookup_description` varchar(50) DEFAULT NULL,
  `formula` text DEFAULT NULL,
  `dominio` varchar(20) DEFAULT NULL,
  `orden` int(11) DEFAULT NULL,
  `user_control` varchar(20) DEFAULT NULL,
  `required` int(11) DEFAULT NULL,
  PRIMARY KEY (`id`),
  KEY `FK_app_entity_columns_app_entities` (`id_entity`)
) ENGINE=InnoDB DEFAULT CHARSET=utf8mb3 COLLATE=utf8mb3_general_ci;
/*!40101 SET character_set_client = @saved_cs_client */;

--
-- Dumping data for table `app_entity_columns`
--

LOCK TABLES `app_entity_columns` WRITE;
/*!40000 ALTER TABLE `app_entity_columns` DISABLE KEYS */;
INSERT INTO `app_entity_columns` VALUES
('04186C1D35A6D91C67B7CD1A3B15EF6C','C0F34C980D8AC44DAB5B7148A9669AD8','id_cuenta','guid',50,'Cliente',0,NULL,0,'ventas_cuentas','id','nombre',NULL,NULL,2,'lookup',1),
('048388108F82F3A1AA0061C6410A6269','7358E0983B0D29080F4A52510854211B','descripcion','text',100,'descripcion',0,NULL,0,NULL,NULL,NULL,NULL,NULL,4,NULL,1),
('04F6C3630E3257F6C3004CBA7373DD75','10E08475520D5CC7603685D7A6338443','id_proceso','guid',50,'Proceso',0,NULL,0,'app_proceso_entidad','id','nombre',NULL,NULL,2,'lookup',0),
('051A3564AEFB4F9917384C332144C20F','C0F34C980D8AC44DAB5B7148A9669AD8','notas','textarea',50,'Notas a Pie',0,NULL,0,NULL,NULL,NULL,NULL,NULL,0,NULL,0),
('05283E163573FF789F179DEBDA0E5CDD','F2E98165F53B6ECAD8E23D49268D731A','id','guid',0,'id_consulta',1,NULL,0,NULL,NULL,NULL,NULL,NULL,0,NULL,0),
('07CCB9051436EB3B3DCB8B4701A9B94F','B5C1929F74F23B89F862B0D372CD71D1','code','textarea',50,'Codigo PHP',0,NULL,0,NULL,NULL,NULL,NULL,NULL,5,'phpcode',0),
('099C182FAEF4B39E1B6D5082198B1297','D549E0FA5CB115B1904768FC95526F79','id_entity','guid',50,'Entidad',0,NULL,0,'app_entities','id','entity',NULL,NULL,1,'lookup',1),
('09A5379F9FC664B5ABDB04184A3513DF','801702C306589191B3D37121137E9449','nombre','text',50,'Nombre Control',0,NULL,0,NULL,NULL,NULL,NULL,NULL,8,NULL,0),
('0A72C5E33B5F642ECAB5F87CF9D6BBE8','D549E0FA5CB115B1904768FC95526F79','fecha_modificacion','datetime',0,'fecha_modificacion',0,NULL,1,NULL,NULL,NULL,NULL,NULL,102,NULL,0),
('0A817C661F0D8482F6D3F4950538F278','7358E0983B0D29080F4A52510854211B','color','color',20,'Color',0,'#FFFFFF',0,NULL,NULL,NULL,NULL,NULL,5,NULL,0),
('0AB683F1FCD9987A7D9B339ADCAF1EAA','7D2C9C0CF3B893CA6EC55DC070198D44','id','guid',32,'id',1,NULL,0,NULL,NULL,NULL,NULL,NULL,0,NULL,0),
('0ACA25CA28EA1B7E306C4A0BC2918EE6','8A7584A9F47A9E6BD168FE208A4CBA9D','id_module','guid',0,'id_module',0,NULL,0,'app_modules','id','module',NULL,NULL,1,'lookup',1),
('0B68F73959A6409F8A3B2662C1DA9541','8CD7AC1F9330314D645F44BFAD6749C4','fecha_modificacion','datetime',0,'fecha_modificacion',0,NULL,1,NULL,NULL,NULL,NULL,NULL,102,NULL,0),
('0B6C8CC74CEFBD961E2036C8E6A61DB4','10E08475520D5CC7603685D7A6338443','id_fase','guid',50,'Fase actual',0,NULL,0,'app_fases_proceso','id','nombre',NULL,NULL,2,'lookup',0),
('0B92D03AB4711654F50CB2C1DBC4B6C2','BA0C16DF30A8A623EE49338EDBEFAB38','disabled','int',0,'disabled',0,'0',0,'','','','','SI_NO',9,'option',NULL),
('0B9ADD896E1C2C8B369B5BAB322FE289','79A1C516742E7B156ABC70C8AA6BED88','pwd','password',50,'Contraseña',0,NULL,0,NULL,NULL,NULL,NULL,NULL,1,NULL,1),
('0BCB9235AD48540715BD0917DB37288A','ADFECBA489ED9C6AC1E43F0980D503A3','direccion1','text',255,'Dirección 1',0,NULL,0,NULL,NULL,NULL,NULL,NULL,6,NULL,0),
('0C14D1D7C87A9BFAA97B2DE72DC8BCF0','B441B8665B9EABC7B180A757E687305B','apikey','text',50,'apikey',0,'',0,'','','','','',1,'',1),
('0CE54EB90EE5A0DBC10CAF2379AC5D2E','7D2C9C0CF3B893CA6EC55DC070198D44','peso','decimal',50,'Peso (Kg)',0,NULL,0,NULL,NULL,NULL,NULL,NULL,8,NULL,0),
('0CEEE4ED98CEE285B8FB8F552A42FD36','79A1C516742E7B156ABC70C8AA6BED88','pwd2','password',50,'Repetir Contraseña',0,NULL,0,NULL,NULL,NULL,NULL,NULL,2,NULL,1),
('0F6CBF2661D83CA5C1F902273A13C79D','BA0C16DF30A8A623EE49338EDBEFAB38','lookup_table','text',50,'lookup_table',0,'',0,'','','','','',10,'',NULL),
('105462139BFE9EC8827E8D703AE4CEA1','8A7584A9F47A9E6BD168FE208A4CBA9D','entity','text',50,'entity',0,NULL,0,NULL,NULL,NULL,NULL,NULL,2,NULL,1),
('1169106F2BFD7CE0149A16D70CBC1198','D549E0FA5CB115B1904768FC95526F79','nombre','text',100,'nombre',0,NULL,0,NULL,NULL,NULL,NULL,NULL,5,NULL,NULL),
('123F45039323E4CBE0A51BADADC0AE07','D8E58E608DB593F4EA32FC4605A2065E','fecha_modificacion','datetime',0,'fecha_modificacion',0,NULL,1,NULL,NULL,NULL,NULL,NULL,102,NULL,0),
('12D27095E593CC287B7FE3C931219B8F','801702C306589191B3D37121137E9449','orden','int',50,'orden',0,'0',0,NULL,NULL,NULL,NULL,NULL,5,NULL,1),
('133D558F526FD64217DFC486425045F6','35A30F1BCCCE6D3B8D512FAEAFCD6A01','filas','int',50,'Filas',0,NULL,0,NULL,NULL,NULL,NULL,NULL,5,NULL,0),
('16015F4C4C539C512BB689D3D648733E','A68EEE98E6B4784D4DFFC8BD9102F849','id','int',0,'id',1,NULL,0,NULL,NULL,NULL,NULL,NULL,0,NULL,NULL),
('16B294987D4A82A1F5F2B2F75BF8B56F','35A30F1BCCCE6D3B8D512FAEAFCD6A01','id_entity','guid',50,'Entidad',0,NULL,0,'app_entities','id','entity',NULL,NULL,1,'lookup',0),
('1733D3AA7AA1186198905A41B824CC91','35A30F1BCCCE6D3B8D512FAEAFCD6A01','fecha_modificacion','datetime',0,'fecha_modificacion',0,NULL,1,NULL,NULL,NULL,NULL,NULL,6,NULL,NULL),
('17741AB005DAF8A03C4DE6B24F506834','ADFECBA489ED9C6AC1E43F0980D503A3','ciudad','text',100,'Ciudad',0,NULL,0,NULL,NULL,NULL,NULL,NULL,8,NULL,0),
('1782F4DA3C4E0C59E0C9F9F74183C22B','2AAF5FB75C18B38E851D52C913976F89','tipo','text',50,'Tipo',0,'public',0,NULL,NULL,NULL,NULL,'VIEW_TYPE',3,'option',1),
('18CB04916911DAA012A32AD6A58918FE','D8E58E608DB593F4EA32FC4605A2065E','id_pedido','guid',50,'Pedido',0,NULL,0,'ventas_pedidos','id','codigo',NULL,NULL,1,'lookup',0),
('1CEA84B59A37705CA687030CB87E2F61','EB91FB64FE2288577B09EA24D0BB03C7','is_admin','int',50,'Es Super Admin',0,NULL,0,NULL,NULL,NULL,NULL,'SI_NO',2,'option',0),
('1F2E8C0524DFF2865B65DFFEBFBD5B36','BA0C16DF30A8A623EE49338EDBEFAB38','formula','textarea',65535,'formula',0,'',0,'','','','','',14,'',NULL),
('2187000B6132A519C002708DE459A846','79A1C516742E7B156ABC70C8AA6BED88','id_usuario','guid',50,'Usuario',0,NULL,0,'usuarios','id','login',NULL,NULL,0,'lookup',0),
('218E96609B1E3E6640F4946C1C6F2F34','744B2497EDAF0D610DA0D599DAF7F1CF','on_delete','text',50,'On Delete',0,'restrict',0,NULL,NULL,NULL,NULL,'RELATION_VEH',5,'option',0),
('21CA73F51180BD82F3F8EAEEFF63B930','744B2497EDAF0D610DA0D599DAF7F1CF','id','guid',32,'id',1,NULL,0,NULL,NULL,NULL,NULL,NULL,0,NULL,0),
('2306BB286063BE51C659AFA852728C5D','BF8DDEACFA3E95984DB5E2E08FCB8937','id_dominio','guid',50,'Dominio',0,NULL,0,'app_dominios','id','nombre',NULL,NULL,1,'lookup',1),
('2370ED703553EDB043F5F920B63CB807','AAF9DC82ED5D22043CC3AE2A9FF0825F','fecha_creacion','datetime',0,'fecha_creacion',0,NULL,1,NULL,NULL,NULL,NULL,NULL,100,NULL,0),
('24983E5C08DF89D077414B1C939237A7','7D2C9C0CF3B893CA6EC55DC070198D44','tipo_producto','text',20,'Tipo Producto',0,NULL,0,NULL,NULL,NULL,NULL,'TIPO_PRODUCTO',1,'option',1),
('24C302230F8A5ABC02241443BCF0AB9A','20AB28F839675213390C76A55A267945','nombre','text',100,'nombre',0,NULL,0,NULL,NULL,NULL,NULL,NULL,2,NULL,NULL),
('257B116D130B24B2AB31B175BB984776','B441B8665B9EABC7B180A757E687305B','id','int',0,'id',1,NULL,0,NULL,NULL,NULL,NULL,NULL,0,NULL,NULL),
('264660FEF90E0245F393026B7F468614','BAEE82C788A6272E749AB4DE5661FEF6','fecha_creacion','datetime',0,'fecha_creacion',0,NULL,1,NULL,NULL,NULL,NULL,NULL,6,NULL,NULL),
('268B6A96C07D76E9477DE9EB3408FB20','B0D9EB0533F678EA863976D6C156CD0E','fecha_creacion','datetime',0,'fecha_creacion',0,NULL,1,NULL,NULL,NULL,NULL,NULL,100,NULL,0),
('2849166AB8438CDDD7DE630D6E02065A','A68EEE98E6B4784D4DFFC8BD9102F849','order_by','text',255,'order_by',0,NULL,0,NULL,NULL,NULL,NULL,NULL,5,NULL,1),
('28B61B66554F25018F50B6601C59993A','D8E58E608DB593F4EA32FC4605A2065E','total_linea','decimal',50,'Total Línea',0,'0',1,NULL,NULL,NULL,NULL,NULL,10,NULL,0),
('2A235FC1CBBE94A5A03E5E3A206AFF74','BF8DDEACFA3E95984DB5E2E08FCB8937','descripcion','text',100,'descripcion',0,'',0,'','','','','',4,'',1),
('2B177EB602A56D9C7A3710A075ACAA3E','383D9E6BA1659044E079B71BCE51FE19','id','int',0,'id',1,'',0,'','','','','',1,'',NULL),
('2BEDEDBCBA71774D58441F91EE92C41D','801702C306589191B3D37121137E9449','id_seccion','guid',0,'id_seccion',0,NULL,0,'app_form_sections','id','nombre',NULL,NULL,1,'lookup',0),
('2D8CA88BF7CFD5095F2A8B88C4D0E3B1','927B4B2178AA3CFE5FCF935A7E391068','id_entity','guid',50,'Entidad',0,NULL,0,'app_entities','id','entity',NULL,NULL,1,'lookup',0),
('2E2C41208165B270DD4A2CC88C832365','AAF9DC82ED5D22043CC3AE2A9FF0825F','fecha_modificacion','datetime',0,'fecha_modificacion',0,NULL,1,NULL,NULL,NULL,NULL,NULL,99,NULL,0),
('2E4F8E41BF7B0000DE283CD8B0FCBFA0','AAF9DC82ED5D22043CC3AE2A9FF0825F','siguiente','int',50,'Siguiente',0,'1',0,NULL,NULL,NULL,NULL,NULL,4,NULL,1),
('304FF6F23774DF9F27F069ED82483817','7D2C9C0CF3B893CA6EC55DC070198D44','ancho','decimal',50,'Ancho (cm)',0,NULL,0,NULL,NULL,NULL,NULL,NULL,8,NULL,0),
('31926586DD9D876700DEE20CEF642514','3D87D8B6639DF0D570E9AB08F03853FD','pendientes','calc',50,'Pendientes',0,NULL,0,NULL,NULL,NULL,'select count(0) from app_tareas_proyectos where id_proyecto = {id} and estado_tarea=0',NULL,0,NULL,0),
('344DD7CA539D858D852810428822AE28','4AA656B01E4CC29891C6BB33A495B42E','id_proceso','guid',50,'Proceso',0,NULL,0,'app_proceso_entidad','id','nombre',NULL,NULL,1,'lookup',1),
('348D8D58696A0D95556B5CA1FC605E5C','E7F8AB4799E0C27385B9F2ACBFEFF04C','email','text',50,'Email',0,NULL,0,NULL,NULL,NULL,NULL,NULL,0,NULL,0),
('350F73FB17439AAA51C7D796E6003996','8CD7AC1F9330314D645F44BFAD6749C4','Concepto','textarea',100,'Concepto',0,NULL,0,NULL,NULL,NULL,NULL,NULL,4,NULL,0),
('3523A3F5BD2558E8499F058EF16D5B6C','7D2C9C0CF3B893CA6EC55DC070198D44','alto','decimal',50,'Alto (cm)',0,NULL,0,NULL,NULL,NULL,NULL,NULL,9,NULL,0),
('36487126766920E92BA8C0BD3A0D77B1','8CD7AC1F9330314D645F44BFAD6749C4','total_linea','decimal',50,'Total Línea',0,'0',1,NULL,NULL,NULL,NULL,NULL,10,NULL,0),
('364891F9D32373F98767B5A10A08C5A7','744B2497EDAF0D610DA0D599DAF7F1CF','id_entity','guid',50,'Entidad',0,NULL,0,'app_entities','id','entity',NULL,NULL,2,'lookup',0),
('36547D9CFFF7FCA072AA1240458D56B6','8A7584A9F47A9E6BD168FE208A4CBA9D','campo_principal','text',50,'Campo principal',0,NULL,0,NULL,NULL,NULL,NULL,NULL,6,NULL,0),
('37672112F7F2808E74555B438EBA5062','8CD7AC1F9330314D645F44BFAD6749C4','impuesto','decimal',50,'% Impuesto',0,'0',0,NULL,NULL,NULL,NULL,NULL,7,NULL,0),
('379BA802A8DBDDDDFA2782A27661567C','ADFECBA489ED9C6AC1E43F0980D503A3','codpostal','text',20,'Código Postal',0,NULL,0,NULL,NULL,NULL,NULL,NULL,10,NULL,0),
('394B483571C764B39E5C044CF9C41750','B0D9EB0533F678EA863976D6C156CD0E','id_area','guid',50,'Area',0,NULL,0,'app_form_areas','id','nombre',NULL,NULL,2,'lookup',0),
('3A2009F12CC2CC90F2F2B9A57B7131FC','D8E58E608DB593F4EA32FC4605A2065E','descuento','decimal',50,'% Descuento',0,'0',0,NULL,NULL,NULL,NULL,NULL,6,NULL,0),
('3A2BCEA460B4799A55E5E60B5B220EA4','BA7DBD3B1AD6A8EF5F9480A409E749B1','id_usuario','guid',50,'Usuario',0,NULL,0,'usuarios','id','login',NULL,NULL,1,'lookup',0),
('3AA385CF06153417560C621EF3BDBE04','490484A9474D03AB69738B7FC05D057C','fecha_modificacion','datetime',0,'fecha_modificacion',0,NULL,1,NULL,NULL,NULL,NULL,NULL,99,NULL,0),
('3B17A39F7AB257CBA7CD8D4970AB627C','4AA656B01E4CC29891C6BB33A495B42E','id','guid',32,'id',1,NULL,0,NULL,NULL,NULL,NULL,NULL,0,NULL,0),
('3B7CD21CBAF0D2C5BD93297BA4717CFA','927B4B2178AA3CFE5FCF935A7E391068','read_access','int',50,'Lectura',0,'1',0,NULL,NULL,NULL,NULL,'SI_NO',3,'option',0),
('3E68C9A375668D406129F7633AF524A9','D15D4315C5B64BB2E6E17E0A4EBEB319','id','int',0,'id',1,NULL,0,NULL,NULL,NULL,NULL,NULL,0,NULL,NULL),
('3E94E7317C82A353D8A63C871778E004','BAEE82C788A6272E749AB4DE5661FEF6','estado_tarea','int',50,'Estado Tarea',0,'0',0,NULL,NULL,NULL,NULL,'ESTADO_TAREA',2,'option',1),
('3EA6DC5C05AAE19469D8ABFEA3407DFD','7535F4201F546632A5522B98C33EB9E8','fecha_creacion','datetime',0,'fecha_creacion',0,NULL,1,NULL,NULL,NULL,NULL,NULL,4,NULL,NULL),
('3EB6F3D181DD229C153840085DC2940E','C36B36838A064DEBA5AC90B2361920CC','query','textarea',65535,'query',0,NULL,0,NULL,NULL,NULL,NULL,NULL,3,NULL,0),
('3FE1376B953E0882E4FCC85B29D0BB67','490484A9474D03AB69738B7FC05D057C','total_neto','decimal',4,'Total Neto',0,'0',1,NULL,NULL,NULL,NULL,NULL,3,NULL,0),
('4184D37FDDA94B7E4DF2CD11A9B4287C','E7F8AB4799E0C27385B9F2ACBFEFF04C','pwd','password',50,'pwd',0,'',0,'','','','','',2,NULL,NULL),
('4291A43C8C35F755C3BF73F46706D59B','383D9E6BA1659044E079B71BCE51FE19','id_form','guid',50,'Formulario',0,NULL,0,'app_forms','id','nombre',NULL,NULL,1,'lookup',0),
('438621935ECE6001F94B5CC93A3E819A','490484A9474D03AB69738B7FC05D057C','estado','int',50,'Estado',0,'0',0,NULL,NULL,NULL,NULL,'ESTADO_OFERTA',0,'option',0),
('43CF770B611D90450A793798935E2F21','68BE6D4857B45CC219DBA380485C0FBF','nombre','text',100,'nombre',0,NULL,0,NULL,NULL,NULL,NULL,NULL,1,NULL,NULL),
('43F7F2CFF128F8F2F8CC4F623CA66678','35A30F1BCCCE6D3B8D512FAEAFCD6A01','fecha_creacion','datetime',0,'fecha_creacion',0,NULL,1,NULL,NULL,NULL,NULL,NULL,7,NULL,NULL),
('44B487070F007CC3AC0038FDC2D6ABA4','AAF9DC82ED5D22043CC3AE2A9FF0825F','prefijo','text',10,'Prefijo',0,NULL,0,NULL,NULL,NULL,NULL,NULL,2,NULL,0),
('462404B0F006928F6716259EE69C7AD1','C0F34C980D8AC44DAB5B7148A9669AD8','importe_total','decimal',4,'Importe Total',0,'0',1,NULL,NULL,NULL,NULL,NULL,6,NULL,0),
('4637121CBCB2721E62911713904A09FE','3CF1E2021536FE5F6A1E975A2CEEDA01','fecha_modificacion','datetime',0,'fecha_modificacion',0,NULL,1,NULL,NULL,NULL,NULL,NULL,2,NULL,NULL),
('469C4D73236962E0C1BD547C9052A23E','C0F34C980D8AC44DAB5B7148A9669AD8','fecha_pedido','date',50,'Fecha Pedido',0,NULL,0,NULL,NULL,NULL,NULL,NULL,0,NULL,0),
('4722D05E2795D7A3E7EE7AEFFDEDB41F','D8E58E608DB593F4EA32FC4605A2065E','impuestos','decimal',50,'Impuestos',0,'0',1,NULL,NULL,NULL,NULL,NULL,7,NULL,0),
('478D1FE22374BC9DC711E6581AAD6685','927B4B2178AA3CFE5FCF935A7E391068','insert_access','int',50,'Inserción',0,'1',0,NULL,NULL,NULL,NULL,'SI_NO',3,'option',0),
('4892532F077ACF2692FF6D044696951A','EB91FB64FE2288577B09EA24D0BB03C7','id','guid',32,'id',1,NULL,0,NULL,NULL,NULL,NULL,NULL,0,NULL,0),
('498BFF16EADF561EA9AA603B876FD4B1','B5C1929F74F23B89F862B0D372CD71D1','estado','int',0,'Estado',0,NULL,0,NULL,NULL,NULL,NULL,'ESTADOS',1,'option',NULL),
('49BF946251D2B2E960F036BA6B975F83','A68EEE98E6B4784D4DFFC8BD9102F849','tipo','text',50,'Tipo',0,'public',0,NULL,NULL,NULL,NULL,'CHART_TYPE',3,'option',1),
('4A339C7E35C17E0A17EB95179D4EBB7B','35A30F1BCCCE6D3B8D512FAEAFCD6A01','tipo','text',50,'Tipo',0,'main',0,NULL,NULL,NULL,NULL,'FORM_TYPE',3,'option',1),
('4ABC0743D0BD84431221376BBBA2E279','7358E0983B0D29080F4A52510854211B','id','int',0,'id',1,NULL,0,NULL,NULL,NULL,NULL,NULL,0,NULL,0),
('4B2E8B053F961A0D82F2CAA73F475E29','7535F4201F546632A5522B98C33EB9E8','codigo','text',20,'Codigo',0,NULL,0,NULL,NULL,NULL,NULL,NULL,1,NULL,1),
('4C81FEE1C5FE913083B20FAAE226CFC0','801702C306589191B3D37121137E9449','id_vista','guid',0,'id_vista',0,NULL,0,'app_views','id','name',NULL,NULL,5,'lookup',0),
('4DD88B453FD5ACBFEEFE2EB9C12A02BA','B0D9EB0533F678EA863976D6C156CD0E','orden','int',50,'orden',0,NULL,0,NULL,NULL,NULL,NULL,NULL,6,NULL,0),
('4FEAFBA4E3F3B4D5936E768E7E7837CE','D8E58E608DB593F4EA32FC4605A2065E','total_impuestos','decimal',50,'Total Impuestos',0,'0',1,NULL,NULL,NULL,NULL,NULL,9,NULL,0),
('502970DD07C1F31BEC9FB40FD05AE756','927B4B2178AA3CFE5FCF935A7E391068','id','guid',32,'id',0,NULL,0,NULL,NULL,NULL,NULL,NULL,0,NULL,NULL),
('50CB16140D24B2918DB28A4114F0A452','4AA656B01E4CC29891C6BB33A495B42E','tipo_fase','int',50,'Tipo de fase',0,NULL,0,NULL,NULL,NULL,NULL,'TIPO_FASE_PROCESO',2,'option',0),
('51591F90528598FA22FB97129D140A7A','AAF9DC82ED5D22043CC3AE2A9FF0825F','nombre','text',100,'nombre',0,NULL,0,NULL,NULL,NULL,NULL,NULL,1,NULL,NULL),
('516DBB7F38F72D0E9EB79496E13C600E','E7F8AB4799E0C27385B9F2ACBFEFF04C','foto','file',255,'Foto',0,NULL,0,NULL,NULL,NULL,NULL,NULL,0,'image',0),
('519457F6C694D82CAA63909639DF3652','CC4FC092381ABB28C3EF1F6F7160FC83','orden','int',50,'Orden',0,NULL,0,NULL,NULL,NULL,NULL,NULL,4,NULL,0),
('525F12F514050C5A2C5F59929F73C83F','BA0C16DF30A8A623EE49338EDBEFAB38','id_entity','guid',0,'id_entity',0,NULL,0,'app_entities','id','entity',NULL,NULL,1,'lookup',0),
('532D84FD241ED9041F1B31197BB05282','D15D4315C5B64BB2E6E17E0A4EBEB319','folder','text',50,'folder',0,'',0,'','','','','',2,NULL,NULL),
('5415EE1CA2F29AAC220B3B5AE9B3AF3B','ADFECBA489ED9C6AC1E43F0980D503A3','email','text',50,'Email',0,NULL,0,NULL,NULL,NULL,NULL,NULL,3,NULL,0),
('54F62615BC2494D205753B9D4B65DAF3','68BE6D4857B45CC219DBA380485C0FBF','id','guid',32,'id',1,NULL,0,NULL,NULL,NULL,NULL,NULL,0,NULL,0),
('565A54040A435E7555B7F18CF132AA30','8A7584A9F47A9E6BD168FE208A4CBA9D','plural_name','text',100,'plural_name',0,NULL,0,NULL,NULL,NULL,NULL,NULL,5,NULL,1),
('585A7111B34607C37D8CA91CABD94F5A','D8E58E608DB593F4EA32FC4605A2065E','precio','decimal',50,'Precio',0,'0',0,NULL,NULL,NULL,NULL,NULL,5,NULL,0),
('58C192CECEA8A5E1280F51584D699CE5','35A30F1BCCCE6D3B8D512FAEAFCD6A01','id','int',0,'id',1,NULL,0,NULL,NULL,NULL,NULL,NULL,0,NULL,NULL),
('5AFD0172372D192EDC0EA35916CDAE18','D15D4315C5B64BB2E6E17E0A4EBEB319','module','text',50,'module',0,NULL,0,NULL,NULL,NULL,NULL,NULL,1,NULL,NULL),
('5E2AD291F50E76D76F3362020AF6CB95','2AAF5FB75C18B38E851D52C913976F89','search_fields','text',255,'search_fields',0,NULL,0,NULL,NULL,NULL,NULL,NULL,6,NULL,NULL),
('5FF5E7F2F71283789276A3B753448150','BA0C16DF30A8A623EE49338EDBEFAB38','type','text',50,'type',0,'text',0,NULL,NULL,NULL,NULL,'COLUMN_TYPE',4,'option',1),
('606747611C9CE93FC943E68DEA2D1B6F','20AB28F839675213390C76A55A267945','id_fase_inicio','guid',50,'Fase inicio',0,NULL,0,'app_fases_proceso','id','nombre',NULL,NULL,3,'lookup',1),
('60FE3ED7829AFDD0D461F4CE971B8534','8CD7AC1F9330314D645F44BFAD6749C4','total_neto','decimal',50,'Total Neto',0,'0',1,NULL,NULL,NULL,NULL,NULL,8,NULL,0),
('61363E28042037CC142B94692235B15E','2AAF5FB75C18B38E851D52C913976F89','id','int',0,'id',1,NULL,0,NULL,NULL,NULL,NULL,NULL,0,NULL,NULL),
('6216C3C42C39FBAFE2EA54A50C992690','7D2C9C0CF3B893CA6EC55DC070198D44','ean_code','text',50,'EAN',0,NULL,0,NULL,NULL,NULL,NULL,NULL,4,NULL,0),
('621AB746CE6999F1BD59D547C73EC323','F1E43B2A0795284DE1CFEA2C5D057F32','id','guid',32,'id',1,NULL,0,NULL,NULL,NULL,NULL,NULL,0,NULL,0),
('63F417ED3169B62961B924995F01A41E','BA0C16DF30A8A623EE49338EDBEFAB38','dominio','text',20,'dominio',0,'',0,'','','','','',15,'',NULL),
('64C2DC32B7C483950EA096AFD53F87FD','EB91FB64FE2288577B09EA24D0BB03C7','description','text',255,'Descripcion',0,NULL,0,NULL,NULL,NULL,NULL,NULL,3,NULL,0),
('657DC8EDDF7E2CFDBFC8C8C7F657DD3B','10E08475520D5CC7603685D7A6338443','nombre','text',100,'nombre',0,NULL,0,NULL,NULL,NULL,NULL,NULL,1,NULL,NULL),
('6659694367C002E435F503AD1A1D2EA8','BA0C16DF30A8A623EE49338EDBEFAB38','value','text',255,'Valor por defecto',0,NULL,0,NULL,NULL,NULL,NULL,NULL,8,NULL,0),
('689F81F1A89FF27D308DEAFC98D0A041','8A7584A9F47A9E6BD168FE208A4CBA9D','icon','text',50,'Fontawesome icon',0,NULL,0,NULL,NULL,NULL,NULL,NULL,9,NULL,0),
('6904F3642CD04FC516E270B87ABF076D','7358E0983B0D29080F4A52510854211B','codigo','text',20,'codigo',0,NULL,0,NULL,NULL,NULL,NULL,NULL,3,NULL,1),
('694A8AD337B6269277B3057291E0B460','8CD7AC1F9330314D645F44BFAD6749C4','id','guid',32,'id',1,NULL,0,NULL,NULL,NULL,NULL,NULL,0,NULL,0),
('6A97C7E8807E94F6862A4B5957804E22','D8E58E608DB593F4EA32FC4605A2065E','id','guid',32,'id',1,NULL,0,NULL,NULL,NULL,NULL,NULL,0,NULL,0),
('6B138532E42DB92DEB6391F07D36FBDE','AAF9DC82ED5D22043CC3AE2A9FF0825F','anio','int',50,'Año',0,NULL,0,NULL,NULL,NULL,NULL,NULL,3,NULL,0),
('6D3390F460D07227F866DE224ECC2C35','8CD7AC1F9330314D645F44BFAD6749C4','fecha_creacion','datetime',0,'fecha_creacion',0,NULL,1,NULL,NULL,NULL,NULL,NULL,102,NULL,0),
('6E27B5ACDC04AC6CA819D8906F46BB58','D8E58E608DB593F4EA32FC4605A2065E','fecha_creacion','datetime',0,'fecha_creacion',0,NULL,1,NULL,NULL,NULL,NULL,NULL,102,NULL,0),
('6EF24F4C7E3CD63AC58566197CD3B38F','490484A9474D03AB69738B7FC05D057C','fecha_creacion','datetime',0,'fecha_creacion',0,NULL,1,NULL,NULL,NULL,NULL,NULL,100,NULL,0),
('70E04FB5C9412237609AA402E1B1BCBF','BF8DDEACFA3E95984DB5E2E08FCB8937','codigo','text',20,'codigo',0,'',0,'','','','','',3,'',1),
('71FFC9809EF315BE2BDC4A87CE55E4A5','7D2C9C0CF3B893CA6EC55DC070198D44','nombre','text',100,'nombre',0,NULL,0,NULL,NULL,NULL,NULL,NULL,2,NULL,NULL),
('723D1BBF9E39DD6698392F062D659971','ADFECBA489ED9C6AC1E43F0980D503A3','id','guid',32,'id',1,NULL,0,NULL,NULL,NULL,NULL,NULL,1,NULL,0),
('72700F99DB66EE6D1314C7AC6970A18F','35A30F1BCCCE6D3B8D512FAEAFCD6A01','columnas','int',50,'Columnas',0,NULL,0,NULL,NULL,NULL,NULL,NULL,4,NULL,0),
('744BF2D0B196A9BB49CC283622841BE8','490484A9474D03AB69738B7FC05D057C','fecha_oferta','date',50,'Fecha Oferta',0,NULL,0,NULL,NULL,NULL,NULL,NULL,0,NULL,0),
('74DEEFEDC0787AE2772863B1F6C122C4','C36B36838A064DEBA5AC90B2361920CC','es_notificacion','int',0,'es_notificacion',0,NULL,0,NULL,NULL,NULL,NULL,'SI_NO',2,'option',0),
('74F3A23BF5B7E31527E494A61AA48FEC','490484A9474D03AB69738B7FC05D057C','importe_total','decimal',4,'Importe Total',0,'0',1,NULL,NULL,NULL,NULL,NULL,6,NULL,0),
('751F1B53126108CC56D7A46367E1C57B','C0F34C980D8AC44DAB5B7148A9669AD8','valido_hasta','date',50,'Valido Hasta',0,NULL,0,NULL,NULL,NULL,NULL,NULL,0,NULL,0),
('77175612A9007D3E863CE5274D86D40C','E7F8AB4799E0C27385B9F2ACBFEFF04C','nombre','text',50,'Nombre',0,NULL,0,NULL,NULL,NULL,NULL,NULL,0,NULL,0),
('782FEDC3B818A6C89BA5A0120CB0DC9B','3D87D8B6639DF0D570E9AB08F03853FD','iniciadas','calc',50,'Iniciadas',0,NULL,0,NULL,NULL,NULL,'select count(0) from app_tareas_proyectos where id_proyecto = {id} and estado_tarea=1',NULL,0,NULL,0),
('792DEDBEE46777B70E2B04B0367B9571','D0C612375F9E63892267287FC23D366E','id','guid',0,'id_param',1,NULL,0,NULL,NULL,NULL,NULL,NULL,1,NULL,0),
('7C31FFF5890C0C0FC3E17F45D4F5CB41','F1E43B2A0795284DE1CFEA2C5D057F32','imagen','file',50,'Imagen',0,NULL,0,NULL,NULL,NULL,NULL,NULL,2,'image',0),
('7F0D1CE60713426CB03230DEDB4C19ED','EB91FB64FE2288577B09EA24D0BB03C7','nombre','text',100,'nombre',0,NULL,0,NULL,NULL,NULL,NULL,NULL,1,NULL,NULL),
('80A7703BC2DFF40B2337A3C85B297B67','7D2C9C0CF3B893CA6EC55DC070198D44','imagen','file',50,'imagen',0,NULL,0,NULL,NULL,NULL,NULL,NULL,11,'image',0),
('8101B026AC810E0BA5E5F2F88BA054F0','C36B36838A064DEBA5AC90B2361920CC','id','guid',0,'id_consulta',1,NULL,0,NULL,NULL,NULL,NULL,NULL,0,NULL,0),
('813576E2891421E12E54C16BD4313E2F','A9BC1252645E7B10B92A1C75E8D6E4EF','filename','text',60,'filename',0,NULL,0,NULL,NULL,NULL,NULL,NULL,4,NULL,NULL),
('81769125D1C48B0D965529A0F7090C6D','F2E98165F53B6ECAD8E23D49268D731A','id_template','guid',50,'Plantilla',0,NULL,0,'app_report_templates','id','nombre',NULL,NULL,0,'lookup',0),
('81C5ED6920B49942BCD93E887B922D07','ADFECBA489ED9C6AC1E43F0980D503A3','region','text',50,'Region',0,NULL,0,NULL,NULL,NULL,NULL,NULL,9,NULL,0),
('82D4AAEA516B3F6063098DBB31B5D28E','A5C38664EA80732ED4E9625464F1253C','code','textarea',50,'Codigo PHP',0,NULL,0,NULL,NULL,NULL,NULL,NULL,5,'phpcode',0),
('82EBD1E56E148EA7E60DE345073826E8','BA7DBD3B1AD6A8EF5F9480A409E749B1','id_rol','guid',50,'Rol',0,NULL,0,'app_roles','id','nombre',NULL,NULL,2,'lookup',0),
('8396E0A4930113D0D583F641037208A8','744B2497EDAF0D610DA0D599DAF7F1CF','name','text',100,'name',0,NULL,0,NULL,NULL,NULL,NULL,NULL,1,NULL,0),
('839CA396B8CAAAD22F6AC080C7EF8ED2','927B4B2178AA3CFE5FCF935A7E391068','write_access','int',50,'Escritura',0,'1',0,NULL,NULL,NULL,NULL,'SI_NO',4,'option',0),
('83B89C2E2C859D87509A56062F24462C','ADFECBA489ED9C6AC1E43F0980D503A3','nif','text',20,'NIF/CIF',0,NULL,0,NULL,NULL,NULL,NULL,NULL,4,NULL,0),
('86095496C75C2F2E4CD6948B6E9B37AB','BA0C16DF30A8A623EE49338EDBEFAB38','id','int',0,'id',1,NULL,0,NULL,NULL,NULL,NULL,NULL,0,NULL,0),
('8673FEA7E7B175DE2563BDFFB385DEFE','10E08475520D5CC7603685D7A6338443','fecha_modificacion','datetime',0,'fecha_modificacion',0,NULL,1,NULL,NULL,NULL,NULL,NULL,100,NULL,0),
('868716C27D9B1EBC732AB3BC8D48FB62','8A7584A9F47A9E6BD168FE208A4CBA9D','tipo_entidad','text',20,'Tipo Entidad',0,'table',0,NULL,NULL,NULL,NULL,'ENTITY_TYPE',3,'option',1),
('86D7ABFB7059397D9AE683E12089C948','CC4FC092381ABB28C3EF1F6F7160FC83','id','guid',32,'id',1,NULL,0,NULL,NULL,NULL,NULL,NULL,0,NULL,0),
('872A193ABF8F1CBD2728F0D225A6BBA0','68BE6D4857B45CC219DBA380485C0FBF','usuario','text',100,'usuario',0,NULL,0,NULL,NULL,NULL,NULL,NULL,2,NULL,0),
('87E2DAB62A36AED72339293FEC8C5381','801702C306589191B3D37121137E9449','id_grafico','guid',0,'id_grafico',0,NULL,0,'app_graphics','id','name',NULL,NULL,5,'lookup',0),
('88C6B792907C6C365CBBD38FD5218139','C36B36838A064DEBA5AC90B2361920CC','nombre','text',100,'nombre',0,NULL,0,NULL,NULL,NULL,NULL,NULL,1,NULL,NULL),
('8966A2AF6D0695A6FE0A0DC77EC271E2','8CD7AC1F9330314D645F44BFAD6749C4','cantidad','decimal',50,'Cantidad',0,'1',0,NULL,NULL,NULL,NULL,NULL,5,NULL,0),
('89773996BF97764AD05164DBF42C40A5','4AA656B01E4CC29891C6BB33A495B42E','valor','text',50,'valor',0,NULL,0,NULL,NULL,NULL,NULL,NULL,4,NULL,1),
('8AE214D7A216357568D67DF7272564EA','BF8DDEACFA3E95984DB5E2E08FCB8937','dominio','text',20,'dominio',0,'',0,'','','','','',2,'',1),
('8B22C80B47C4ADD0D1610765DF1F791B','CC4FC092381ABB28C3EF1F6F7160FC83','icon','text',50,'Fontawesome icon',0,NULL,0,NULL,NULL,NULL,NULL,NULL,5,NULL,0),
('8B7FDEAC9888C2C3EA865EA523D3D8A2','7D2C9C0CF3B893CA6EC55DC070198D44','coste','decimal',50,'Coste',0,'0',0,NULL,NULL,NULL,NULL,NULL,6,NULL,0),
('8CD13FA361A66225B4A49D8E9C3274C5','A5C38664EA80732ED4E9625464F1253C','estado','int',0,'Estado',0,'',0,'','','','','ESTADOS',1,'option',NULL),
('8CDB42F46CB7AE0233FA2AD7349B9FBB','4AA656B01E4CC29891C6BB33A495B42E','fecha_creacion','datetime',0,'fecha_creacion',0,NULL,1,NULL,NULL,NULL,NULL,NULL,99,NULL,0),
('8CDB72A0737D96990FC76A50F04B8AF8','8CD7AC1F9330314D645F44BFAD6749C4','impuestos','decimal',50,'Impuestos',0,'0',1,NULL,NULL,NULL,NULL,NULL,7,NULL,0),
('8DA6F4D3D1B407CA834E26B806357555','4AA656B01E4CC29891C6BB33A495B42E','orden','int',50,'orden',0,NULL,0,NULL,NULL,NULL,NULL,NULL,3,NULL,0),
('8EA75ADB3588073F3BA26CE7B541CC52','68BE6D4857B45CC219DBA380485C0FBF','fecha_creacion','datetime',0,'fecha_creacion',0,NULL,1,NULL,NULL,NULL,NULL,NULL,5,NULL,NULL),
('8ED7C3DB4C10A6CBFF6176EECDB2D921','E7F8AB4799E0C27385B9F2ACBFEFF04C','apellidos','text',50,'Apellidos',0,NULL,0,NULL,NULL,NULL,NULL,NULL,0,NULL,0),
('900A5D2E31AFC80D15460003A2F0A9A0','3CF1E2021536FE5F6A1E975A2CEEDA01','id','guid',32,'id',1,NULL,0,NULL,NULL,NULL,NULL,NULL,0,NULL,0),
('9065F52A5E8B6AB4966B1EE53871E73E','A68EEE98E6B4784D4DFFC8BD9102F849','query','textarea',65535,'query',0,NULL,0,NULL,NULL,NULL,NULL,NULL,4,NULL,NULL),
('90C8DCB18A4A9916C6472C7C7B8B5841','A68EEE98E6B4784D4DFFC8BD9102F849','label_field','text',255,'Label field',0,NULL,0,NULL,NULL,NULL,NULL,NULL,6,NULL,1),
('91BA25859A993A21AD55C58C782D2DA0','801702C306589191B3D37121137E9449','label','text',50,'Label de la vista',0,NULL,0,NULL,NULL,NULL,NULL,NULL,7,NULL,0),
('91FB9BCD634B119BEA89CD16045617B7','8CD7AC1F9330314D645F44BFAD6749C4','orden','int',50,'Orden',0,NULL,0,NULL,NULL,NULL,NULL,NULL,2,NULL,0),
('93A8F3861B9E24E0B5D2300CBA443013','7358E0983B0D29080F4A52510854211B','id_dominio','guid',50,'Dominio',0,NULL,0,'app_dominios','id','nombre',NULL,NULL,1,'lookup',1),
('93BEFB82CCAE9C6E3C76AB6BE07B1CB9','BAEE82C788A6272E749AB4DE5661FEF6','nombre','text',100,'nombre',0,NULL,0,NULL,NULL,NULL,NULL,NULL,4,NULL,NULL),
('94522D916DBFCAA578EF968FBA6DF83C','2AAF5FB75C18B38E851D52C913976F89','query','textarea',65535,'query',0,NULL,0,NULL,NULL,NULL,NULL,NULL,4,NULL,NULL),
('95017DF70A3E1244CDC0695684401C26','B5C1929F74F23B89F862B0D372CD71D1','filename','text',60,'filename',0,NULL,0,NULL,NULL,NULL,NULL,NULL,4,NULL,NULL),
('962541EFCEF43DB8434B246D9139FDFB','4AA656B01E4CC29891C6BB33A495B42E','fecha_modificacion','datetime',0,'fecha_modificacion',0,NULL,1,NULL,NULL,NULL,NULL,NULL,100,NULL,0),
('96DBB0FD7C9B3F15BB339DDE52B79555','E7F8AB4799E0C27385B9F2ACBFEFF04C','id','guid',0,'id',1,NULL,0,NULL,NULL,NULL,NULL,NULL,0,NULL,0),
('97D665B044F3359C132285AA3B68D27F','7535F4201F546632A5522B98C33EB9E8','id','guid',32,'id',1,NULL,0,NULL,NULL,NULL,NULL,NULL,0,NULL,0),
('97E6810200B7C8B83F44108103DAAD31','2AAF5FB75C18B38E851D52C913976F89','up_down_field','text',50,'up_down_field',0,NULL,0,NULL,NULL,NULL,NULL,NULL,9,NULL,0),
('98CD74D6E3EFBD3D7076EB5A91D4C1C2','F1E43B2A0795284DE1CFEA2C5D057F32','nombre','text',100,'nombre',0,NULL,0,NULL,NULL,NULL,NULL,NULL,1,NULL,NULL),
('996A99FBD00731EAD0F7BC73BF50A066','BAEE82C788A6272E749AB4DE5661FEF6','fecha_modificacion','datetime',0,'fecha_modificacion',0,NULL,1,NULL,NULL,NULL,NULL,NULL,7,NULL,NULL),
('997C8CD741D3E1A2BC5A85CDFBA16DAD','927B4B2178AA3CFE5FCF935A7E391068','id_rol','guid',50,'Rol',0,NULL,0,'app_roles','id','nombre',NULL,NULL,2,'lookup',0),
('999E6C68878F4986034F1D37ACBC7858','BAEE82C788A6272E749AB4DE5661FEF6','descripcion','textarea',500,'Descripción',0,NULL,0,NULL,NULL,NULL,NULL,NULL,5,'richtext',0),
('99D173B47084C7613A42AA360C4BCC1F','2AAF5FB75C18B38E851D52C913976F89','image_fields','text',100,'Campos Imagen',0,NULL,0,NULL,NULL,NULL,NULL,NULL,8,NULL,0),
('99D86ED4499F59843C661B71B18400B3','7358E0983B0D29080F4A52510854211B','dominio','text',50,'cod_dominio',0,NULL,0,NULL,NULL,NULL,NULL,NULL,0,NULL,0),
('99EE8BB75826A53EB21A650A93AFA930','B0D9EB0533F678EA863976D6C156CD0E','label','text',100,'Label',0,NULL,0,NULL,NULL,NULL,NULL,NULL,4,NULL,0),
('9A00787CB5B8EF5CD86122A37F79EC10','A9BC1252645E7B10B92A1C75E8D6E4EF','code','textarea',50,'Codigo Script',0,NULL,0,NULL,NULL,NULL,NULL,NULL,5,'javascript',0),
('9B04B0BBC7A832E7656FB815C0C6B2C8','68BE6D4857B45CC219DBA380485C0FBF','fecha_modificacion','datetime',0,'fecha_modificacion',0,NULL,1,NULL,NULL,NULL,NULL,NULL,5,NULL,NULL),
('9B73328C793D1E706C39F8691268824C','D0C612375F9E63892267287FC23D366E','param','text',50,'param',0,NULL,0,NULL,NULL,NULL,NULL,NULL,2,NULL,NULL),
('9BF24EC2645550BD7E142B8C1C470052','ADFECBA489ED9C6AC1E43F0980D503A3','telefono','text',50,'Teléfono',0,NULL,0,NULL,NULL,NULL,NULL,NULL,5,NULL,0),
('9DC567A6C1E0B9893CFD6D3796F52A3A','D8E58E608DB593F4EA32FC4605A2065E','orden','int',50,'Orden',0,NULL,0,NULL,NULL,NULL,NULL,NULL,2,NULL,0),
('9DE7BA61374DD6EEE3E02067706131E5','7D2C9C0CF3B893CA6EC55DC070198D44','precio','decimal',50,'Precio',0,'0',0,NULL,NULL,NULL,NULL,NULL,5,NULL,0),
('9E0F6D246C87A12D425394E8C49E4D8B','A5C38664EA80732ED4E9625464F1253C','filename','text',60,'filename',0,NULL,0,NULL,NULL,NULL,NULL,NULL,4,NULL,0),
('9F1FC74B2D5F4C9B645CE375AC342131','2AAF5FB75C18B38E851D52C913976F89','name','text',255,'name',0,NULL,0,NULL,NULL,NULL,NULL,NULL,1,NULL,1),
('9F5B4BD0DED4D9407FB1EBF909DD903C','C0F34C980D8AC44DAB5B7148A9669AD8','codigo','text',100,'codigo',0,NULL,1,NULL,NULL,NULL,NULL,NULL,1,NULL,0),
('9FD750A8402BDD8A83D58DFA98BF5FB2','490484A9474D03AB69738B7FC05D057C','valido_hasta','date',50,'Valido Hasta',0,NULL,0,NULL,NULL,NULL,NULL,NULL,0,NULL,0),
('A0029EACAD3521FB5944C1E1848FBDA8','801702C306589191B3D37121137E9449','view_column_rel','text',50,'view_column_rel',0,'',0,'','','','','',6,'',NULL),
('A20B177C9DDAAD4914B6EF2767B63552','D15D4315C5B64BB2E6E17E0A4EBEB319','orden','int',50,'Orden',0,'0',0,NULL,NULL,NULL,NULL,NULL,2,NULL,1),
('A2144D921F3BB4DF9B7FA8D3985DAD25','8A7584A9F47A9E6BD168FE208A4CBA9D','singular_name','text',100,'singular_name',0,NULL,0,NULL,NULL,NULL,NULL,NULL,4,NULL,1),
('A30368C75F8F36AA2E6C1D011649236F','F2E98165F53B6ECAD8E23D49268D731A','query','textarea',65535,'query',0,NULL,0,NULL,NULL,NULL,NULL,NULL,3,NULL,NULL),
('A448CAB64532B911491DA3F555E8386D','D549E0FA5CB115B1904768FC95526F79','status','status',50,'status',0,NULL,0,NULL,NULL,NULL,NULL,'ESTADOS',2,'option',0),
('A61EB2294E9F2F77F58D2C554BD75174','744B2497EDAF0D610DA0D599DAF7F1CF','on_update','text',50,'On Update',0,'restrict',0,NULL,NULL,NULL,NULL,'RELATION_VEH',6,'option',0),
('A74A99BA573A1FB76C5CF1BCDD00AAE4','E7F8AB4799E0C27385B9F2ACBFEFF04C','login','text',50,'login',0,NULL,0,NULL,NULL,NULL,NULL,NULL,1,NULL,NULL),
('A8199873BD1288C9ABCC60E59896CC26','4AA656B01E4CC29891C6BB33A495B42E','nombre','text',100,'nombre',0,NULL,0,NULL,NULL,NULL,NULL,NULL,1,NULL,NULL),
('A98268F9D96492B6A891F77AF81B870C','20AB28F839675213390C76A55A267945','id_proceso','guid',50,'Proceso',0,NULL,0,'app_proceso_entidad','id','nombre',NULL,NULL,1,'lookup',1),
('AA897F7A5687FCCB21FF5975B85E75E3','C0F34C980D8AC44DAB5B7148A9669AD8','fecha_modificacion','datetime',0,'fecha_modificacion',0,NULL,1,NULL,NULL,NULL,NULL,NULL,99,NULL,0),
('AB6692540A79D5108CE089A295532237','BAEE82C788A6272E749AB4DE5661FEF6','id','guid',32,'id',1,NULL,0,NULL,NULL,NULL,NULL,NULL,0,NULL,0),
('ABF9FC61FAC3CC7C97F7027A8E301225','A5C38664EA80732ED4E9625464F1253C','id','int',0,'id',1,'',0,'','','','','',0,'',NULL),
('AD2E38F0B318793E2E65E20FC8032449','801702C306589191B3D37121137E9449','id','guid',0,'id',1,NULL,0,NULL,NULL,NULL,NULL,NULL,0,NULL,0),
('AD868FD1E73C84AA0320DED9B4D84D84','C0F34C980D8AC44DAB5B7148A9669AD8','fecha_prevista_entrega','date',50,'Fecha Prevista Entrega',0,NULL,0,NULL,NULL,NULL,NULL,NULL,0,NULL,0),
('AE4BAB429A8B16B5881B7B484F46F608','D8E58E608DB593F4EA32FC4605A2065E','cantidad','decimal',50,'Cantidad',0,'1',0,NULL,NULL,NULL,NULL,NULL,5,NULL,0),
('AE6BE5D7FECF0E6242305B9701BA2E6A','7D2C9C0CF3B893CA6EC55DC070198D44','code','text',50,'Codigo',0,NULL,0,NULL,NULL,NULL,NULL,NULL,3,NULL,0),
('AEC625B95A2432B9A2760A831C65F92B','8CD7AC1F9330314D645F44BFAD6749C4','id_producto','guid',50,'Producto',0,NULL,0,'productos','id','nombre',NULL,NULL,3,'lookup',0),
('B050FAE5A339D4EC896564F25A778482','BA0C16DF30A8A623EE49338EDBEFAB38','user_control','text',20,'User Control',0,'',0,'','','','','CONTROL_TYPE',17,'option',NULL),
('B24621A48B4212A64AAA8B68F34C8294','C0F34C980D8AC44DAB5B7148A9669AD8','estado','int',50,'Estado',0,'0',0,NULL,NULL,NULL,NULL,'ESTADO_PEDIDO',0,'option',0),
('B27D61A8A4D766F02DA9344341938ADA','3D87D8B6639DF0D570E9AB08F03853FD','fecha_creacion','datetime',0,'fecha_creacion',0,NULL,1,NULL,NULL,NULL,NULL,NULL,2,NULL,NULL),
('B3C482BFCA9363B68198A31DBE928D04','3CF1E2021536FE5F6A1E975A2CEEDA01','nombre','text',100,'nombre',0,NULL,0,NULL,NULL,NULL,NULL,NULL,1,NULL,NULL),
('B41133C098ECE41588494ABA65276BD6','490484A9474D03AB69738B7FC05D057C','id_cuenta','guid',50,'Cliente',0,NULL,0,'ventas_cuentas','id','nombre',NULL,NULL,2,'lookup',1),
('B48597C0C7C04C389012AFFCCDA73168','7535F4201F546632A5522B98C33EB9E8','nombre','text',100,'nombre',0,NULL,0,NULL,NULL,NULL,NULL,NULL,2,NULL,NULL),
('B4C03213064D4FF7247DE63457EAC350','7D2C9C0CF3B893CA6EC55DC070198D44','id_impuesto','guid',50,'Impuesto',0,NULL,0,'impuestos','id','nombre',NULL,NULL,7,'lookup',1),
('B600746D187B87F7B8210DE96FF1B723','B0D9EB0533F678EA863976D6C156CD0E','nombre','text',100,'nombre',0,NULL,0,NULL,NULL,NULL,NULL,NULL,3,NULL,0),
('B634CA9DA5B2566A56FA5B356A04FB25','20AB28F839675213390C76A55A267945','id','guid',32,'id',1,NULL,0,NULL,NULL,NULL,NULL,NULL,0,NULL,0),
('B7023829DBA2E4E8BD620F9A42A09CFA','490484A9474D03AB69738B7FC05D057C','notas','textarea',50,'Notas a Pie',0,NULL,0,NULL,NULL,NULL,NULL,NULL,0,NULL,0),
('B73DD97512F12C9EB38BC7B1EDA6AFC9','35A30F1BCCCE6D3B8D512FAEAFCD6A01','nombre','text',100,'nombre',0,'',0,'','','','','',2,'',NULL),
('B78D3479DF8383560A2C9F28967F91AF','ADFECBA489ED9C6AC1E43F0980D503A3','fecha_creacion','datetime',0,'fecha_creacion',0,NULL,1,NULL,NULL,NULL,NULL,NULL,100,NULL,0),
('B82A397361F037FB6236387E684D7B28','AAF9DC82ED5D22043CC3AE2A9FF0825F','longitud','int',50,'Longitud',0,'6',0,NULL,NULL,NULL,NULL,NULL,5,NULL,1),
('B9B5F0F037CD7EA35A31E806C9D394C3','F2E98165F53B6ECAD8E23D49268D731A','resultado','text',50,'Resultado',0,'multiple',0,NULL,NULL,NULL,NULL,'RPT_QUERY_RESULT',2,'option',0),
('BA0F85F0310223021BC022C12A7FCBD6','383D9E6BA1659044E079B71BCE51FE19','nombre','text',100,'nombre',0,'',0,'','','','','',2,'',NULL),
('BA14A6C1B11D793689E6C5D0DFBD71AB','A9BC1252645E7B10B92A1C75E8D6E4EF','id','int',0,'id',1,NULL,0,NULL,NULL,NULL,NULL,NULL,0,NULL,NULL),
('BAADED9D19808B9F0EF135B9F8D77645','A68EEE98E6B4784D4DFFC8BD9102F849','id_entity','guid',0,'Entidad',0,NULL,0,'app_entities','id','entity',NULL,NULL,2,'lookup',0),
('BC345A6FC8D039628841F63E4D87DC1C','B0D9EB0533F678EA863976D6C156CD0E','fecha_modificacion','datetime',0,'fecha_modificacion',0,NULL,1,NULL,NULL,NULL,NULL,NULL,100,NULL,0),
('BC555AB97F0846D6F734B8BC171A79CF','D8E58E608DB593F4EA32FC4605A2065E','id_producto','guid',50,'Producto',0,NULL,0,'productos','id','nombre',NULL,NULL,3,'lookup',0),
('BCB086C23149070550AAC65DD566FCEB','ADFECBA489ED9C6AC1E43F0980D503A3','direccion2','text',255,'Dirección 2',0,NULL,0,NULL,NULL,NULL,NULL,NULL,6,NULL,0),
('BD46D36CA389FFE59C9AD1EB4E35072D','10E08475520D5CC7603685D7A6338443','id','guid',32,'id',1,NULL,0,NULL,NULL,NULL,NULL,NULL,0,NULL,0),
('BDAB276DF070057EF735BBDFB882446B','8CD7AC1F9330314D645F44BFAD6749C4','total_impuestos','decimal',50,'Total Impuestos',0,'0',1,NULL,NULL,NULL,NULL,NULL,9,NULL,0),
('BDE6227ABA74321345D4E73F59D0BAFF','BA0C16DF30A8A623EE49338EDBEFAB38','lookup_description','text',50,'lookup_description',0,'',0,'','','','','',12,'',NULL),
('BFA84A41CCFBDE0EC6F4BA765BC54C5F','801702C306589191B3D37121137E9449','control_type','text',50,'control_type',0,'',0,'','','','','FORM_ITEM',3,'option',NULL),
('C008A473FCCE663216AFC17B163EBB5E','BF8DDEACFA3E95984DB5E2E08FCB8937','id','int',0,'id',1,'',0,'','','','','',0,'',0),
('C08B188E5D0A0BB7650C297A4501CADD','C0F34C980D8AC44DAB5B7148A9669AD8','fecha_creacion','datetime',0,'fecha_creacion',0,NULL,1,NULL,NULL,NULL,NULL,NULL,100,NULL,0),
('C1610763D8CF060F21BE30C60430F186','4AA656B01E4CC29891C6BB33A495B42E','estado_registro','int',50,'Estado del registro',0,'1',0,NULL,NULL,NULL,NULL,'ESTADOS',5,'option',0),
('C3143DA3D2043789C7635B6144EECDC5','7535F4201F546632A5522B98C33EB9E8','fecha_modificacion','datetime',0,'fecha_modificacion',0,NULL,1,NULL,NULL,NULL,NULL,NULL,4,NULL,NULL),
('C3831B9EDA32DC87882C1498FB632A83','C36B36838A064DEBA5AC90B2361920CC','query_json','textarea',50,'Consulta JSON',0,NULL,1,NULL,NULL,NULL,NULL,NULL,4,NULL,0),
('C3A38D52FBD2E42D2495291F2335D9D7','10E08475520D5CC7603685D7A6338443','fecha_creacion','datetime',0,'fecha_creacion',0,NULL,1,NULL,NULL,NULL,NULL,NULL,101,NULL,0),
('C3F5822A170EF5DFA9A7561CFB66FAD5','8A7584A9F47A9E6BD168FE208A4CBA9D','descripcion','text',255,'descripcion',0,NULL,0,NULL,NULL,NULL,NULL,NULL,7,NULL,0),
('C4191F8980100FA42458A7407528D366','490484A9474D03AB69738B7FC05D057C','codigo','text',100,'codigo',0,NULL,1,NULL,NULL,NULL,NULL,NULL,1,NULL,0),
('C41F7C798F654BDD510CFDD035B1596C','BA0C16DF30A8A623EE49338EDBEFAB38','max','int',0,'max',0,'50',0,'','','','','',5,'',NULL),
('C4F561DBB3528BB4F4560B98494555B6','D8E58E608DB593F4EA32FC4605A2065E','Concepto','textarea',100,'Concepto',0,NULL,0,NULL,NULL,NULL,NULL,NULL,4,NULL,0),
('C51F365BFDF6A4FDD1F63CE05CCE232C','C0F34C980D8AC44DAB5B7148A9669AD8','total_impuestos','decimal',4,'Total impuestos',0,'0',1,NULL,NULL,NULL,NULL,NULL,5,NULL,0),
('C6F6A8305773285D999DEA316746E12B','BA0C16DF30A8A623EE49338EDBEFAB38','required','int',50,'Requerido',0,'0',0,'','','','','SI_NO',18,'option',0),
('C8883FB7BD0C046EE2AB05914CC764FA','20AB28F839675213390C76A55A267945','fecha_modificacion','datetime',0,'fecha_modificacion',0,NULL,1,NULL,NULL,NULL,NULL,NULL,6,NULL,NULL),
('C8DDD40466BA20A47A5E6F242CF156AE','D549E0FA5CB115B1904768FC95526F79','fecha_creacion','datetime',0,'fecha_creacion',0,NULL,1,NULL,NULL,NULL,NULL,NULL,103,NULL,0),
('CA47D6EF7CC1D897B29A2804CBAFC1AE','801702C306589191B3D37121137E9449','custom_section','text',50,'Codigo seccion custom',0,NULL,0,NULL,NULL,NULL,NULL,NULL,10,NULL,0),
('CA6F63AB1819626FB0A149C7480238AC','2AAF5FB75C18B38E851D52C913976F89','id_entity','guid',0,'Entidad',0,NULL,0,'app_entities','id','entity',NULL,NULL,2,'lookup',0),
('CB56FB3399CBE517F8694FDADE4C0D8F','CC4FC092381ABB28C3EF1F6F7160FC83','type','text',50,'Tipo Botón',0,NULL,0,NULL,NULL,NULL,NULL,'BUTTON_TYPE',3,'option',1),
('CC040103CB642F9A81B9C3F7C9CFF6B1','D549E0FA5CB115B1904768FC95526F79','id','guid',32,'id',1,NULL,0,NULL,NULL,NULL,NULL,NULL,0,NULL,0),
('CCEADD71BD46A3E8530ADBE79AE80968','490484A9474D03AB69738B7FC05D057C','id','guid',32,'id',1,NULL,0,NULL,NULL,NULL,NULL,NULL,0,NULL,0),
('CD94D0AFFAC7E94DD4349B3162C6B231','E4FE6D68F9B641C7958DD0221D953E3C','nombre','text',100,'nombre',0,NULL,0,NULL,NULL,NULL,NULL,NULL,2,NULL,NULL),
('CDB1AFBC072ECC4C4CA864DAA4A39DE3','3CF1E2021536FE5F6A1E975A2CEEDA01','fecha_creacion','datetime',0,'fecha_creacion',0,NULL,1,NULL,NULL,NULL,NULL,NULL,2,NULL,NULL),
('CEEDDDD32AED6122B1745F9339A53722','490484A9474D03AB69738B7FC05D057C','total_impuestos','decimal',4,'Total impuestos',0,'0',1,NULL,NULL,NULL,NULL,NULL,5,NULL,0),
('CF963C04652F3DE133153130BE97FB18','8CD7AC1F9330314D645F44BFAD6749C4','precio','decimal',50,'Precio',0,'0',0,NULL,NULL,NULL,NULL,NULL,5,NULL,0),
('D13424D232F1B95A7D459940EB048773','BF8DDEACFA3E95984DB5E2E08FCB8937','color','color',20,'Color',0,'#FFFFFF',0,NULL,NULL,NULL,NULL,NULL,5,NULL,0),
('D18A5EC8C568D9F5CF5E60EB0E2A0A9E','7535F4201F546632A5522B98C33EB9E8','porcentaje','decimal',50,'Porcentaje',0,'0',0,NULL,NULL,NULL,NULL,NULL,2,NULL,1),
('D1D6B9A0289B1404DFE6BCED5FB305EF','A5C38664EA80732ED4E9625464F1253C','id_entity','guid',0,'id_entity',0,NULL,0,'app_entities','id','entity',NULL,NULL,2,'lookup',0),
('D286E264C9B4D1E7DD8EB1DAB76D1631','E4FE6D68F9B641C7958DD0221D953E3C','id_entity','guid',50,'Entidad',0,NULL,0,'app_entities','id','entity',NULL,NULL,1,'lookup',0),
('D395B824C5A4E2E1527F85E8BC868300','BA0C16DF30A8A623EE49338EDBEFAB38','hidden','int',0,'Hidden (Primary key)',0,'0',0,NULL,NULL,NULL,NULL,'SI_NO',7,'option',0),
('D3BB66C4FB185C04E08DD02EA3B5D777','B5C1929F74F23B89F862B0D372CD71D1','id_module','guid',0,'id_module',0,NULL,0,'app_modules','id','module',NULL,NULL,2,'lookup',0),
('D40F734DF62EA3954FBB8467EA58D720','490484A9474D03AB69738B7FC05D057C','status','status',50,'Estado del registro',0,'1',0,NULL,NULL,NULL,NULL,'ESTADOS',0,'option',0),
('D4ABB04AA2C4B3F11883D22EAA327F3A','801702C306589191B3D37121137E9449','dbcolumn','text',50,'dbcolumn',0,'',0,'','','','','',4,'',NULL),
('D4B839C589DF662B937F085EAA20FC17','F2E98165F53B6ECAD8E23D49268D731A','nombre','text',100,'nombre',0,NULL,0,NULL,NULL,NULL,NULL,NULL,1,NULL,NULL),
('D4D7F8132A7DF3B625C31B306150C7CF','C0F34C980D8AC44DAB5B7148A9669AD8','total_neto','decimal',4,'Total Neto',0,'0',1,NULL,NULL,NULL,NULL,NULL,3,NULL,0),
('D55EF063DCBF36C4310C771963272185','D8E58E608DB593F4EA32FC4605A2065E','total_neto','decimal',50,'Total Neto',0,'0',1,NULL,NULL,NULL,NULL,NULL,8,NULL,0),
('D63FFE51FB524829A471D12C71E778A3','A9BC1252645E7B10B92A1C75E8D6E4EF','id_entity','guid',0,'id_entity',0,NULL,0,'app_entities','id','entity',NULL,NULL,2,'lookup',0),
('D6B20F6632E50051BB574C90AF5AAA75','BA0C16DF30A8A623EE49338EDBEFAB38','label','text',50,'label',0,NULL,0,NULL,NULL,NULL,NULL,NULL,2,NULL,1),
('D6FF02271FFE678A935C34BCE88E7B41','2AAF5FB75C18B38E851D52C913976F89','order_by','text',255,'order_by',0,NULL,0,NULL,NULL,NULL,NULL,NULL,5,NULL,1),
('D738319CA9E5E91D05A839FC29DA7099','BA0C16DF30A8A623EE49338EDBEFAB38','dbcolumn','text',50,'column',0,NULL,0,NULL,NULL,NULL,NULL,NULL,3,NULL,1),
('D824A1CD5627190F4EC3E80FE4F871B1','801702C306589191B3D37121137E9449','width','text',20,'Ancho',0,'col-100',0,NULL,NULL,NULL,NULL,'CONTROL_WIDTH',2,'option',1),
('D85DACCB5AD57DA6493EE1801A0E90A3','D549E0FA5CB115B1904768FC95526F79','campo_entidad','text',50,'Campo entidad',0,NULL,0,NULL,NULL,NULL,NULL,NULL,3,NULL,0),
('D91B6B428A4159B3308BE2AE37804E3F','ADFECBA489ED9C6AC1E43F0980D503A3','nombre','text',100,'nombre',0,NULL,0,NULL,NULL,NULL,NULL,NULL,2,NULL,1),
('D97A8EC4DEF3828215E9A89985F7BC04','CC4FC092381ABB28C3EF1F6F7160FC83','nombre','text',100,'nombre',0,NULL,0,NULL,NULL,NULL,NULL,NULL,2,NULL,NULL),
('D9864342D7E6237A14911CF75D81D7BE','A68EEE98E6B4784D4DFFC8BD9102F849','name','text',255,'name',0,NULL,0,NULL,NULL,NULL,NULL,NULL,1,NULL,1),
('DA1A35DD1BAEDD3B711F8E2B14B17E3A','744B2497EDAF0D610DA0D599DAF7F1CF','id_related_entity','guid',50,'Entidad Relacionada',0,NULL,0,'app_entities','id','entity',NULL,NULL,4,'lookup',0),
('DA48F52AEC4F935357B557253C1267E3','744B2497EDAF0D610DA0D599DAF7F1CF','field','text',50,'Campo',0,NULL,0,NULL,NULL,NULL,NULL,NULL,3,NULL,1),
('DA7503D557BACE45BCC5BBD17843E9BC','3D87D8B6639DF0D570E9AB08F03853FD','terminadas','calc',50,'Terminadas',0,NULL,0,NULL,NULL,NULL,'select count(0) from app_tareas_proyectos where id_proyecto = {id} and estado_tarea=2',NULL,0,NULL,0),
('DABF845C3B0E6376D6846F1E5DC1A2B2','A9BC1252645E7B10B92A1C75E8D6E4EF','estado','int',0,'Estado',0,NULL,0,NULL,NULL,NULL,NULL,'ESTADOS',1,'option',NULL),
('DC1F7940851A92F51ABCBC28127C3E30','7D2C9C0CF3B893CA6EC55DC070198D44','descripcion','textarea',50,'Descripcion',0,NULL,0,NULL,NULL,NULL,NULL,NULL,10,'richtext',0),
('DDD24A3D20389017B1B2032AC6C5361E','B5C1929F74F23B89F862B0D372CD71D1','id','int',0,'id',1,NULL,0,NULL,NULL,NULL,NULL,NULL,0,NULL,NULL),
('DFCA57E120375C6F1D6C82CE27B5526B','ADFECBA489ED9C6AC1E43F0980D503A3','fecha_modificacion','datetime',0,'fecha_modificacion',0,NULL,1,NULL,NULL,NULL,NULL,NULL,101,NULL,0),
('E05165E02389207BA5F8FF6BCD50EFE0','8A7584A9F47A9E6BD168FE208A4CBA9D','orden','int',50,'Orden',0,'0',0,NULL,NULL,NULL,NULL,NULL,99,NULL,0),
('E0DB474DEDA1B714D10472BD2290FA74','8CD7AC1F9330314D645F44BFAD6749C4','id_oferta','guid',50,'Oferta',0,NULL,0,'ventas_ofertas','id','codigo',NULL,NULL,1,'lookup',0),
('E1CEF5AEF7179A212BE86EADED0EF4FD','A9BC1252645E7B10B92A1C75E8D6E4EF','type','text',20,'Tipo Script',0,'form',0,NULL,NULL,NULL,NULL,'SCRIPT_TYPE',2,'option',1),
('E2D8EAE66882203E8F042EADECB80076','927B4B2178AA3CFE5FCF935A7E391068','delete_access','int',50,'Borrado',0,'1',0,NULL,NULL,NULL,NULL,'SI_NO',5,'option',0),
('E34B28377AA83CF3715B2961E9A11346','8A7584A9F47A9E6BD168FE208A4CBA9D','mostrar_menu','int',0,'Mostrar en Menu',0,'1',0,'','','','','SI_NO',8,'option',NULL),
('E4136BD6658D967C7F27EC0B1F963948','D0C612375F9E63892267287FC23D366E','value','text',500,'value',0,NULL,0,NULL,NULL,NULL,NULL,NULL,3,NULL,NULL),
('E44F6F477806E54599907B934A710807','BA0C16DF30A8A623EE49338EDBEFAB38','orden','int',0,'Orden',0,'0',0,NULL,NULL,NULL,NULL,NULL,16,NULL,1),
('E4B127FA074B2AA174581824D7EA83CC','20AB28F839675213390C76A55A267945','id_fase_fin','guid',50,'Fase fin',0,NULL,0,'app_fases_proceso','id','nombre',NULL,NULL,4,'lookup',1),
('E57A29B9BC9925DD65E8282FC0ED131F','B0D9EB0533F678EA863976D6C156CD0E','id','int',0,'id',1,NULL,0,NULL,NULL,NULL,NULL,NULL,1,NULL,0),
('E589AB942CEC8359A89EAF573F8FC021','BA0C16DF30A8A623EE49338EDBEFAB38','lookup_column','text',50,'lookup_column',0,'',0,'','','','','',11,'',NULL),
('E711CC35ACF09B890287D84C07CABF55','3D87D8B6639DF0D570E9AB08F03853FD','id','guid',32,'id',1,NULL,0,NULL,NULL,NULL,NULL,NULL,0,NULL,0),
('E74B98635608D064169034F418E310F1','3D87D8B6639DF0D570E9AB08F03853FD','nombre','text',100,'nombre',0,NULL,0,NULL,NULL,NULL,NULL,NULL,1,NULL,1),
('E75DA06E428C6D8E6B5D6CCB0E1687C5','C0F34C980D8AC44DAB5B7148A9669AD8','status','status',50,'status',0,'1',0,NULL,NULL,NULL,NULL,'ESTADOS',0,NULL,0),
('E78C9A5C395D9E400865614B4349D058','E4FE6D68F9B641C7958DD0221D953E3C','template','textarea',50,'Plantilla',0,NULL,0,NULL,NULL,NULL,NULL,NULL,3,'richtext',0),
('E7EBE6479E4A44251A0EF58D77A66DB8','383D9E6BA1659044E079B71BCE51FE19','orden','int',50,'orden',0,NULL,0,NULL,NULL,NULL,NULL,NULL,3,NULL,1),
('E8A251BFDD710B65C40DE90580AE7036','10E08475520D5CC7603685D7A6338443','id_registro','text',50,'ID registro',0,NULL,0,'app_proceso_entidad','id','nombre',NULL,NULL,3,NULL,0),
('E92D3201347F0075C063441376C981B3','3D87D8B6639DF0D570E9AB08F03853FD','fecha_modificacion','datetime',0,'fecha_modificacion',0,NULL,1,NULL,NULL,NULL,NULL,NULL,2,NULL,NULL),
('E9CFBC4FF777806765B7FC25737FA6DB','20AB28F839675213390C76A55A267945','fecha_creacion','datetime',0,'fecha_creacion',0,NULL,1,NULL,NULL,NULL,NULL,NULL,6,NULL,NULL),
('EA964D54E94BCADD3431CE11F9385943','BA7DBD3B1AD6A8EF5F9480A409E749B1','id','guid',32,'id',1,NULL,0,NULL,NULL,NULL,NULL,NULL,0,NULL,0),
('EB8CEDE9311C417F5E37464A49334106','7535F4201F546632A5522B98C33EB9E8','recargo','decimal',50,'Recargo',0,'0',0,NULL,NULL,NULL,NULL,NULL,3,NULL,1),
('EC83F7191E68CAB530603412BDE50E85','A68EEE98E6B4784D4DFFC8BD9102F849','data_field','text',255,'Data field',0,NULL,0,NULL,NULL,NULL,NULL,NULL,6,NULL,1),
('ECA880B48B892D0CD992D884D3366A5B','8A7584A9F47A9E6BD168FE208A4CBA9D','id','int',0,'id',1,NULL,0,NULL,NULL,NULL,NULL,NULL,0,NULL,0),
('ED540FEC3D2B8FD9CFC5377D9CD5274D','C0F34C980D8AC44DAB5B7148A9669AD8','id','guid',32,'id',1,NULL,0,NULL,NULL,NULL,NULL,NULL,0,NULL,0),
('ED734C9C6047F531C0D575BB0B4FB5E4','8CD7AC1F9330314D645F44BFAD6749C4','status','status',50,'status',0,NULL,0,NULL,NULL,NULL,NULL,'ESTADOS',0,'option',0),
('EF8DFD093EDBDCF06CC5B58AD2B272FA','8CD7AC1F9330314D645F44BFAD6749C4','descuento','decimal',50,'% Descuento',0,'0',0,NULL,NULL,NULL,NULL,NULL,6,NULL,0),
('F049E4BB9E49790AB0873E630551265E','BAEE82C788A6272E749AB4DE5661FEF6','orden','int',50,'Orden',0,'0',0,NULL,NULL,NULL,NULL,NULL,3,NULL,1),
('F0963C4F82E89A4E02CC7B96CAC73EF2','CC4FC092381ABB28C3EF1F6F7160FC83','code','text',50,'Operation',0,NULL,0,NULL,NULL,NULL,NULL,NULL,1,NULL,1),
('F35CCD94A77E52D7AE9DB0E50D432808','AAF9DC82ED5D22043CC3AE2A9FF0825F','id','guid',32,'id',1,NULL,0,NULL,NULL,NULL,NULL,NULL,0,NULL,0),
('F5A90C627B2CE669DEDA264DE20C40A0','B0D9EB0533F678EA863976D6C156CD0E','width','int',50,'Ancho',0,'100',0,NULL,NULL,NULL,NULL,NULL,5,NULL,0),
('F89C9659C60159862681E82A9DD96A9F','D8E58E608DB593F4EA32FC4605A2065E','impuesto','decimal',50,'% Impuesto',0,'0',0,NULL,NULL,NULL,NULL,NULL,7,NULL,0),
('F9A8842BD039B4615CEF98D9122B12FE','E4FE6D68F9B641C7958DD0221D953E3C','id','guid',32,'id',1,NULL,0,NULL,NULL,NULL,NULL,NULL,0,NULL,0),
('FB195C59B129EFDC5F3A4D454EF5B737','C0F34C980D8AC44DAB5B7148A9669AD8','id_oferta','guid',50,'Oferta',0,NULL,0,'ventas_ofertas','id','codigo',NULL,NULL,0,'lookup',0),
('FC05C909CEC8F2B6CFD79F2F0E3838E0','CC4FC092381ABB28C3EF1F6F7160FC83','id_entity','guid',50,'Entidad',0,NULL,0,'app_entities','id','entity',NULL,NULL,0,'lookup',1),
('FC4E526531E87A0B37B415C7DA9B8AFC','68BE6D4857B45CC219DBA380485C0FBF','pwd','text',100,'pwd',0,NULL,0,NULL,NULL,NULL,NULL,NULL,3,NULL,0),
('FCBE69876DD497C63E8ACD622783EC3B','744B2497EDAF0D610DA0D599DAF7F1CF','estado','int',50,'Estado',0,'0',0,NULL,NULL,NULL,NULL,'ESTADOS',0,'option',1),
('FDE727595FF31C9EB6B7019E4F45D850','BAEE82C788A6272E749AB4DE5661FEF6','id_proyecto','guid',50,'Proyecto',0,NULL,0,'app_proyectos','id','nombre',NULL,NULL,1,'lookup',1);
/*!40000 ALTER TABLE `app_entity_columns` ENABLE KEYS */;
UNLOCK TABLES;

--
-- Table structure for table `app_fases_proceso`
--

DROP TABLE IF EXISTS `app_fases_proceso`;
/*!40101 SET @saved_cs_client     = @@character_set_client */;
/*!40101 SET character_set_client = utf8mb4 */;
CREATE TABLE `app_fases_proceso` (
  `id` char(32) NOT NULL,
  `nombre` varchar(100) DEFAULT NULL,
  `fecha_creacion` timestamp NULL DEFAULT current_timestamp(),
  `fecha_modificacion` timestamp NULL DEFAULT current_timestamp() ON UPDATE current_timestamp(),
  `id_proceso` char(32) DEFAULT NULL,
  `valor` varchar(50) DEFAULT NULL,
  `orden` int(11) DEFAULT NULL,
  `tipo_fase` int(11) DEFAULT NULL,
  `estado_registro` int(11) DEFAULT NULL,
  PRIMARY KEY (`id`)
) ENGINE=InnoDB DEFAULT CHARSET=utf8mb3 COLLATE=utf8mb3_general_ci;
/*!40101 SET character_set_client = @saved_cs_client */;

--
-- Dumping data for table `app_fases_proceso`
--

LOCK TABLES `app_fases_proceso` WRITE;
/*!40000 ALTER TABLE `app_fases_proceso` DISABLE KEYS */;
INSERT INTO `app_fases_proceso` VALUES
('03C6DC89CBF9BCA85717DA87B7CD7789','Facturado','2025-09-17 16:24:34','2025-09-23 11:25:59','1DDE9C45D0C99024ACA7F9C98AD8FEF1','0',2,1,1),
('27C7A68F331CE1727B703A8D9FDD4DC2','Borrador','2025-09-17 16:24:34','2025-09-23 11:25:14','1DDE9C45D0C99024ACA7F9C98AD8FEF1','0',0,0,1),
('5FC77654D12C165D3E8F31A4B8BA489B','Confirmada','2025-09-08 18:47:12','2025-09-25 16:36:05','F16B54E64435670CEF531775394C4628','2',2,1,0),
('6FEE52135C37B80BD401F9E50C1B4D96','Valoracion','2025-09-24 12:29:24','2025-09-24 12:29:24','45638ECFBE5174C38B169DE2C67BDE87','0',0,0,1),
('7A73484116A62791AB23D24A81673579','Finalizado','2025-09-24 12:29:24','2025-09-24 12:31:19','45638ECFBE5174C38B169DE2C67BDE87','2',2,1,1),
('80FCA66FD4BCE032AC33C59EDB309474','Ejecucion','2025-09-24 12:29:24','2025-09-24 12:29:43','45638ECFBE5174C38B169DE2C67BDE87','1',1,2,1),
('A83C80BF506BB6FE3C63EAC35E276685','Borrador','2025-09-08 18:43:42','2025-09-22 18:07:04','F16B54E64435670CEF531775394C4628','0',0,0,1),
('C312D5CFC82D8CE6C7384E83B3D30A50','Presentada','2025-09-08 18:45:48','2025-09-25 15:53:07','F16B54E64435670CEF531775394C4628','1',1,2,0),
('D09C09AC9A7962A727691ECA027F9892','Confirmado','2025-09-17 16:24:34','2025-09-23 11:25:56','1DDE9C45D0C99024ACA7F9C98AD8FEF1','0',1,2,1),
('E8B7813D77D35EE89A71F78BA9247870','Cancelada','2025-09-08 18:47:12','2025-09-25 16:36:11','F16B54E64435670CEF531775394C4628','3',3,1,0);
/*!40000 ALTER TABLE `app_fases_proceso` ENABLE KEYS */;
UNLOCK TABLES;

--
-- Table structure for table `app_form_areas`
--

DROP TABLE IF EXISTS `app_form_areas`;
/*!40101 SET @saved_cs_client     = @@character_set_client */;
/*!40101 SET character_set_client = utf8mb4 */;
CREATE TABLE `app_form_areas` (
  `id` char(32) NOT NULL,
  `nombre` varchar(100) NOT NULL,
  `fecha_creacion` timestamp NULL DEFAULT current_timestamp(),
  `fecha_modificacion` timestamp NULL DEFAULT current_timestamp() ON UPDATE current_timestamp(),
  `id_form` char(32) DEFAULT NULL,
  `orden` int(11) DEFAULT NULL,
  PRIMARY KEY (`id`),
  KEY `FK_app_form_areas_app_forms` (`id_form`),
  CONSTRAINT `FK_app_form_areas_app_forms` FOREIGN KEY (`id_form`) REFERENCES `app_forms` (`id`) ON DELETE CASCADE
) ENGINE=InnoDB DEFAULT CHARSET=utf8mb3 COLLATE=utf8mb3_general_ci;
/*!40101 SET character_set_client = @saved_cs_client */;

--
-- Dumping data for table `app_form_areas`
--

LOCK TABLES `app_form_areas` WRITE;
/*!40000 ALTER TABLE `app_form_areas` DISABLE KEYS */;
INSERT INTO `app_form_areas` VALUES
('032EEE764D35029F3A93C7184BA26353','consultas superior','2025-02-07 18:50:52','2025-02-07 18:53:19','7AE81C0BE12654B2AF9E715003BF6FEF',0),
('164C24947F3713276439853405657098','ventas_ofertas_lineas 0','2025-04-22 13:02:31','2025-04-22 13:02:31','F6BED08898B4A8320F8A5D05BBFF04FD',0),
('1A53DAD00EF1761F50225AE5360D8CA0','app_tareas_proyectos 0','2025-04-16 15:06:03','2025-04-16 15:06:03','56C5AAE517137C408EA9D1A6A8CDBC3D',0),
('1B196421D751398776744121AA607DBE','app_scripts 0','2025-03-16 15:55:13','2025-03-16 15:55:13','5A62D12650EF47B38D0DCCD649347C42',0),
('277FE6247B29B7A71A525272693D13CB','ventas_ofertas_lineas 0','2025-04-22 13:02:31','2025-04-22 13:02:31','9FE939CB7716C805EB0647FA317899D8',0),
('31E3F50B20528A5D3BE38915BFE9B885','ventas_ofertas 0','2025-05-15 15:23:29','2025-05-15 15:23:29','98220C38FB7F4BB7C7816DC5C34876B3',0),
('50993BBBA84AF2A0A5CE15D2004CDD45','area app_entities bottom 2','2025-03-26 12:23:56','2025-04-10 17:35:46','3DCB9AF8BD88B4F993AE50FB84520FCB',3),
('52000199B569E767072B7D8D7646F83E','ventas_ofertas 1','2025-05-15 15:23:29','2025-05-15 15:23:29','98220C38FB7F4BB7C7816DC5C34876B3',1),
('551674BFEE26E5A5E514F00EE8D4CAEF','Proceso entidad 1','2025-09-22 18:14:36','2025-09-22 18:14:36','CE409535AAD9F9A8070CA4C60DDC469B',1),
('56DA5B38AF79B82005CDD62180133537','app_plugins 1','2025-03-09 22:28:42','2025-03-09 22:28:42','A93185BCA7170E971830F97FF9E76446',1),
('57DF88297156BB70188ED29CDC56AB08','ventas_ofertas 1','2025-05-15 15:23:29','2025-05-15 15:23:29','A9AEDA35D404A3E063F47A85642CE33C',1),
('5AC10DC03E68A753B80B22003861F3E8','usuarios 0','2025-04-24 18:48:06','2025-04-24 18:48:06','AED000F0A837976F6773AAD6C4A3B8D5',0),
('5EFC7414E521A00AF9EC2174AC35D2CE','batch_progress 1','2025-02-07 18:28:01','2025-02-07 18:28:01',NULL,1),
('61D73748CC00E82B30F69197CA4DFCE0','app_roles 0','2025-03-10 18:10:15','2025-03-10 18:10:15','29F8EAF32CD24E5F3877024B7B34AE4B',0),
('6610B2BFAE4C3E3B636B225B3D9E5B54','area app_entities bottom','2025-03-26 12:08:24','2025-03-26 12:10:31','3DCB9AF8BD88B4F993AE50FB84520FCB',1),
('66AAD3D3F2B965FB68404D3B531202D2','app_report_queries 0','2025-03-19 12:08:54','2025-03-19 12:08:54','926F82EE92808C261E1DE78338FF8687',0),
('6E5958F39A34A2AA264E677758A3C3BA','app_plugins 1','2025-03-09 22:28:42','2025-03-09 22:28:42','C589F8ED35DC2EB2ED5A6736487B8863',1),
('753C0D02823A8CCBDFA15F7D2757F055','app_proceso_entidad 0','2025-09-05 12:59:39','2025-09-05 12:59:39','CE409535AAD9F9A8070CA4C60DDC469B',0),
('913FAB4C0707E26B391EE01BC92C0065','batch_progress 0','2025-02-07 18:28:01','2025-02-07 18:28:01',NULL,0),
('A7C0CBDDD5C0FD2FD9205DA125904C21','app_proyectos 1','2025-02-12 18:06:47','2025-02-12 18:06:47','BCE2A27B173FD877BE47B0C68D3E9535',1),
('AC732B018F7E61D09B145A754527B4D3','usuarios 0','2025-04-23 16:11:32','2025-04-23 16:11:32','2FEF46F218091F778361BBD331349ECE',0),
('B335DFEE0B6F85571DC846C3C9B7D402','consultas inferior','2025-02-07 18:53:05','2025-02-07 18:53:55','7AE81C0BE12654B2AF9E715003BF6FEF',0),
('BA3C2FD0D64B446BB3182F11AC111913','ventas_cuentas 0','2025-08-27 07:13:33','2025-08-27 07:13:33','FB636ED4284E3E824A0F7509081149E4',0),
('BA50351FB749A826D493F8A420B45F85','app_plugins 0','2025-03-09 22:28:42','2025-03-09 22:28:42','C589F8ED35DC2EB2ED5A6736487B8863',0),
('CA55F78662678097710686F150B35C23','keypass 0','2025-08-22 11:17:24','2025-08-22 11:17:24','6112E9359626A27D2BF71505A7633228',0),
('D2F342FF56841C6FB85C35D5DFD16A50','app_scripts 1','2025-03-16 15:55:13','2025-03-16 15:55:13','5A62D12650EF47B38D0DCCD649347C42',1),
('D46B3232D38977CE9109EBA26FBD6737','app_dominios 0','2025-04-21 07:16:04','2025-04-21 07:16:04','5FAFAD0C7C5A8BB660E7D2063585C304',0),
('D55F84F1CACCD2E508AAC4417AA77FA1','app_plugins 0','2025-03-09 22:28:42','2025-03-09 22:28:42','A93185BCA7170E971830F97FF9E76446',0),
('D758456D8E811346103E5C52EFB716B6','area app_entities bottom 3','2025-03-26 12:23:56','2025-04-10 17:35:42','3DCB9AF8BD88B4F993AE50FB84520FCB',2),
('D890E179F5E484E992C298E6DA6BAB49','app_reports 0','2025-03-17 15:28:05','2025-03-17 15:28:05','BFEAA45A73FD275E111B7EB607A8EED3',0),
('DE002243B358247A0C85CBC3D1070841','app_proyectos 0','2025-02-12 18:06:47','2025-02-12 18:06:47','BCE2A27B173FD877BE47B0C68D3E9535',0),
('DF7056AD8EA1B917269084E58FB05AE4','keypass 0','2025-08-22 11:15:06','2025-08-22 11:15:06','E063563B01ADD70B7CDA3A72F2FB8E8A',0),
('E7DAD99548A18B091BD5E6B2607990BA','area app_entities Top','2025-03-09 19:19:29','2025-03-26 12:08:56','3DCB9AF8BD88B4F993AE50FB84520FCB',0),
('F4C437FF0974A1613379F2653DCC1655','productos 1','2025-04-16 18:50:04','2025-04-16 18:50:04','17F4AB7707B1576C1E15E4A8EA95DC63',1),
('F7B47273D03CD9F5384B939AB49DF338','productos 0','2025-04-16 18:50:04','2025-04-16 18:50:04','17F4AB7707B1576C1E15E4A8EA95DC63',0),
('FE668AC20F66006BBC782197F3081FC6','ventas_ofertas 0','2025-05-15 15:23:29','2025-05-15 15:23:29','A9AEDA35D404A3E063F47A85642CE33C',0);
/*!40000 ALTER TABLE `app_form_areas` ENABLE KEYS */;
UNLOCK TABLES;

--
-- Table structure for table `app_form_sections`
--

DROP TABLE IF EXISTS `app_form_sections`;
/*!40101 SET @saved_cs_client     = @@character_set_client */;
/*!40101 SET character_set_client = utf8mb4 */;
CREATE TABLE `app_form_sections` (
  `id` char(32) NOT NULL,
  `nombre` varchar(100) NOT NULL,
  `fecha_creacion` timestamp NULL DEFAULT current_timestamp(),
  `fecha_modificacion` timestamp NULL DEFAULT current_timestamp() ON UPDATE current_timestamp(),
  `width` int(11) DEFAULT NULL,
  `id_area` char(32) DEFAULT NULL,
  `label` varchar(100) DEFAULT NULL,
  `orden` int(11) DEFAULT NULL,
  PRIMARY KEY (`id`),
  KEY `FK_app_form_sections_app_form_areas` (`id_area`),
  CONSTRAINT `FK_app_form_sections_app_form_areas` FOREIGN KEY (`id_area`) REFERENCES `app_form_areas` (`id`) ON DELETE CASCADE
) ENGINE=InnoDB DEFAULT CHARSET=utf8mb3 COLLATE=utf8mb3_general_ci;
/*!40101 SET character_set_client = @saved_cs_client */;

--
-- Dumping data for table `app_form_sections`
--

LOCK TABLES `app_form_sections` WRITE;
/*!40000 ALTER TABLE `app_form_sections` DISABLE KEYS */;
INSERT INTO `app_form_sections` VALUES
('00F5EEC9C07FDD59CC9F9B7365AE214F','area app_entities bottom 2 0','2025-03-26 12:24:21','2025-03-26 12:24:21',50,'50993BBBA84AF2A0A5CE15D2004CDD45',NULL,0),
('08AE869790426C9D298F45D75A034598','Proceso entidad 1 1','2025-09-22 18:30:03','2025-09-22 18:30:19',50,'551674BFEE26E5A5E514F00EE8D4CAEF',NULL,1),
('0B7D1D366A32383ADD55DF419EEB528C','productos 1 0','2025-04-16 18:50:04','2025-04-16 18:56:14',100,'F4C437FF0974A1613379F2653DCC1655',NULL,0),
('14020683A56A4A49D4E633D37E3A7590','area app_entities bottom 3  izda','2025-04-10 17:25:41','2025-04-10 17:25:41',50,'D758456D8E811346103E5C52EFB716B6',NULL,0),
('1711556FB7406999C5EF9E62F3080879','productos 0 0','2025-04-16 18:50:04','2025-04-16 18:56:45',50,'F7B47273D03CD9F5384B939AB49DF338',NULL,0),
('1ED436397DE15F37E77586B00F4F079F','consultas superior 0','2025-02-07 18:50:52','2025-03-06 19:29:17',50,'032EEE764D35029F3A93C7184BA26353',NULL,0),
('23011B0CDE8AAB0C7870A80A5CCA3C4B','ventas_ofertas_lineas 0 0','2025-04-22 13:02:31','2025-08-18 09:59:20',50,'164C24947F3713276439853405657098','General',0),
('2A7B1EDC7D57E231AB6EDB40B5192E4D','app_scripts 0 1','2025-03-16 15:55:13','2025-03-16 15:57:35',50,'1B196421D751398776744121AA607DBE',NULL,1),
('3C41BAB8AEF90F2BF9E0E941C068A16C','area app_entities bottom 1','2025-03-09 19:19:29','2025-04-10 17:28:18',50,'6610B2BFAE4C3E3B636B225B3D9E5B54',NULL,1),
('3CCE984864934802D8126504D1F124EC','ventas_ofertas 0 0','2025-05-15 15:23:29','2025-05-15 15:31:01',50,'FE668AC20F66006BBC782197F3081FC6',NULL,0),
('3EB0BB7D782480CEB7368FF4B61CD7B0','ventas_ofertas 0 1','2025-05-15 15:23:29','2025-05-15 15:30:46',50,'FE668AC20F66006BBC782197F3081FC6',NULL,1),
('47B5283D5C0CE3D5D7A6D5B9902B7D11','app_plugins 0 1','2025-03-09 22:28:42','2025-03-09 22:36:31',50,'BA50351FB749A826D493F8A420B45F85',NULL,1),
('4E9709167C9C543DC8D37C93B655657E','ventas_ofertas 1 0','2025-05-15 15:23:29','2025-05-15 15:31:25',100,'52000199B569E767072B7D8D7646F83E',NULL,0),
('5B31E61FBB94580A0216A8FC60CCCDC4','app_tareas_proyectos 0 0','2025-04-16 15:06:03','2025-04-16 15:08:40',50,'1A53DAD00EF1761F50225AE5360D8CA0',NULL,0),
('602BAB11ADB7594DF4D866CE4F871196','ventas_ofertas_lineas 0 0','2025-04-22 13:02:31','2025-08-18 09:59:20',50,'277FE6247B29B7A71A525272693D13CB','General',0),
('635CA7CD4C2DBBD043D317A2E988CBDC','app_tareas_proyectos 0 1','2025-04-16 15:06:03','2025-04-16 15:08:50',50,'1A53DAD00EF1761F50225AE5360D8CA0',NULL,1),
('67D7B2D5E22AC7EDBDB0FEC24A238E7A','area app_entities bottom 3  dcha','2025-04-10 17:25:41','2025-04-10 17:35:07',50,'D758456D8E811346103E5C52EFB716B6',NULL,1),
('6D7AB63BD7B0C58367744AF926400BC5','app_proyectos 1 0','2025-02-12 18:06:47','2025-02-26 08:21:36',100,'A7C0CBDDD5C0FD2FD9205DA125904C21',NULL,0),
('6E5F1CD88EBCFD84C10ECDC4A03DE3F7','app_plugins 0 0','2025-03-09 22:28:42','2025-03-09 22:36:20',50,'D55F84F1CACCD2E508AAC4417AA77FA1',NULL,0),
('70E30EC1C0D1EE43E05F57DFAEDF75D4','area app_entities bottom 0','2025-03-26 12:08:24','2025-03-26 12:18:44',50,'6610B2BFAE4C3E3B636B225B3D9E5B54',NULL,0),
('73A8FFAD3DE8740E3903C4EB65805EBA','app_plugins 0 0','2025-03-09 22:28:42','2025-03-09 22:36:20',50,'BA50351FB749A826D493F8A420B45F85',NULL,0),
('743C0E4E92842F94926D004E952A611A','app_proyectos 0 0','2025-02-12 18:06:47','2025-02-26 08:21:17',100,'DE002243B358247A0C85CBC3D1070841','Datos del proyecto',0),
('753DE3B35B73AC82B882FD7C02D74F5B','consultas inferior','2025-02-07 18:53:05','2025-03-06 19:29:39',100,'B335DFEE0B6F85571DC846C3C9B7D402',NULL,0),
('79C8F54C5FE8595BD9E3D5DFCB7F67BB','app_plugins 0 1','2025-03-09 22:28:42','2025-03-09 22:36:31',50,'D55F84F1CACCD2E508AAC4417AA77FA1',NULL,1),
('8A8A8669BA755EA68E406BFA966E6C69','area app_entities Top 0','2025-03-09 19:19:29','2025-08-22 18:01:17',50,'E7DAD99548A18B091BD5E6B2607990BA',NULL,0),
('8E1110C1CC66235A0309BC403950C568','usuarios 0 0','2025-04-24 18:48:06','2025-04-24 18:53:31',100,'5AC10DC03E68A753B80B22003861F3E8',NULL,0),
('97C2E5E60FD570207AF62A4B663DAC40','ventas_ofertas_lineas 0 1','2025-04-22 13:02:31','2025-08-18 09:59:30',50,'164C24947F3713276439853405657098','Totales',1),
('9AB3B2873A5CE5864A5D2C38438C3310','app_plugins 1 0','2025-03-09 22:28:42','2025-03-09 22:39:10',100,'56DA5B38AF79B82005CDD62180133537',NULL,0),
('9B91232CD1EF6ECFEFDC22AF7AB0FB64','app_report_queries 0 0','2025-03-19 12:08:54','2025-03-19 12:08:54',100,'66AAD3D3F2B965FB68404D3B531202D2','app_report_queries 0 0',0),
('9D67E486961A4CBCA59700CE32256316','app_plugins 1 0','2025-03-09 22:28:42','2025-03-09 22:39:10',100,'6E5958F39A34A2AA264E677758A3C3BA',NULL,0),
('A1186A13B9C7ABFF390DCAF53FA2AB43','keypass 0 0','2025-08-22 11:15:06','2025-08-22 11:16:56',100,'DF7056AD8EA1B917269084E58FB05AE4',NULL,0),
('A71C440A387F3533C2E93A18F6230324','app_scripts 1 0','2025-03-16 15:55:13','2025-03-16 16:00:21',100,'D2F342FF56841C6FB85C35D5DFD16A50',NULL,0),
('AB0ABDFDA78C901CE6A16B96341BC852','app_proceso_entidad 0 0','2025-09-05 12:59:39','2025-09-22 19:00:33',50,'753C0D02823A8CCBDFA15F7D2757F055',NULL,0),
('AF0007B58E3F4A7103CB21B2A4840128','app_dominios 0 0','2025-04-21 07:16:04','2025-04-21 07:27:39',100,'D46B3232D38977CE9109EBA26FBD6737',NULL,0),
('B025294746427F4AE90AE99579799523','ventas_ofertas 1 0','2025-05-15 15:23:29','2025-05-15 15:31:25',100,'57DF88297156BB70188ED29CDC56AB08',NULL,0),
('B70A1BBA5B1592A74E4CE0DEA7AF97CA','consultas superior 1','2025-02-07 18:50:52','2025-03-06 19:29:23',50,'032EEE764D35029F3A93C7184BA26353',NULL,1),
('B71CC519A8B9D7155E1B08DBA5D4681A','app_roles 0 0','2025-03-10 18:10:15','2025-03-10 20:51:50',100,'61D73748CC00E82B30F69197CA4DFCE0',NULL,0),
('B7B6CD8CC7CAB3149F89BBDF4DF1184E','app_scripts 0 0','2025-03-16 15:55:13','2025-03-16 15:57:31',50,'1B196421D751398776744121AA607DBE',NULL,0),
('BB55F11CD0F97689F43967E2FA093CC4','productos 0 1','2025-04-16 18:50:04','2025-04-16 18:56:55',50,'F7B47273D03CD9F5384B939AB49DF338',NULL,1),
('BDFCBACAFFDB41F727C5B8367381DF2C','Proceso entidad 1 0','2025-09-22 18:15:39','2025-09-22 18:31:56',50,'551674BFEE26E5A5E514F00EE8D4CAEF',NULL,0),
('BE116E97CD8680F311009F7C6524E28A','ventas_ofertas 0 1','2025-05-15 15:23:29','2025-09-20 18:20:25',30,'31E3F50B20528A5D3BE38915BFE9B885',NULL,1),
('BE842878675192696A6AC1741569B167','area app_entities Top 1','2025-03-26 12:15:02','2025-08-22 18:01:02',50,'E7DAD99548A18B091BD5E6B2607990BA',NULL,1),
('D5A5880AB7D3912B8A47CB485766EE72','app_reports 0 0','2025-03-17 15:28:05','2025-04-29 07:03:18',100,'D890E179F5E484E992C298E6DA6BAB49',NULL,0),
('DCD31305D8ED714614818C1E7DB91353','usuarios 0 0','2025-04-23 16:11:32','2025-04-23 16:11:32',100,'AC732B018F7E61D09B145A754527B4D3','usuarios 0 0',0),
('E46E6B47CF9A6F671E1F886074EFE5F7','ventas_cuentas 0 0','2025-08-27 07:13:33','2025-08-27 07:13:33',100,'BA3C2FD0D64B446BB3182F11AC111913','ventas_cuentas 0 0',0),
('E5E88AC9B4041392A1F8B6AF3AF44295','ventas_ofertas_lineas 0 1','2025-04-22 13:02:31','2025-08-18 09:59:30',50,'277FE6247B29B7A71A525272693D13CB','Totales',1),
('E64B7D0AD7FE212B168C92528538D79D','area app_entities bottom 2 1','2025-03-26 12:24:21','2025-03-26 12:24:33',50,'50993BBBA84AF2A0A5CE15D2004CDD45',NULL,1),
('E73E6E4A2CDA530135CE5F428ABB9575','keypass 0 0','2025-08-22 11:17:24','2025-08-22 11:19:31',100,'CA55F78662678097710686F150B35C23',NULL,0),
('EB992AF0D14C2C32531BB339C78B3D75','app_proceso_entidad 0 1','2025-09-05 12:59:39','2025-09-22 19:00:39',50,'753C0D02823A8CCBDFA15F7D2757F055',NULL,1),
('F8B77DF5B7D1EAFCDA870066697EA7BB','ventas_ofertas 0 0','2025-05-15 15:23:29','2025-09-20 18:20:35',70,'31E3F50B20528A5D3BE38915BFE9B885',NULL,0);
/*!40000 ALTER TABLE `app_form_sections` ENABLE KEYS */;
UNLOCK TABLES;

--
-- Table structure for table `app_forms`
--

DROP TABLE IF EXISTS `app_forms`;
/*!40101 SET @saved_cs_client     = @@character_set_client */;
/*!40101 SET character_set_client = utf8mb4 */;
CREATE TABLE `app_forms` (
  `id` char(32) NOT NULL,
  `nombre` varchar(100) NOT NULL,
  `fecha_creacion` timestamp NULL DEFAULT current_timestamp(),
  `fecha_modificacion` timestamp NULL DEFAULT current_timestamp() ON UPDATE current_timestamp(),
  `id_entity` char(32) DEFAULT NULL,
  `columnas` int(11) DEFAULT NULL,
  `filas` int(11) DEFAULT NULL,
  `tipo` varchar(50) DEFAULT NULL,
  PRIMARY KEY (`id`),
  KEY `FK_app_forms_app_entities` (`id_entity`),
  CONSTRAINT `FK_app_forms_app_entities` FOREIGN KEY (`id_entity`) REFERENCES `app_entities` (`id`)
) ENGINE=InnoDB DEFAULT CHARSET=utf8mb3 COLLATE=utf8mb3_general_ci;
/*!40101 SET character_set_client = @saved_cs_client */;

--
-- Dumping data for table `app_forms`
--

LOCK TABLES `app_forms` WRITE;
/*!40000 ALTER TABLE `app_forms` DISABLE KEYS */;
INSERT INTO `app_forms` VALUES
('17F4AB7707B1576C1E15E4A8EA95DC63','Productos Main','2025-04-16 18:49:59','2025-04-22 09:45:40','7D2C9C0CF3B893CA6EC55DC070198D44',2,2,'main'),
('29F8EAF32CD24E5F3877024B7B34AE4B','Roles form principal','2025-03-10 18:10:09','2025-04-22 09:45:40','EB91FB64FE2288577B09EA24D0BB03C7',1,1,'main'),
('2FEF46F218091F778361BBD331349ECE','Usuario Main','2025-04-23 16:11:12','2025-04-23 16:11:12','E7F8AB4799E0C27385B9F2ACBFEFF04C',1,1,'main'),
('3DCB9AF8BD88B4F993AE50FB84520FCB','Entity main form','2025-03-09 19:19:11','2025-04-22 09:45:40','8A7584A9F47A9E6BD168FE208A4CBA9D',2,1,'main'),
('48166325754B0593A2CE739DDAE0FDC3','Linea Pedido Quick','2025-04-22 10:28:42','2025-11-05 17:21:37','D8E58E608DB593F4EA32FC4605A2065E',1,1,'quick_create'),
('56C5AAE517137C408EA9D1A6A8CDBC3D','Tarea main','2025-04-16 15:05:55','2025-04-22 09:45:40','BAEE82C788A6272E749AB4DE5661FEF6',2,1,'main'),
('5A62D12650EF47B38D0DCCD649347C42','Script main form','2025-03-16 15:55:09','2025-04-22 09:45:40','A9BC1252645E7B10B92A1C75E8D6E4EF',2,2,'main'),
('5FAFAD0C7C5A8BB660E7D2063585C304','Dominios main','2025-04-21 07:15:57','2025-04-22 09:45:40','3CF1E2021536FE5F6A1E975A2CEEDA01',1,1,'main'),
('6112E9359626A27D2BF71505A7633228','keypass_main','2025-08-22 11:15:03','2025-08-22 11:19:18','68BE6D4857B45CC219DBA380485C0FBF',1,1,'main'),
('714E9E5AD33B594AB9BB0127532F09B3','Linea Oferta Quick','2025-04-22 10:28:42','2025-04-22 10:28:42','8CD7AC1F9330314D645F44BFAD6749C4',1,1,'main'),
('7AE81C0BE12654B2AF9E715003BF6FEF','Form consultas','2025-02-07 18:50:43','2025-04-22 09:45:40','C36B36838A064DEBA5AC90B2361920CC',1,1,'main'),
('926F82EE92808C261E1DE78338FF8687','ReportQuery main form','2025-03-19 12:08:49','2025-04-22 09:45:40','F2E98165F53B6ECAD8E23D49268D731A',1,1,'main'),
('98220C38FB7F4BB7C7816DC5C34876B3','pedidos Venta main','2025-04-18 11:20:06','2025-08-22 19:00:13','C0F34C980D8AC44DAB5B7148A9669AD8',2,2,'main'),
('9FE939CB7716C805EB0647FA317899D8','Linea Oferta','2025-04-22 10:28:18','2025-04-22 10:28:18','D8E58E608DB593F4EA32FC4605A2065E',2,1,'main'),
('A93185BCA7170E971830F97FF9E76446','Plugin main form','2025-03-09 22:28:36','2025-04-22 09:45:40','A5C38664EA80732ED4E9625464F1253C',2,2,'main'),
('A9AEDA35D404A3E063F47A85642CE33C','Ofertas Venta','2025-04-18 11:20:06','2025-04-22 09:45:40','490484A9474D03AB69738B7FC05D057C',2,2,'main'),
('AED000F0A837976F6773AAD6C4A3B8D5','Quick create Usuario','2025-04-23 16:11:27','2025-04-23 16:11:27','E7F8AB4799E0C27385B9F2ACBFEFF04C',1,1,'quick_create'),
('BCE2A27B173FD877BE47B0C68D3E9535','Form Proyecto simple','2025-02-12 18:06:39','2025-04-22 09:45:40','3D87D8B6639DF0D570E9AB08F03853FD',1,2,'main'),
('BFEAA45A73FD275E111B7EB607A8EED3','Report main form','2025-03-17 15:27:59','2025-04-22 09:45:40','E4FE6D68F9B641C7958DD0221D953E3C',1,1,'main'),
('C589F8ED35DC2EB2ED5A6736487B8863','Plugin main form','2025-03-09 22:28:36','2025-04-22 09:45:40','B5C1929F74F23B89F862B0D372CD71D1',2,2,'main'),
('CE409535AAD9F9A8070CA4C60DDC469B','Proceso entidad Main','2025-09-05 12:59:36','2025-09-05 12:59:36','D549E0FA5CB115B1904768FC95526F79',2,1,'main'),
('E063563B01ADD70B7CDA3A72F2FB8E8A','keypass_quick_create','2025-08-22 11:15:03','2025-08-22 11:15:03','68BE6D4857B45CC219DBA380485C0FBF',1,1,'quick_create'),
('F6BED08898B4A8320F8A5D05BBFF04FD','Linea Oferta','2025-04-22 10:28:18','2025-04-22 10:28:18','8CD7AC1F9330314D645F44BFAD6749C4',2,1,'main'),
('FB636ED4284E3E824A0F7509081149E4','Cliente_main','2025-08-27 07:13:30','2025-08-27 07:13:30','ADFECBA489ED9C6AC1E43F0980D503A3',1,1,'main');
/*!40000 ALTER TABLE `app_forms` ENABLE KEYS */;
UNLOCK TABLES;

--
-- Table structure for table `app_graphics`
--

DROP TABLE IF EXISTS `app_graphics`;
/*!40101 SET @saved_cs_client     = @@character_set_client */;
/*!40101 SET character_set_client = utf8mb4 */;
CREATE TABLE `app_graphics` (
  `id` char(32) NOT NULL,
  `name` varchar(100) NOT NULL,
  `fecha_creacion` timestamp NULL DEFAULT current_timestamp(),
  `fecha_modificacion` timestamp NULL DEFAULT current_timestamp() ON UPDATE current_timestamp(),
  `id_entity` char(32) DEFAULT NULL,
  `tipo` varchar(50) DEFAULT NULL,
  `query` text DEFAULT NULL,
  `order_by` varchar(255) DEFAULT NULL,
  `data_field` varchar(255) DEFAULT NULL,
  `label_field` varchar(255) DEFAULT NULL,
  PRIMARY KEY (`id`)
) ENGINE=InnoDB DEFAULT CHARSET=utf8mb3 COLLATE=utf8mb3_general_ci;
/*!40101 SET character_set_client = @saved_cs_client */;

--
-- Dumping data for table `app_graphics`
--

LOCK TABLES `app_graphics` WRITE;
/*!40000 ALTER TABLE `app_graphics` DISABLE KEYS */;
INSERT INTO `app_graphics` VALUES
('217B2C08CE2FFF6F1B1C7444BDA6BD7F','Número de entidades por módulo','2025-04-11 18:19:28','2025-04-16 10:35:59','D15D4315C5B64BB2E6E17E0A4EBEB319','bar','select id_module, module, count(0) as entidades , -1 as uno\r\nfrom app_entities as e\r\nleft join app_modules as m on e.id_module = m.id\r\ngroup by module\r\n\r\n','2 desc','entidades, uno','module'),
('DFE5BC48B3F67F94DA3CDCC42D0B90CD','Numero columnas por tabla','2025-04-12 17:43:37','2025-08-20 12:36:34','D15D4315C5B64BB2E6E17E0A4EBEB319','line','select e.id_module as id_module,  e.entity, count(0) as num_columnas, rand()*10 as otro\r\nfrom app_entities e\r\ninner join app_entity_columns c on e.id = c.id_entity \r\ngroup by id_module, entity','3 desc','num_columnas, otro','entity');
/*!40000 ALTER TABLE `app_graphics` ENABLE KEYS */;
UNLOCK TABLES;

--
-- Table structure for table `app_modules`
--

DROP TABLE IF EXISTS `app_modules`;
/*!40101 SET @saved_cs_client     = @@character_set_client */;
/*!40101 SET character_set_client = utf8mb4 */;
CREATE TABLE `app_modules` (
  `id` char(32) NOT NULL,
  `module` varchar(50) NOT NULL,
  `folder` varchar(50) NOT NULL,
  `orden` int(11) DEFAULT NULL,
  PRIMARY KEY (`id`)
) ENGINE=InnoDB DEFAULT CHARSET=utf8mb3 COLLATE=utf8mb3_general_ci;
/*!40101 SET character_set_client = @saved_cs_client */;

--
-- Dumping data for table `app_modules`
--

LOCK TABLES `app_modules` WRITE;
/*!40000 ALTER TABLE `app_modules` DISABLE KEYS */;
INSERT INTO `app_modules` VALUES
('0E4B1126153FCBE256A6C781AD88E055','Desarrollo','core',2),
('2BAA56D57128A664AD18DF268E31E49E','Ventas','ventas',1),
('4B43BFABE3539607068B45A4209298B6','Proyectos','proyectos',0),
('881AE76B343D3FA19490ED05B852349A','Configuración','config',3),
('FFD24C35C8D97E14CC5727399391C723','Seguridad','security',4);
/*!40000 ALTER TABLE `app_modules` ENABLE KEYS */;
UNLOCK TABLES;

--
-- Table structure for table `app_numeraciones`
--

DROP TABLE IF EXISTS `app_numeraciones`;
/*!40101 SET @saved_cs_client     = @@character_set_client */;
/*!40101 SET character_set_client = utf8mb4 */;
CREATE TABLE `app_numeraciones` (
  `id` char(32) NOT NULL,
  `nombre` varchar(100) NOT NULL,
  `fecha_creacion` timestamp NULL DEFAULT current_timestamp(),
  `fecha_modificacion` timestamp NULL DEFAULT current_timestamp() ON UPDATE current_timestamp(),
  `prefijo` varchar(10) DEFAULT NULL,
  `anio` int(11) DEFAULT NULL,
  `siguiente` int(11) DEFAULT NULL,
  `longitud` int(11) DEFAULT NULL,
  PRIMARY KEY (`id`)
) ENGINE=InnoDB DEFAULT CHARSET=utf8mb3 COLLATE=utf8mb3_general_ci;
/*!40101 SET character_set_client = @saved_cs_client */;

--
-- Dumping data for table `app_numeraciones`
--

LOCK TABLES `app_numeraciones` WRITE;
/*!40000 ALTER TABLE `app_numeraciones` DISABLE KEYS */;
INSERT INTO `app_numeraciones` VALUES
('39E9C46444ADA71DBA09A3E4D4FF682A','ventas_pedidos','2025-08-26 12:49:42','2025-08-26 12:49:42','P',2025,4,6),
('9030102AFFB07384C5E1DC40E2A4ECB1','ventas_ofertas','2025-04-08 17:23:25','2025-04-08 17:41:16','O',NULL,56,6);
/*!40000 ALTER TABLE `app_numeraciones` ENABLE KEYS */;
UNLOCK TABLES;

--
-- Table structure for table `app_optionsets`
--

DROP TABLE IF EXISTS `app_optionsets`;
/*!40101 SET @saved_cs_client     = @@character_set_client */;
/*!40101 SET character_set_client = utf8mb4 */;
CREATE TABLE `app_optionsets` (
  `id` char(32) NOT NULL,
  `fecha_creacion` timestamp NULL DEFAULT current_timestamp(),
  `fecha_modificacion` timestamp NULL DEFAULT current_timestamp() ON UPDATE current_timestamp(),
  `id_dominio` char(32) DEFAULT NULL,
  `codigo` varchar(20) DEFAULT NULL,
  `descripcion` varchar(100) DEFAULT NULL,
  `color` varchar(20) DEFAULT NULL,
  `dominio` varchar(50) DEFAULT NULL,
  PRIMARY KEY (`id`)
) ENGINE=InnoDB DEFAULT CHARSET=utf8mb3 COLLATE=utf8mb3_general_ci;
/*!40101 SET character_set_client = @saved_cs_client */;

--
-- Dumping data for table `app_optionsets`
--

LOCK TABLES `app_optionsets` WRITE;
/*!40000 ALTER TABLE `app_optionsets` DISABLE KEYS */;
INSERT INTO `app_optionsets` VALUES
('012CB5A10B75BAACB38BFBFCB6DF7D89','2025-04-21 07:40:02','2025-04-21 15:47:23','38B254DB46046B287DEF3B3FFC211416','3','Revisado',NULL,'PROD_COMP_STATUS'),
('04F47BA7BA9247E3AF7E4F35F8D41618','2025-04-21 07:40:02','2025-04-21 15:47:23','19162AB4098B1D5188D298AAA3DCAED4','0','No','#fb7474','SI_NO'),
('05044C737CC539E9A445DBFD58D0B408','2025-04-21 07:40:02','2025-04-21 15:47:23','D239E4D7EE368E8581DCE8F206DA9EC7','richtext','Rich Text (Html)',NULL,'CONTROL_TYPE'),
('0D15BB2BD2AEAF26459DE88F4C77585F','2025-04-21 07:40:02','2025-04-21 15:47:23','E959957AC528E2B3E18AD04C8705377B','producto','Producto','#ffffff','TIPO_PRODUCTO'),
('14CE9A10DD4380810BEE97DBD5E01075','2025-04-21 07:40:02','2025-04-21 15:47:23','3B790071A5C7DB97720467A84A4D8DF3','form','Script Formulario','#ffffff','SCRIPT_TYPE'),
('18F568082883FBA993119E4C68EE6B06','2025-04-21 07:40:02','2025-04-21 15:47:23','38B254DB46046B287DEF3B3FFC211416','1','Scrapped',NULL,'PROD_COMP_STATUS'),
('1F0715FD08CE56D182815707E5B363BF','2025-04-21 07:40:02','2025-04-21 15:47:23','E98AB9DDDDAAD1B01B4B6D35403A6E80','-1','(-) Gastos',NULL,'TIPO_DIARIO'),
('20CB68C8BFAD9170768FBBBC501C06FE','2025-04-21 07:40:02','2025-04-21 15:47:23','3E20284C127A906F042D9E5A8F36476C','script_list','Script Listado (JS)','#ffffff','BUTTON_TYPE'),
('20CD94E74E9D511DEC5EBD57B3A3CF34','2025-04-21 07:40:02','2025-04-21 15:47:23','A9901F094091A4784148DF50F222AB2F','calc','Campo Calculado (SQL)',NULL,'COLUMN_TYPE'),
('21294616B199A5A8D5FF9599744EA457','2025-04-21 07:40:02','2025-04-21 15:47:23','A9901F094091A4784148DF50F222AB2F','int','Número Entero',NULL,'COLUMN_TYPE'),
('2536551E417733766FB667D1DE42E46E','2025-04-21 07:40:02','2025-04-21 15:47:23','84674DA52513C0D1D7500E22C2E89D08','1','(+) Positivo',NULL,'SIGNO_DIARIO'),
('2C9CB2D3284E15D0A296457E23CBE0A0','2025-04-21 07:40:02','2025-04-21 15:47:23','064F319344909AC3C32D37BACD4D3D02','bar','Barras','#ffffff','CHART_TYPE'),
('3022F7BD3C789BCC3FEBCCF46F9EF300','2025-04-21 07:40:02','2025-09-02 07:20:54','3E20284C127A906F042D9E5A8F36476C','form','Formulario (plugin)','#ffffff','BUTTON_TYPE'),
('32C7420AEF146878470C50663F42AF98','2025-04-22 09:36:07','2025-04-22 09:36:07','21EF67E4961D5520B510BB7B12EDCE27','quick_create','Creación Rapida','#ffffff','FORM_TYPE'),
('33822AE32A0F2FD07A91944905F2CE4F','2025-04-21 07:40:02','2025-04-21 15:47:23','19162AB4098B1D5188D298AAA3DCAED4','1','Si','#3eca3c','SI_NO'),
('3679658D824D341778529E532C1BB68E','2025-04-21 07:40:02','2025-04-21 15:47:23','E959957AC528E2B3E18AD04C8705377B','servicio','Servicio','#ffffff','TIPO_PRODUCTO'),
('3B35FEC0D47307852F5CE07A38264B09','2025-04-21 07:40:02','2025-04-21 15:47:23','7F12217D645D764295E996038BD113D4','0','Fichero',NULL,'PLUGIN_TYPE'),
('3BBBB238153A6C12F7982A4B2D6AFBFB','2025-04-21 07:40:02','2025-04-21 15:47:23','1B8C9613E2D31EC0F88185B0E0944F23','col-100','100%','#ffffff','CONTROL_WIDTH'),
('3C3AD06A84D428CB362CB9A8680D374C','2025-04-21 07:40:02','2025-04-21 15:47:23','D239E4D7EE368E8581DCE8F206DA9EC7','option','Option',NULL,'CONTROL_TYPE'),
('3DDC0F37646BFD583046DD3A3AF05B59','2025-04-21 07:40:02','2025-04-21 15:47:23','A9901F094091A4784148DF50F222AB2F','password','Password',NULL,'COLUMN_TYPE'),
('3EDA386C1BBD5E355D34D7E0A4BB71FA','2025-04-21 07:40:02','2025-04-21 15:47:23','84674DA52513C0D1D7500E22C2E89D08','-1','(-) Negativo',NULL,'SIGNO_DIARIO'),
('3F74ABD684FDF09A29C6D7873452B201','2025-04-21 11:34:57','2025-04-21 15:47:23','F4123D4A9CCDBBB6E7C966FF02E418FB','3','Perdida','#e60000','ESTADO_OFERTA'),
('4128615F5943764053ED530A08E2DFE2','2025-04-21 07:40:02','2025-04-21 15:47:23','67E0B62AFBE89F389C0E3908077462F2','custom','Custom (Plugin)','#ffffff','FORM_ITEM'),
('418D901D4C7EF33E6100FA761FC3E878','2025-04-21 07:40:02','2025-04-21 15:47:23','2501E42DFA5A70BB0EC5537277DCF13F','1','Genérico',NULL,'MOV_DIARIO_CAT'),
('436897C88DF2FC7D81347490D14A0D71','2025-04-21 07:40:02','2025-04-21 15:47:23','AAA60E047C0CDF3BBAE06C746D5405D9','1','Activo','#2eca2e','ESTADOS'),
('43CA7A3DE51CF3E24417B1F43A32AC89','2025-04-22 09:35:32','2025-04-22 09:35:32','21EF67E4961D5520B510BB7B12EDCE27','main','Formulario Principal','#ffffff','FORM_TYPE'),
('45A222F68B2AC693F469BF5C4E815148','2025-09-08 18:41:35','2025-09-08 18:42:20','32D1C9A2575CFF475A88270E2D86778F','1','Final','#ffffff','TIPO_FASE_PROCESO'),
('45CAC012ECC66F98DC43D0B6554E6164','2025-04-21 07:40:02','2025-04-21 15:47:23','A9901F094091A4784148DF50F222AB2F','textarea','Text Area','#ffffff','COLUMN_TYPE'),
('4AA16D67B08BA4ABE4DC1C1BA333432C','2025-04-21 07:40:02','2025-04-21 15:47:23','7F12217D645D764295E996038BD113D4','1','Dinámico',NULL,'PLUGIN_TYPE'),
('4B1DF331F23EFD6E46DAD5367FCA32FB','2025-04-21 07:40:02','2025-04-21 15:47:23','3B790071A5C7DB97720467A84A4D8DF3','lib','Librería','#ffffff','SCRIPT_TYPE'),
('4C781F885E4C3E365675A81475E71019','2025-04-21 07:40:02','2025-04-21 15:47:23','D239E4D7EE368E8581DCE8F206DA9EC7','phpcode','PHP Code',NULL,'CONTROL_TYPE'),
('4C95528C6BA242EE4F4410EFD703EF33','2025-04-21 07:40:02','2025-04-21 15:47:23','A9901F094091A4784148DF50F222AB2F','color','Color','#4e7eca','COLUMN_TYPE'),
('504841D82C273E843D70E2489E25C0EF','2025-04-21 07:40:02','2025-04-21 15:47:23','67E0B62AFBE89F389C0E3908077462F2','graph','gráfico',NULL,'FORM_ITEM'),
('527E4BF4F0F02DF3375043E0E3B20865','2025-04-21 07:40:02','2025-04-21 15:47:23','2501E42DFA5A70BB0EC5537277DCF13F','5','Compras',NULL,'MOV_DIARIO_CAT'),
('52BBE6CA3FF34B3FF3FEE635BCD772D0','2025-04-21 07:40:02','2025-04-21 15:47:23','2501E42DFA5A70BB0EC5537277DCF13F','4','Ventas',NULL,'MOV_DIARIO_CAT'),
('58711EAFDB3A8F1EFF1FC3723F91343D','2025-04-21 07:40:02','2025-04-21 15:47:23','D239E4D7EE368E8581DCE8F206DA9EC7','sql_code','SQL Code','#ffffff','CONTROL_TYPE'),
('5B9969E0DF1ED90FA03119322CE8DBE3','2025-04-21 07:40:02','2025-04-21 15:47:23','8BD5739DA78A753F13CC9B0BFDEA3EC1','cascade','Cascade','#ffffff','RELATION_VEH'),
('5CA7EC34A7AB2D6E97EC8550B86DE98E','2025-04-21 07:40:02','2025-04-21 15:47:23','A9901F094091A4784148DF50F222AB2F','datetime','Datetime',NULL,'COLUMN_TYPE'),
('6202F32621202E6F29281C9C05E5B894','2025-04-21 07:40:02','2025-04-21 15:47:23','1B8C9613E2D31EC0F88185B0E0944F23','col-50','50%','#ffffff','CONTROL_WIDTH'),
('651E26CA67C60E403807DC356ECAF2AF','2025-09-08 18:41:35','2025-09-08 18:42:29','32D1C9A2575CFF475A88270E2D86778F','2','Intermedia','#ffffff','TIPO_FASE_PROCESO'),
('679B7841F862AF70283805EAB706056E','2025-04-21 07:40:02','2025-04-21 15:47:23','1B8C9613E2D31EC0F88185B0E0944F23','col-33','33%','#ffffff','CONTROL_WIDTH'),
('67B2680813294B3DAD607596D612D724','2025-04-21 07:40:02','2025-04-21 15:47:23','33B58BE7423415F281511E0014CC8F93','action','Acción','#e6e141','ENTITY_TYPE'),
('68423E7278D772E0451EF1B49C03F6EA','2025-04-21 07:40:02','2025-04-21 15:47:23','33B58BE7423415F281511E0014CC8F93','panel','Panel (Información)','#41e65d','ENTITY_TYPE'),
('6AEE1AD7135ACB77317A96C0F50D1130','2025-04-21 07:40:02','2025-04-21 15:47:23','D239E4D7EE368E8581DCE8F206DA9EC7','javascript','Javascript Code',NULL,'CONTROL_TYPE'),
('6E3CCBE793A336A5B0495CDC6FF8BA96','2025-04-21 07:40:02','2025-04-21 15:47:23','2501E42DFA5A70BB0EC5537277DCF13F','2','Comisiones',NULL,'MOV_DIARIO_CAT'),
('6E7B15E4CE8FA4D66B2D1021C22F9444','2025-04-21 07:40:02','2025-04-21 15:47:23','38B254DB46046B287DEF3B3FFC211416','4','Importado',NULL,'PROD_COMP_STATUS'),
('7424437C60A28949943B89ECA2C96BC8','2025-04-21 07:40:02','2025-04-21 15:47:23','A9901F094091A4784148DF50F222AB2F','file','Fichero',NULL,'COLUMN_TYPE'),
('81BE958536DB89C25FAFB094A21E6442','2025-08-26 11:26:43','2025-08-26 11:26:43','C795A6C19C7D54E52A2CC9C1ABE439F7','3','Facturado','#ffffff','ESTADO_PEDIDO'),
('86FCC4EA3C1048A41F5F4E2A09BCDB98','2025-04-21 07:40:02','2025-04-21 15:47:23','D239E4D7EE368E8581DCE8F206DA9EC7','color','Color Picker',NULL,'CONTROL_TYPE'),
('8D4583C26E117A1583ACD04F387D70CF','2025-04-21 07:40:02','2025-09-02 07:21:02','3E20284C127A906F042D9E5A8F36476C','list','Listado (plugin)','#ffffff','BUTTON_TYPE'),
('8E082A1FF476B1229605D5ECE67484F5','2025-04-21 07:40:02','2025-04-21 15:47:23','38B254DB46046B287DEF3B3FFC211416','0','Nuevo',NULL,'PROD_COMP_STATUS'),
('92BD2F2B0D3D51E61BB397B74819B3F4','2025-08-26 11:26:43','2025-08-28 11:08:09','C795A6C19C7D54E52A2CC9C1ABE439F7','4','Cancelado','#ffffff','ESTADO_PEDIDO'),
('9316C5E5B1AA4F71FEC1ACD06C313BDE','2025-09-08 18:41:35','2025-09-08 18:41:35','32D1C9A2575CFF475A88270E2D86778F','0','Inicial','#ffffff','TIPO_FASE_PROCESO'),
('93345094CC34A8C7B991A7709B5CA021','2025-04-21 07:40:02','2025-04-21 15:47:23','A9901F094091A4784148DF50F222AB2F','decimal','Número Decimal',NULL,'COLUMN_TYPE'),
('98C97AE291C0C55233B9DC8B3D66F5C6','2025-04-21 07:40:02','2025-04-21 15:47:23','AAA60E047C0CDF3BBAE06C746D5405D9','0','Inactivo','#ff0000','ESTADOS'),
('9A7ECBC9FDEF0D8281461762573DC564','2025-04-21 07:40:02','2025-04-21 15:47:23','2BB662787969163CAEA88081FCA445FD','0','Pendiente','#ffffff','ESTADO_TAREA'),
('9D14BDD5136F7E67845FA407EF557B4E','2025-04-21 07:40:02','2025-04-21 15:47:23','064F319344909AC3C32D37BACD4D3D02','line','Línea','#ffffff','CHART_TYPE'),
('A27C6860FAFD29782E49C98F79CBE5D6','2025-04-21 07:40:02','2025-04-21 15:47:23','2501E42DFA5A70BB0EC5537277DCF13F','3','Publicidad',NULL,'MOV_DIARIO_CAT'),
('A3D3D9ED85736008BF0F42575D4A8754','2025-08-25 11:52:47','2025-08-25 11:52:47','A9901F094091A4784148DF50F222AB2F','status','Estado del registro','#ffffff','COLUMN_TYPE'),
('A4E713E802CC3D1C920D1639F9105122','2025-04-21 07:40:02','2025-04-21 15:47:23','03B653DA190FD80418D96A6036A5FA0C','lookup','Lookup',NULL,'VIEW_TYPE'),
('A921D8A9E76BFE9AB2BBA5F82D6F15CF','2025-04-21 07:40:02','2025-04-21 15:47:23','67E0B62AFBE89F389C0E3908077462F2','column','columna',NULL,'FORM_ITEM'),
('AD6349A73BEFF9CAC10C202FA31FD964','2025-04-21 07:40:02','2025-04-21 15:47:23','E98AB9DDDDAAD1B01B4B6D35403A6E80','1','(+) Ingresos',NULL,'TIPO_DIARIO'),
('AF5E5CF8632EECBF8CAC280D13FEC838','2025-04-21 07:40:02','2025-04-21 15:47:23','38B254DB46046B287DEF3B3FFC211416','2','Reescrito',NULL,'PROD_COMP_STATUS'),
('B54209ED14CD54E3FEC8A1A82838BE16','2025-08-26 11:18:56','2025-08-26 11:20:52','C795A6C19C7D54E52A2CC9C1ABE439F7','0','Borrador','#ffffff','ESTADO_PEDIDO'),
('B6521EC218AC9D9F3BC8132CC306C80D','2025-04-21 07:40:02','2025-04-21 15:47:23','AEFFD15C9CC655255EB2232524392C18','multiple','Multiple','#ffffff','RPT_QUERY_RESULT'),
('B746B7911317EEE1D8D4532DA57532AF','2025-04-21 07:40:02','2025-04-21 15:47:23','AEFFD15C9CC655255EB2232524392C18','unique','Unico','#ffffff','RPT_QUERY_RESULT'),
('B80E490B34B467FDA779383735556495','2025-04-21 07:40:02','2025-04-21 15:47:23','D239E4D7EE368E8581DCE8F206DA9EC7','lookup','Lookup',NULL,'CONTROL_TYPE'),
('BD1C32977B814007912C0DC2A44F4588','2025-04-21 07:40:02','2025-04-21 15:47:23','2BB662787969163CAEA88081FCA445FD','2','Completado','#46ca46','ESTADO_TAREA'),
('C3305DD567D3167826DE0203B463EE46','2025-04-22 09:36:35','2025-04-22 09:36:35','21EF67E4961D5520B510BB7B12EDCE27','quick_edit','Edición Rápida (pendiente)','#ffffff','FORM_TYPE'),
('C3A789142DA9BCD7685571C11DEDDD1F','2025-04-21 07:40:02','2025-04-21 15:47:23','D239E4D7EE368E8581DCE8F206DA9EC7','image','Imagen',NULL,'CONTROL_TYPE'),
('C64A802D197C208FCE055D84A859C209','2025-04-21 07:40:02','2025-04-21 15:47:23','2BB662787969163CAEA88081FCA445FD','1','Iniciado','#eff174','ESTADO_TAREA'),
('CFE0C0E69811F5740BDE53CAAF0B16C8','2025-04-21 11:34:35','2025-09-17 16:33:20','F4123D4A9CCDBBB6E7C966FF02E418FB','2','Ganada','#2bee2e','ESTADO_OFERTA'),
('D3B7AF9A7C4272525A894D32DE07B117','2025-04-21 07:40:02','2025-04-21 15:47:23','3E20284C127A906F042D9E5A8F36476C','script_form','Script Formulario (JS)','#ffffff','BUTTON_TYPE'),
('D5AAC82EFFF4A1A39B917D0D273FA174','2025-04-21 07:40:02','2025-04-21 15:47:23','064F319344909AC3C32D37BACD4D3D02','pie','Tarta','#ffffff','CHART_TYPE'),
('D6CE37D57E4C96BF0A7A39A023510A56','2025-04-21 07:40:02','2025-04-21 15:47:23','8BD5739DA78A753F13CC9B0BFDEA3EC1','restrict','Restrict','#ffffff','RELATION_VEH'),
('D6F208EFEEE26A0709D3EF52100E96A4','2025-08-26 11:22:19','2025-08-26 11:22:19','C795A6C19C7D54E52A2CC9C1ABE439F7','1','Confirmado','#ffffff','ESTADO_PEDIDO'),
('DAEBF8E733C3CB7FCC9A948549EE3765','2025-04-21 07:40:02','2025-04-21 15:47:23','A9901F094091A4784148DF50F222AB2F','date','Date','#ffffff','COLUMN_TYPE'),
('DAF2153C79A4623D02BED5D731C2AE61','2025-04-21 11:34:08','2025-09-25 16:34:15','F4123D4A9CCDBBB6E7C966FF02E418FB','0','Borrador','#ffffff','ESTADO_OFERTA'),
('E8711520D564518E44E383E924737E4B','2025-04-21 07:40:02','2025-04-21 15:47:23','33B58BE7423415F281511E0014CC8F93','table','Entidad BBDD','#387aff','ENTITY_TYPE'),
('E9B26DB9287122FD712AEE8AA37DBB9A','2025-04-21 07:40:02','2025-04-21 15:47:23','064F319344909AC3C32D37BACD4D3D02','doughnut','Donut','#ffffff','CHART_TYPE'),
('EBB239BA48B5070EB57C14501CAE8B97','2025-04-21 11:34:18','2025-09-17 16:33:03','F4123D4A9CCDBBB6E7C966FF02E418FB','1','Presentada','#0d83d2','ESTADO_OFERTA'),
('F103E1CE4EB677E80862C44F72A394B4','2025-04-21 07:40:02','2025-04-21 15:47:23','03B653DA190FD80418D96A6036A5FA0C','associated','Asociada',NULL,'VIEW_TYPE'),
('F2E3A67C5F45A7CE1BFE93D3F6B0010F','2025-08-26 11:26:26','2025-08-26 11:26:26','C795A6C19C7D54E52A2CC9C1ABE439F7','2','Entregado','#ffffff','ESTADO_PEDIDO'),
('F7A44FAF9E5FBAF38A3C5EC60E1A5412','2025-04-21 07:40:02','2025-04-21 15:47:23','67E0B62AFBE89F389C0E3908077462F2','view','Vista','#ffffff','FORM_ITEM'),
('F84731A21E8909B982F8D678A4A19E0D','2025-04-21 07:40:02','2025-04-21 15:47:23','A9901F094091A4784148DF50F222AB2F','text','Text',NULL,'COLUMN_TYPE'),
('FBDBDE436C6935C3D98AEF62EFB4D86E','2025-04-21 07:40:02','2025-04-21 15:47:23','03B653DA190FD80418D96A6036A5FA0C','public','Publica',NULL,'VIEW_TYPE'),
('FC5EB5064D1A579B6A491601FB57AE19','2025-04-21 07:40:02','2025-04-21 15:47:23','A9901F094091A4784148DF50F222AB2F','guid','Guid',NULL,'COLUMN_TYPE'),
('FDAD74A8FF3ACCCAA64634C34288271E','2025-04-21 07:40:02','2025-04-21 15:47:23','3B790071A5C7DB97720467A84A4D8DF3','list','Script Listado','#ffffff','SCRIPT_TYPE');
/*!40000 ALTER TABLE `app_optionsets` ENABLE KEYS */;
UNLOCK TABLES;

--
-- Table structure for table `app_permisos_entidad`
--

DROP TABLE IF EXISTS `app_permisos_entidad`;
/*!40101 SET @saved_cs_client     = @@character_set_client */;
/*!40101 SET character_set_client = utf8mb4 */;
CREATE TABLE `app_permisos_entidad` (
  `id` char(32) NOT NULL,
  `fecha_creacion` timestamp NULL DEFAULT current_timestamp(),
  `fecha_modificacion` timestamp NULL DEFAULT current_timestamp() ON UPDATE current_timestamp(),
  `id_entity` char(32) DEFAULT NULL,
  `id_rol` char(32) DEFAULT NULL,
  `read_access` int(11) DEFAULT NULL,
  `write_access` int(11) DEFAULT NULL,
  `delete_access` int(11) DEFAULT NULL,
  `insert_access` int(11) DEFAULT NULL,
  PRIMARY KEY (`id`),
  KEY `FK_app_permisos_entidad_app_entities` (`id_entity`),
  KEY `FK_app_permisos_entidad_app_roles` (`id_rol`),
  CONSTRAINT `FK_app_permisos_entidad_app_entities` FOREIGN KEY (`id_entity`) REFERENCES `app_entities` (`id`),
  CONSTRAINT `FK_app_permisos_entidad_app_roles` FOREIGN KEY (`id_rol`) REFERENCES `app_roles` (`id`)
) ENGINE=InnoDB DEFAULT CHARSET=utf8mb3 COLLATE=utf8mb3_general_ci;
/*!40101 SET character_set_client = @saved_cs_client */;

--
-- Dumping data for table `app_permisos_entidad`
--

LOCK TABLES `app_permisos_entidad` WRITE;
/*!40000 ALTER TABLE `app_permisos_entidad` DISABLE KEYS */;
INSERT INTO `app_permisos_entidad` VALUES
('A85F95E5F2B4F981D1FE2353CBC38792','2025-03-10 18:34:24','2025-03-10 18:34:24','F1E43B2A0795284DE1CFEA2C5D057F32','4C84E85CC544B6789633DA6D5D379BB2',1,1,1,1),
('A99283139B710276923F84670F3FADE5','2025-03-10 18:34:36','2025-03-10 18:34:53','ADFECBA489ED9C6AC1E43F0980D503A3','4C84E85CC544B6789633DA6D5D379BB2',1,0,0,1),
('B3C28717B2B041661C9A0591B5729332','2025-03-10 20:55:58','2025-03-10 20:55:58','7D2C9C0CF3B893CA6EC55DC070198D44','1274DDFA7F6109B4FB51287900D64149',1,1,1,1),
('B4C0CD706039B88601F1F8147907B0FD','2025-09-01 07:03:10','2025-09-01 07:03:10','490484A9474D03AB69738B7FC05D057C','4C84E85CC544B6789633DA6D5D379BB2',1,0,1,1),
('D5CF839890EC13077263AFCA25B41F56','2025-03-10 18:34:12','2025-03-10 20:53:10','7D2C9C0CF3B893CA6EC55DC070198D44','4C84E85CC544B6789633DA6D5D379BB2',1,1,0,0);
/*!40000 ALTER TABLE `app_permisos_entidad` ENABLE KEYS */;
UNLOCK TABLES;

--
-- Table structure for table `app_plugin_library`
--

DROP TABLE IF EXISTS `app_plugin_library`;
/*!40101 SET @saved_cs_client     = @@character_set_client */;
/*!40101 SET character_set_client = utf8mb4 */;
CREATE TABLE `app_plugin_library` (
  `id` char(32) NOT NULL,
  `filename` varchar(100) NOT NULL,
  `fecha_creacion` timestamp NULL DEFAULT current_timestamp(),
  `fecha_modificacion` timestamp NULL DEFAULT current_timestamp() ON UPDATE current_timestamp(),
  `estado` int(11) DEFAULT NULL,
  `id_module` char(32) DEFAULT NULL,
  `code` text DEFAULT NULL,
  PRIMARY KEY (`id`)
) ENGINE=InnoDB DEFAULT CHARSET=utf8mb3 COLLATE=utf8mb3_general_ci;
/*!40101 SET character_set_client = @saved_cs_client */;

--
-- Dumping data for table `app_plugin_library`
--

LOCK TABLES `app_plugin_library` WRITE;
/*!40000 ALTER TABLE `app_plugin_library` DISABLE KEYS */;
INSERT INTO `app_plugin_library` VALUES
('744C7174AA8C8A2410BA94C933C62067','recurso.html','2025-10-19 17:58:24','2025-10-19 18:20:27',1,'2BAA56D57128A664AD18DF268E31E49E','<!DOCTYPE html>\r\n<html lang=\"es\">\r\n<head>\r\n  <meta charset=\"UTF-8\">\r\n  <title>Procesar CSV y convertir a JSON</title>\r\n  <style>\r\n    body { font-family: sans-serif; padding: 20px; }\r\n    input { margin-bottom: 10px; }\r\n    table { border-collapse: collapse; margin-top: 1em; width: 100%; }\r\n    th, td { border: 1px solid #ccc; padding: 6px 10px; vertical-align: top; }\r\n    th { background: #eee; }\r\n    pre { background: #f7f7f7; border: 1px solid #ccc; padding: 10px; margin-top: 20px; white-space: pre-wrap; }\r\n  </style>\r\n</head>\r\n<body>\r\n  <h1>Procesar CSV avanzado (solo con JavaScript)</h1>\r\n  <input type=\"file\" id=\"csvFile\" accept=\".csv\">\r\n  <table id=\"table\"></table>\r\n  <h2>Resultado en JSON</h2>\r\n  <pre id=\"jsonOutput\"></pre>\r\n\r\n  <script>\r\n    const input = document.getElementById(\'csvFile\');\r\n    const table = document.getElementById(\'table\');\r\n    const jsonOutput = document.getElementById(\'jsonOutput\');\r\n\r\n    input.addEventListener(\'change\', () => {\r\n      const file = input.files[0];\r\n      if (!file) return;\r\n\r\n      const reader = new FileReader();\r\n      reader.onload = e => {\r\n        const text = e.target.result;\r\n        const data = parseCSVAdvanced(text);\r\n        renderTable(data);\r\n        renderJSON(data);\r\n      };\r\n      reader.readAsText(file);\r\n    });\r\n\r\n    // --- Parser CSV avanzado ---\r\n    function parseCSVAdvanced(text) {\r\n      let separador = \';\';\r\n      const rows = [];\r\n      let row = [];\r\n      let current = \'\';\r\n      let insideQuotes = false;\r\n\r\n      for (let i = 0; i < text.length; i++) {\r\n        const char = text[i];\r\n        const next = text[i + 1];\r\n\r\n        if (char === \'\"\' && insideQuotes && next === \'\"\') {\r\n          current += \'\"\'; // comilla escapada (\"\")\r\n          i++;\r\n        } else if (char === \'\"\') {\r\n          insideQuotes = !insideQuotes;\r\n        } else if (char === separador && !insideQuotes) {\r\n          row.push(current);\r\n          current = \'\';\r\n        } else if ((char === \'\\n\' || char === \'\\r\') && !insideQuotes) {\r\n          if (current || row.length) {\r\n            row.push(current);\r\n            rows.push(row);\r\n            row = [];\r\n            current = \'\';\r\n          }\r\n          if (char === \'\\r\' && next === \'\\n\') i++; // salto de línea Windows\r\n        } else {\r\n          current += char;\r\n        }\r\n      }\r\n\r\n      if (current || row.length) {\r\n        row.push(current);\r\n        rows.push(row);\r\n      }\r\n\r\n      return rows;\r\n    }\r\n\r\n    // --- Mostrar tabla ---\r\n    function renderTable(data) {\r\n      table.innerHTML = \'\';\r\n      if (!data.length) return;\r\n\r\n      const headers = data[0];\r\n      const thead = document.createElement(\'tr\');\r\n      headers.forEach(h => {\r\n        const th = document.createElement(\'th\');\r\n        th.textContent = h;\r\n        thead.appendChild(th);\r\n      });\r\n      table.appendChild(thead);\r\n\r\n      for (let i = 1; i < data.length; i++) {\r\n        const tr = document.createElement(\'tr\');\r\n        data[i].forEach(cell => {\r\n          const td = document.createElement(\'td\');\r\n          td.textContent = cell;\r\n          tr.appendChild(td);\r\n        });\r\n        table.appendChild(tr);\r\n      }\r\n    }\r\n\r\n    // --- Convertir a JSON ---\r\n    function renderJSON(data) {\r\n      if (data.length < 2) {\r\n        jsonOutput.textContent = \'[]\';\r\n        return;\r\n      }\r\n\r\n      const headers = data[0];\r\n      const json = data.slice(1).map(row => {\r\n        const obj = {};\r\n        headers.forEach((h, i) => {\r\n          obj[h] = row[i] ?? \'\';\r\n        });\r\n        return obj;\r\n      });\r\n\r\n      jsonOutput.textContent = JSON.stringify(json, null, 2);\r\n    }\r\n  </script>\r\n</body>\r\n</html>\r\n'),
('C51F112FEA4A404BA9970F5593E384EA','ventas_lib.php','2025-05-06 10:07:26','2025-09-28 18:44:47',1,'2BAA56D57128A664AD18DF268E31E49E','<?php\r\n\r\necho \"esto es una libreria\";');
/*!40000 ALTER TABLE `app_plugin_library` ENABLE KEYS */;
UNLOCK TABLES;

--
-- Table structure for table `app_plugins`
--

DROP TABLE IF EXISTS `app_plugins`;
/*!40101 SET @saved_cs_client     = @@character_set_client */;
/*!40101 SET character_set_client = utf8mb4 */;
CREATE TABLE `app_plugins` (
  `id` char(32) NOT NULL,
  `id_entity` char(32) NOT NULL,
  `filename` varchar(60) DEFAULT NULL,
  `code` text DEFAULT NULL,
  `estado` int(11) DEFAULT NULL,
  PRIMARY KEY (`id`),
  KEY `FK_app_plugins_app_entities` (`id_entity`),
  CONSTRAINT `FK_app_plugins_app_entities` FOREIGN KEY (`id_entity`) REFERENCES `app_entities` (`id`)
) ENGINE=InnoDB DEFAULT CHARSET=utf8mb3 COLLATE=utf8mb3_general_ci;
/*!40101 SET character_set_client = @saved_cs_client */;

--
-- Dumping data for table `app_plugins`
--

LOCK TABLES `app_plugins` WRITE;
/*!40000 ALTER TABLE `app_plugins` DISABLE KEYS */;
INSERT INTO `app_plugins` VALUES
('00C5D7F6AC075C24C26744B4C7A9350E','A5C38664EA80732ED4E9625464F1253C','app_plugins.php','<?php\r\n\r\nPluginManager::RegisterPlugin(new app_entities_plugin());\r\n\r\nclass app_entities_plugin extends PluginInterface {\r\n	protected $datos; //resultado de la consulta\r\n	\r\n	public function postUpdate($item, $datos){}\r\n	public function postInsert($item, $datos){ \r\n	    \r\n	    if (empty($datos[\'filename\']) || $datos[\'filename\']==\"\"){\r\n	        $metadata = EntityManager::GetEntityById($datos[\'id_entity\']);\r\n	        $name = $metadata[\'entity\'] .  newRandomID(4).\".php\"; \r\n	        dbupdate(\"app_plugins\",[\"id\"=>$item,\"filename\"=>$name]);\r\n	    }\r\n	    \r\n	}\r\n	public function preDuplicate($item, &$datos){ }\r\n	public function postDuplicate($item, $new_item){ }\r\n	\r\n	public function customContent($item){ \r\n		//trace (\"hola\");		\r\n	}\r\n	\r\n	public function setDefaultValues(&$datos){}\r\n	\r\n	public function preRenderform($item, &$datos){ \r\n	    /*\r\n	    if ($item == \"\" && $datos[\'id_entity\'] != \"\"){\r\n            \r\n            $metadata = EntityManager::GetEntityById($datos[\'id_entity\']);\r\n	        $name = $metadata[\'entity\'] .  newRandomID(4).\".php\"; \r\n	        $datos[\'filename\'] = $name;\r\n	    }+*/\r\n	}\r\n	public function onCustomButton($operation, $item, $datos){ \r\n		if ($operation == \"template\" ){\r\n			try{\r\n				$content = file_get_contents(\"modules/core/plugins/plugin.tpl\");\r\n				$r = [\"id\"=> $item, \"code\" => $content];\r\n				dbupdate(\"app_plugins\",$r,\"id\");\r\n				$this->showMessage(\"cargar plantilla\");\r\n				\r\n				\r\n			} catch (PDOException $e) {\r\n				$this->showMessage(\"Error al cargar la plantilla: \" . $e->getMessage());\r\n			}\r\n		}else if ($operation == \"publish\" ){\r\n			try{\r\n				\r\n				//obtenemos el modulo\r\n				$fichero = $datos[\'filename\'];\r\n				$id_entity = $datos[\'id_entity\'];\r\n				$metadata = EntityManager::GetEntityById($id_entity);\r\n				$module = EntityManager::GetModuleById($metadata[\'id_module\']);\r\n				$filename = \"modules/\".$module[\'folder\'].\"/plugins/\".$fichero;\r\n				\r\n				//guardamos en BBDD\r\n				//$r = [\"id\"=> $item, \"code\" => $datos[\'code\']];\r\n				//dbupdate(\"app_plugins\",$r,\"id\");\r\n				\r\n				//publicamos el fichero\r\n				$f = file_put_contents($filename, $datos[\'code\']);\r\n				dump($filename);\r\n				$this->showMessage(\"Plugin $fichero publicado.\");\r\n				\r\n			} catch (PDOException $e) {\r\n				$this->showMessage(\"Error al publicar el plugin: \" . $e->getMessage());\r\n			}\r\n		}else if ($operation == \"load\" ){\r\n			try{\r\n				//obtenemos el modulo\r\n				$fichero = $datos[\'filename\'];\r\n				$id_entity = $datos[\'id_entity\'];\r\n				$metadata = EntityManager::GetEntityById($id_entity);\r\n				$module = EntityManager::GetModuleById($metadata[\'id_module\']);\r\n				\r\n				$content = file_get_contents(\"modules/\".$module[\'folder\'].\"/plugins/\".$fichero);\r\n				\r\n				$r = [\"id\"=> $item,  \"code\" => $content]; //guardamos tipo fichero y su codigo\r\n				dbupdate(\"app_plugins\",$r,\"id\");\r\n				\r\n				$this->showMessage(\"Ultima version de plugin recuperada\");\r\n				\r\n			} catch (PDOException $e) {\r\n				$this->showMessage(\"Error al cargar la plantilla: \" . $e->getMessage());\r\n			}\r\n		}\r\n	}\r\n	public function postUploadFile($filedata){ $this->showMessage(\"postUploadFile\");}\r\n\r\n}\r\n',1),
('00EF943BB9ADB5A84C5E4DA8BBB19B0B','B441B8665B9EABC7B180A757E687305B','api_keys.php','<?\r\n\r\nPluginManager::RegisterPlugin(new my_new_plugin());\r\n\r\nclass my_new_plugin extends PluginInterface {\r\n	\r\n	protected $data; //use it at will between related events\r\n	\r\n	public function postUpdate($item, $datos){}\r\n	public function postInsert($item, $datos){}\r\n	public function preDuplicate($item, &$datos){ }\r\n	public function postDuplicate($item, $new_item){ }\r\n	\r\n	public function customContent($item){ 	}\r\n	\r\n	public function setDefaultValues(&$datos){  }\r\n	\r\n	public function preRenderform($item, &$datos){ \r\n\r\n		if ($item <0) $datos[\'apikey\']=newRandomId(50);\r\n\r\n	}\r\n	public function onCustomButton($operation, $item, $datos){ \r\n		\r\n	}\r\n	public function postUploadFile($filedata){ }\r\n\r\n}\r\n',1),
('05BDE6D5959F360167F8AA06143D0892','C36B36838A064DEBA5AC90B2361920CC','consultas.php','<?php\r\n\r\nPluginManager::RegisterPlugin(new consultas_plugin());\r\n\r\nclass consultas_plugin extends PluginInterface {\r\n	protected $datos; //resultado de la consulta\r\n	\r\n	public function postUpdate($item, $datos){}\r\n	public function postInsert($item, $datos){ }\r\n	public function preDuplicate($item, &$datos){ }\r\n	public function postDuplicate($item, $new_item){ }\r\n	public function customContent($item){ \r\n		$listado_html = \"\";\r\n		if ($this->datos != null){\r\n			$listado_html = generarTablaHTML($this->datos);\r\n		}\r\n		\r\n		return $listado_html;\r\n	}\r\n	public function setDefaultValues(&$datos){}\r\n	public function preRenderform($item, &$datos){ \r\n		\r\n		//$this->form->addCustomButton(\"ejecutar\", \"Ejecutar Query\", \"form\");\r\n		//$datos[\'query\']=eval(\'return \'. $datos[\"query\"] );\r\n		//$this->showMessage(\"dato modificado\");\r\n			\r\n	}\r\n	public function onCustomButton($operation, $item, $datos){ \r\n		if ($operation == \"ejecutar\" ){\r\n			try{\r\n			    \r\n			    $consulta_json = sqlToJson($datos[\"query\"]);\r\n                $consulta_reprocesada = jsonToSql($consulta_json);\r\n                //echo $consulta_reprocesada;\r\n                \r\n				$r = [\"id\" => $item, \"query\" =>$datos[\"query\"], \"query_json\" => $consulta_json ];\r\n				dbupdate(\"consultas\",$r);\r\n				\r\n				$this->datos = query($datos[\"query\"]); \r\n				$this->showMessage(\"Consulta ejecutada\");\r\n		\r\n			} catch (PDOException $e) {\r\n				$this->showMessage(\"Error en la consulta: \" . $e->getMessage());\r\n			}\r\n		}\r\n	}\r\n	public function postUploadFile($filedata){ $this->showMessage(\"postUploadFile\");}\r\n\r\n}\r\n',1),
('067892989E52F858FC6C401E75346164','D8E58E608DB593F4EA32FC4605A2065E','ventas_ofertas_lineas.php','<?php \r\n\r\nPluginManager::RegisterPlugin(new my_new_plugin());\r\n\r\nclass my_new_plugin extends PluginInterface {\r\n	\r\n	protected $data; //use it at will between related events\r\n	protected $id_pedido_padre;\r\n	\r\n	public function postUpdate($item, $datos){\r\n	   \r\n	   $this->procesarLinea($item, $datos);\r\n	   $this->UpdateOferta( $datos[\'id_pedido\']);\r\n	   \r\n	}\r\n	\r\n	public function UpdateOferta($id_pedido){\r\n	    \r\n	    $totales = subtotals(\"ventas_pedidos_lineas\", [\"total_neto\",\"total_impuestos\"], \"id_pedido\", $id_pedido);\r\n	    $oferta=[];\r\n	    //trace(\"totales \" . $id_pedido);\r\n	    \r\n	    $oferta[\'id\']= $id_pedido;\r\n	    $oferta[\'total_neto\']= round($totales[\"total_neto\"],2);\r\n	    $oferta[\'total_impuestos\']= round($totales[\"total_impuestos\"],2);\r\n	    $oferta[\'importe_total\']= round($totales[\"total_neto\"],2) + round($totales[\"total_impuestos\"],2);\r\n	    \r\n	    //dump($oferta);\r\n	    dbupdate(\"ventas_pedidos\",$oferta);\r\n	    \r\n	}\r\n	\r\n	public function procesarLinea($item, $datos){\r\n	    \r\n	    $id_producto = $datos[\'id_producto\'];\r\n	    $cantidad = $datos[\'cantidad\'];\r\n	    $precio_unit = floatval($datos[\'precio\']);\r\n	    $descuento = floatval($datos[\'descuento\']);\r\n	    $pct_impuesto = floatval($datos[\'impuesto\']);\r\n	    \r\n	    \r\n	    $producto = dbgetbyid(\"productos\",$id_producto);\r\n	    //dump($producto);\r\n	    \r\n	    if ($producto!=null){\r\n	        if($precio_unit == 0) $precio_unit =  floatval($producto[\'precio\']);\r\n	        \r\n	        $id_impuesto = $producto[\'id_impuesto\'];\r\n	        if ($id_impuesto != \"\"){\r\n	            $impuesto = dbgetbyid(\"impuestos\",$id_impuesto);\r\n	            //dump($impuesto);\r\n	            $pct_impuesto = $impuesto[\'porcentaje\'];\r\n	        }\r\n	    }\r\n	    $total_neto = $precio_unit * $cantidad * (1.0- $descuento/100.0 );\r\n	    $total_impuestos = ($pct_impuesto/100.0) * $total_neto;\r\n	    \r\n	    $r = [];\r\n	    $r[\'id\'] = $item;\r\n	    $r[\'impuesto\'] = $pct_impuesto;\r\n	    $r[\'precio\'] = $precio_unit;\r\n	    $r[\'total_neto\'] = $total_neto;\r\n	    $r[\'total_impuestos\'] = $total_impuestos;\r\n	    $r[\'total_linea\'] = $total_neto + $total_impuestos;\r\n	    //dump($r);\r\n	    \r\n	    dbupdate(\"ventas_pedidos_lineas\", $r);\r\n	    \r\n	    \r\n	    \r\n	}\r\n	\r\n	public function postInsert($item, $datos){\r\n	    \r\n        $this->procesarLinea($item, $datos);\r\n	    $this->UpdateOferta($datos[\'id_pedido\']);\r\n	    \r\n	}\r\n	\r\n	public function preDelete($item){\r\n	    \r\n	    $record = dbgetbyid(\"ventas_pedidos_lineas\",$item);\r\n	    $this->id_pedido_padre = $record[\'id_pedido\'];\r\n	}\r\n	public function postDelete($item){\r\n	    \r\n	    $this->UpdateOferta($this->id_pedido_padre);\r\n	}\r\n	\r\n	public function preDuplicate($item, &$datos){ }\r\n	public function postDuplicate($item, $new_item){ }\r\n	\r\n	public function customContent($item){ 	}\r\n	\r\n	public function setDefaultValues(&$datos){  }\r\n	\r\n	public function preRenderform($item, &$datos){ \r\n	    //número de orden en el alta\r\n	    if ($item == \"\" || $item <0){\r\n	        $aux = query1(\"select coalesce(max(orden),0)+1 as orden from ventas_pedidos_lineas where id_pedido =  \".quote($datos[\'id_pedido\']));\r\n	        $datos[\'orden\'] =$aux[\'orden\'];\r\n	        \r\n	    }\r\n		\r\n	}\r\n	public function onCustomButton($operation, $item, $datos){ \r\n		\r\n	}\r\n	public function postUploadFile($file){ $this->showMessage(\"postUploadFile\");}\r\n\r\n}\r\n\r\n\r\n\r\n',1),
('0689AC3729B95B3414CF7A10F629DCC8','79A1C516742E7B156ABC70C8AA6BED88','cambio_pwd_usuario.php','<?php \r\n\r\nPluginManager::RegisterPlugin(new my_new_plugin());\r\n\r\nclass my_new_plugin extends PluginInterface {\r\n	\r\n\r\n	public function onCustomButton($operation, $item, $datos){ \r\n	    \r\n	    \r\n	    if (!empty($datos[\'id_usuario\']) && !empty($datos[\'pwd\']) \r\n	        && $datos[\'pwd\']==$datos[\'pwd2\']){\r\n	            \r\n	        $new_pwd = md5($datos[\'pwd\']);\r\n	        $r = [];\r\n	        $r[\'id\'] = $datos[\'id_usuario\'];\r\n	        $r[\'pwd\'] =  $new_pwd;\r\n	        dbupdate(\"usuarios\",$r);\r\n	        $this->showMessage(\"Contraseña cambiada correctamente\");\r\n	        \r\n	    }else {\r\n	        $this->showMessage(\"Faltan datos o las contraseñas no coinciden\");\r\n	    }\r\n		\r\n	}\r\n\r\n}\r\n',1),
('07FFB4FCCCFAAB76D7B58DBE48C2BA4B','35A30F1BCCCE6D3B8D512FAEAFCD6A01','app_forms.php','<?php\r\n\r\nPluginManager::RegisterPlugin(new my_new_plugin());\r\n\r\nclass my_new_plugin extends PluginInterface {\r\n	\r\n	protected $data; //use it at will between related events\r\n	\r\n	public function postUpdate($item, $datos){ }\r\n	public function postInsert($item, $datos){ }\r\n	public function preDuplicate($item, &$datos){ }\r\n	public function postDuplicate($item, $new_item){ }\r\n	\r\n	public function customContent($item){ \r\n		$html = \"<h3>Areas</h3>\";\r\n		$html .= print_grid(\'44F547C359298694C704DEE48FA6BCCB\' , \"id_form\", $item,\"\");\r\n		return $html;\r\n	}\r\n	\r\n	public function setDefaultValues(&$datos){  }\r\n	\r\n	public function preRenderform($item, &$datos){ \r\n				\r\n	}\r\n	public function onCustomButton($operation, $item, $datos){ \r\n		if ($operation == \"configure\" ){\r\n			try{\r\n				$r = [\"id\" => $item, \"filas\" =>$datos[\"filas\"], \"columnas\" =>$datos[\"columnas\"] ];\r\n				dbupdate(\"app_forms\",$r);\r\n				$id_entity = $datos[\"id_entity\"];\r\n				$metadatos = EntityManager::GetEntityById($id_entity);\r\n				$nombre_entidad = $metadatos[\'entity\'];\r\n				//trace ($nombre_entidad);\r\n				\r\n				$default_width = intval(100/$datos[\"columnas\"]);\r\n				//creamos tantas areas como nos diga\r\n				for ($i=0; $i< $datos[\"filas\"]; $i++){\r\n					$area = [\"id_form\" =>$item,  \"Nombre\" =>$nombre_entidad . \" $i\", \"orden\" =>$i ];\r\n					$id_area = dbinsert(\"app_form_areas\",$area);\r\n					for ($j=0; $j< $datos[\"columnas\"]; $j++){\r\n						$seccion = [\r\n							\"id_area\" =>$id_area,  \r\n							\"Nombre\" =>$nombre_entidad . \" $i $j\", \r\n							\"label\" => $nombre_entidad . \" $i $j\",\r\n							\"width\" => $default_width,							\r\n							\"orden\" =>$j \r\n							];\r\n						$id_seccion = dbinsert(\"app_form_sections\",$seccion);\r\n						if ($i==0 && $j ==0){\r\n							//introducimos los controles de todos los campos en la primera seccion\r\n							$estructura = EntityManager::GetEstructura($nombre_entidad);\r\n							foreach($estructura as $campo){\r\n								$control = [\r\n								\"id_seccion\" =>$id_seccion,  \r\n								\"control_type\" =>\"column\", \r\n								\"dbcolumn\" => $campo[\'dbcolumn\'],					\r\n								\"orden\" =>$campo[\'orden\'],\r\n								\"width\" => \"col-100\"\r\n								];\r\n								dbinsert(\"app_user_controls\",$control);\r\n							}\r\n		\r\n						}\r\n					}\r\n				}\r\n				\r\n				\r\n			} catch (PDOException $e) {\r\n				$this->showMessage(\"Error en la consulta: \" . $e->getMessage());\r\n			}\r\n		}\r\n		\r\n	}\r\n	public function postUploadFile($filedata){ $this->showMessage(\"postUploadFile\");}\r\n\r\n}\r\n',1),
('0DE0FE34C9A688B6B926F403571D60E5','3D87D8B6639DF0D570E9AB08F03853FD','proyectos.php','<?php \r\n\r\nPluginManager::RegisterPlugin(new my_new_plugin());\r\n\r\nclass my_new_plugin extends PluginInterface {\r\n	\r\n	protected $data; //use it at will between related events\r\n	\r\n	public function postUpdate($item, $datos){ }\r\n	public function postInsert($item, $datos){ }\r\n	public function preDuplicate($item, &$datos){ }\r\n	public function postDuplicate($item, $new_item){ }\r\n	\r\n	public function customContent($item){ \r\n	    $this->showMessage(\"hola\");\r\n	    \r\n	}\r\n	public function setDefaultValues(&$datos){  }\r\n	\r\n	public function preRenderform($item, &$datos){ \r\n		\r\n	}\r\n	public function onCustomButton($operation, $item, $datos){ \r\n		\r\n	}\r\n	public function postUploadFile($file){ $this->showMessage(\"postUploadFile\");}\r\n\r\n}\r\n',0),
('1479EF90F0866C4CB59DCB19018F34E5','D15D4315C5B64BB2E6E17E0A4EBEB319','app_modules.php','<?php\r\n\r\nPluginManager::RegisterPlugin(new app_modules_plugin());\r\n\r\nclass app_modules_plugin extends PluginInterface {\r\n	protected $datos; //resultado de la consulta\r\n	\r\n	public function postUpdate($item, $datos){}\r\n	public function postInsert($item, $datos){ }\r\n	public function preDuplicate($item, &$datos){ }\r\n	public function postDuplicate($item, $new_item){ }\r\n	public function customContent($item){ \r\n		\r\n		return print_grid(\'1499C6B48BF03EE27798C87A0DB98954\' , \"id_module\", $item,\"\");\r\n	}\r\n	public function setDefaultValues(&$datos){}\r\n	public function preRenderform($item, &$datos){ \r\n		\r\n		\r\n			\r\n	}\r\n	public function onCustomButton($operation, $item, $datos){ \r\n		if ($operation == \"ejecutar\" ){\r\n			try{\r\n				\r\n		\r\n			} catch (PDOException $e) {\r\n				$this->showMessage(\"Error en la consulta: \" . $e->getMessage());\r\n			}\r\n		}\r\n	}\r\n	public function postUploadFile($filedata){ $this->showMessage(\"postUploadFile\");}\r\n\r\n}\r\n',1),
('1BCC7ECEA063F238EA91C1FAED3DC045','B5C1929F74F23B89F862B0D372CD71D1','app_plugin_library.php','<?php\r\n\r\nPluginManager::RegisterPlugin(new app_entities_plugin());\r\n\r\nclass app_entities_plugin extends PluginInterface {\r\n	protected $datos; //resultado de la consulta\r\n	\r\n	public function postUpdate($item, $datos){}\r\n	public function postInsert($item, $datos){ }\r\n	public function preDuplicate($item, &$datos){ }\r\n	public function postDuplicate($item, $new_item){ }\r\n	\r\n	public function customContent($item){ \r\n				\r\n	}\r\n	\r\n	public function setDefaultValues(&$datos){}\r\n	\r\n	public function preRenderform($item, &$datos){ \r\n\r\n	}\r\n	public function onCustomButton($operation, $item, $datos){ \r\n		if ($operation == \"publish\" ){\r\n			try{\r\n				\r\n				//obtenemos el modulo\r\n				$fichero = $datos[\'filename\'];\r\n				$id_module = $datos[\'id_module\'];\r\n				$module = EntityManager::GetModuleById($id_module);\r\n				$directorio = \"modules/\".$module[\'folder\'].\"/code\";\r\n				$filename = $directorio.\"/\".$fichero;\r\n				\r\n				if (!file_exists($directorio)){\r\n					mkdir($directorio, 0777, true);\r\n				}\r\n				//guardamos en BBDD\r\n				$r = [\"id\"=> $item, \"code\" => $datos[\'code\']];\r\n				dbupdate(\"app_plugin_library\",$r,\"id\");\r\n				\r\n				//publicamos el fichero\r\n				file_put_contents($filename, $datos[\'code\']);\r\n				\r\n				$this->showMessage(\"Plugin $fichero publicado.\");\r\n				\r\n			} catch (PDOException $e) {\r\n				$this->showMessage(\"Error al publicar el plugin: \" . $e->getMessage());\r\n			}\r\n		}else if ($operation == \"load\" ){\r\n			try{\r\n				//obtenemos el modulo\r\n				$fichero = $datos[\'filename\'];\r\n				$id_module = $datos[\'id_module\'];\r\n				$module = EntityManager::GetModuleById($id_module);\r\n				$directorio = \"modules/\".$module[\'folder\'].\"/code\";\r\n				$filename = $directorio.\"/\".$fichero;\r\n				\r\n				$content = file_get_contents($filename);\r\n				\r\n				$r = [\"id\"=> $item, \"code\" => $content]; //guardamos tipo fichero y su codigo\r\n				dbupdate(\"app_plugin_library\",$r,\"id\");\r\n				\r\n				$this->showMessage(\"Ultima version de codigo recuperada\");\r\n				\r\n			} catch (PDOException $e) {\r\n				$this->showMessage(\"Error al cargar la plantilla: \" . $e->getMessage());\r\n			}\r\n		}\r\n	}\r\n	public function postUploadFile($filedata){ $this->showMessage(\"postUploadFile\");}\r\n\r\n}\r\n',1),
('208A119D07D722E3EE78753D730680AF','E4FE6D68F9B641C7958DD0221D953E3C','app_report_templates','<?php \r\n\r\nPluginManager::RegisterPlugin(new my_new_plugin_report());\r\n\r\nclass my_new_plugin_report extends PluginInterface {\r\n	\r\n	protected $data; //use it at will between related events\r\n	\r\n	public function postUpdate($item, $datos){ }\r\n	public function postInsert($item, $datos){ }\r\n	public function preDuplicate($item, &$datos){ }\r\n	public function postDuplicate($item, $new_item){\r\n	    \r\n	    $r = dbgetbyid(\"app_report_templates\",$new_item);\r\n	    \r\n	    $r[\"nombre\"] = $r[\"nombre\"].\" copy\";\r\n	    dbupdate(\"app_report_templates\",$r);\r\n	    \r\n	    \r\n	    //duplicamos Vistas\r\n		$data = query(\"SELECT * FROM app_report_queries where id_template=\".quote($item));\r\n		foreach ($data as $v) {\r\n		    // code...\r\n		    $v[\'id_template\'] = $new_item;\r\n		    $v[\'id\']=\'\';\r\n		    dbinsert(\'app_report_queries\', $v);\r\n		}\r\n		\r\n		\r\n	    \r\n	}\r\n	\r\n	public function customContent($item){ 	}\r\n	\r\n	public function setDefaultValues(&$datos){  }\r\n	\r\n	public function preRenderform($item, &$datos){ \r\n		\r\n	}\r\n	public function onCustomButton($operation, $item, $datos){ \r\n		\r\n	}\r\n	public function postUploadFile($file){ $this->showMessage(\"postUploadFile\");}\r\n	\r\n	public function preDelete($item){ }\r\n	public function postDelete($item){ }\r\n\r\n}\r\n',1),
('3054C0D796615768C68C11FC1178D2E8','A9BC1252645E7B10B92A1C75E8D6E4EF','app_scripts.php','<?php\r\n\r\nPluginManager::RegisterPlugin(new app_entities_plugin());\r\n\r\nclass app_entities_plugin extends PluginInterface {\r\n	protected $datos; //resultado de la consulta\r\n	\r\n	public function postUpdate($item, $datos){}\r\n	public function postInsert($item, $datos){ }\r\n	public function preDuplicate($item, &$datos){ }\r\n	public function postDuplicate($item, $new_item){ }\r\n	\r\n	public function customContent($item){ \r\n				\r\n	}\r\n	\r\n	public function setDefaultValues(&$datos){}\r\n	\r\n	public function preRenderform($item, &$datos){ \r\n\r\n	}\r\n	public function onCustomButton($operation, $item, $datos){ \r\n		/*if ($operation == \"template\" ){\r\n			try{\r\n				$content = file_get_contents(\"modules/core/plugins/plugin.tpl\");\r\n				$r = [\"id\"=> $item, \"code\" => $content];\r\n				dbupdate(\"app_plugins\",$r,\"id\");\r\n				$this->showMessage(\"cargar plantilla\");\r\n				\r\n				\r\n			} catch (PDOException $e) {\r\n				$this->showMessage(\"Error al cargar la plantilla: \" . $e->getMessage());\r\n			}\r\n		}else \r\n		*/\r\n		\r\n		if ($operation == \"publish\" ){\r\n			try{\r\n				\r\n				//obtenemos el modulo\r\n				$fichero = $datos[\'filename\'];\r\n				$id_entity = $datos[\'id_entity\'];\r\n				$metadata = EntityManager::GetEntityById($id_entity);\r\n				$module = EntityManager::GetModuleById($metadata[\'id_module\']);\r\n				\r\n				$directorio = \"modules/\".$module[\'folder\'].\"/scripts/\";\r\n				$filename = $directorio.$fichero;\r\n				if (!file_exists($directorio)){\r\n					mkdir($directorio, 0777, true);\r\n				}\r\n				\r\n				//guardamos en BBDD\r\n				$r = [\"id\"=> $item, \"code\" => $datos[\'code\']];\r\n				dbupdate(\"app_scripts\",$r,\"id\");\r\n				\r\n				//publicamos el fichero\r\n				file_put_contents($filename, $datos[\'code\']);\r\n				\r\n				$this->showMessage(\"Script $fichero publicado.\");\r\n				\r\n			} catch (PDOException $e) {\r\n				$this->showMessage(\"Error al publicar el plugin: \" . $e->getMessage());\r\n			}\r\n		}else if ($operation == \"load\" ){\r\n			try{\r\n				//obtenemos el modulo\r\n				$fichero = $datos[\'filename\'];\r\n				$id_entity = $datos[\'id_entity\'];\r\n				$metadata = EntityManager::GetEntityById($id_entity);\r\n				$module = EntityManager::GetModuleById($metadata[\'id_module\']);\r\n				\r\n				$content = file_get_contents(\"modules/\".$module[\'folder\'].\"/scripts/\".$fichero);\r\n				\r\n				$r = [\"id\"=> $item,\"code\" => $content]; //guardamos tipo fichero y su codigo\r\n				dbupdate(\"app_scripts\",$r,\"id\");\r\n				\r\n				$this->showMessage(\"Ultima version del script recuperada\");\r\n				\r\n			} catch (PDOException $e) {\r\n				$this->showMessage(\"Error al cargar el script: \" . $e->getMessage());\r\n			}\r\n		}\r\n	}\r\n	public function postUploadFile($filedata){ $this->showMessage(\"postUploadFile\");}\r\n\r\n}\r\n',1),
('3130796827DBBE17E04C2B6482709D3B','744B2497EDAF0D610DA0D599DAF7F1CF','app_relations.php','<?php \r\n\r\nPluginManager::RegisterPlugin(new my_new_plugin());\r\n\r\nclass my_new_plugin extends PluginInterface {\r\n	\r\n\r\n	public function onCustomButton($operation, $item, $datos){ \r\n	    \r\n\r\n	    \r\n	    //$this->showMessage($entity_name);\r\n	    \r\n	    \r\n	    if ($operation == \"create\"){\r\n	        try{\r\n	            \r\n                $this->create_relationship($datos);\r\n    	        \r\n    	        $this->showMessage( \"Relación creada \". $datos[\'name\'] );\r\n    	        \r\n    	        \r\n	        } catch (PDOException $e) {\r\n				$this->showMessage(\"Error en la consulta: \" . $e->getMessage());\r\n			}\r\n	     \r\n	        \r\n	    } else if ($operation == \"list_create\"){\r\n	        \r\n	        foreach($datos as $element){\r\n	           try{\r\n                    $rel = dbgetbyid(\"app_relations\",$element);\r\n                    $this->create_relationship($rel);\r\n                    \r\n        	        $this->showMessage( \"Relación creada \". $rel[\'name\'] );\r\n        	        \r\n    	        } catch (PDOException $e) {\r\n    				$this->showMessage(\"Error en la consulta: \" . $e->getMessage());\r\n    			}   \r\n	        }\r\n	        \r\n	        \r\n	    } else if ($operation == \"drop\"){\r\n	        try{\r\n                $this->drop_relationship($datos);\r\n                \r\n	        } catch (PDOException $e) {\r\n				$this->showMessage(\"Error en la consulta: \" . $e->getMessage());\r\n			}\r\n			\r\n	    } else if ($operation == \"list_drop\"){\r\n	        foreach($datos as $element){\r\n	           try{\r\n                    $rel = dbgetbyid(\"app_relations\",$element);\r\n	       \r\n                    $this->drop_relationship($rel);\r\n                    $this->showMessage( \"Relación borrada \". $rel[\'name\'] );\r\n                    \r\n    	        } catch (PDOException $e) {\r\n    				$this->showMessage(\"Error en la consulta: \" . $e->getMessage());\r\n    			}\r\n	        }\r\n	    }\r\n	    \r\n		\r\n	}\r\n	\r\n	public function create_relationship($datos){\r\n        $metadata = EntityManager::GetEntityById($datos[\'id_entity\']);\r\n        $entity_name = $metadata[\'entity\'];\r\n        \r\n        $metadata = EntityManager::GetEntityById($datos[\'id_related_entity\']);\r\n        $related_entity = $metadata[\'entity\'];\r\n        \r\n        $sql = \"ALTER TABLE $entity_name ADD CONSTRAINT \".$datos[\'name\'];\r\n        $sql .= \" FOREIGN KEY (\".$datos[\'field\'].\") \";\r\n        $sql .= \" REFERENCES $related_entity (id) \";\r\n        $sql .= \" ON DELETE \". $datos[\'on_delete\'];\r\n        $sql .= \" ON UPDATE \". $datos[\'on_update\'];\r\n        \r\n        query($sql);\r\n        \r\n        $r = [];\r\n        $r[\'id\'] = $datos[\'id\'];\r\n        $r[\'estado\'] = 1; //activa\r\n        dbupdate(\"app_relations\", $r);\r\n        \r\n       \r\n	}\r\n\r\n    public function drop_relationship($datos){\r\n        \r\n        $metadata = EntityManager::GetEntityById($datos[\'id_entity\']);\r\n        $entity_name = $metadata[\'entity\'];\r\n        \r\n        $sql = \"ALTER TABLE $entity_name  DROP FOREIGN KEY \".$datos[\'name\'];\r\n        query($sql);\r\n        \r\n        $r = [];\r\n        $r[\'id\'] = $datos[\'id\'];\r\n        $r[\'estado\'] = 0; //activa\r\n        dbupdate(\"app_relations\", $r);\r\n	}\r\n\r\n}\r\n',1),
('42C0B3B34FF97A55A2CE58F7B8234232','7D2C9C0CF3B893CA6EC55DC070198D44','productos.php','<?php \r\ninclude_once(\'modules/ventas/plugins/ventas_lib.php\');\r\n\r\nPluginManager::RegisterPlugin(new my_new_plugin());\r\n\r\nclass my_new_plugin extends PluginInterface {\r\n	\r\n	protected $data; //use it at will between related events\r\n	\r\n	public function postUpdate($item, $datos){  }\r\n	public function postInsert($item, $datos){ \r\n	    \r\n	    //query(\"update productos set nombre= concat(nombre, \' insertado\') where id=\".quote($item));\r\n	    \r\n	}\r\n	public function preDuplicate($item, &$datos){ \r\n	    $datos[\'nombre\'] = $datos[\'nombre\'] . \" - copia\";\r\n	    \r\n	}\r\n	public function postDuplicate($item, $new_item){\r\n	    \r\n	}\r\n	\r\n	public function customContent($item){ 	}\r\n	\r\n	public function setDefaultValues(&$datos){  }\r\n	\r\n	public function preRenderform($item, &$datos){ \r\n	    \r\n		\r\n	}\r\n	public function onCustomButton($operation, $item, $datos){ \r\n	    \r\n	    if ($operation == \"test_api\"){\r\n	        \r\n            $params = get_all_config();\r\n            $url = $params[\'API_CONSULTA\'].\"?query=9\";\r\n            $securityToken = $params[\'API_TOKEN\']; \r\n            \r\n            $jsonData =getRequest($url, $securityToken );\r\n            \r\n            $this->showMessage(\"Obtenidos \" . count($jsonData));\r\n\r\n	        \r\n	    }\r\n		\r\n	}\r\n	public function postUploadFile($filedata){ $this->showMessage(\"postUploadFile\");}\r\n\r\n}\r\n',1),
('45E7652790D6FCF400A398E743934706','8A7584A9F47A9E6BD168FE208A4CBA9D','app_entities.php','<?php\r\n\r\nPluginManager::RegisterPlugin(new app_entities_plugin());\r\n\r\n\r\nclass app_entities_plugin extends PluginInterface {\r\n	protected $datos; //resultado de la consulta\r\n	\r\n	public function postUpdate($item, $datos){}\r\n	public function postInsert($item, $datos){ }\r\n	public function preDuplicate($item, &$datos){ }\r\n	public function postDuplicate($item, $new_item){ \r\n	    \r\n	    //cambiamos el nombre\r\n	    query(\"update app_entities set entity = concat(entity,\'_copy\'), plural_name = concat(plural_name,\' COPY\') where id=\".quote($new_item));\r\n	    \r\n	    //duplicamos Columnas\r\n		$data = query(\"SELECT * FROM app_entity_columns where id_entity=\".quote($item));\r\n		foreach ($data as $col) {\r\n		    // code...\r\n		    $col[\'id_entity\'] = $new_item;\r\n		    $col[\'id\']=\'\';\r\n		    dbinsert(\'app_entity_columns\', $col);\r\n		}\r\n		//duplicamos Vistas\r\n		$data = query(\"SELECT * FROM app_views where id_entity=\".quote($item));\r\n		foreach ($data as $v) {\r\n		    // code...\r\n		    $v[\'id_entity\'] = $new_item;\r\n		    $v[\'id\']=\'\';\r\n		    dbinsert(\'app_views\', $v);\r\n		}\r\n		\r\n		//duplicamos javascript\r\n		$data = query(\"SELECT * FROM app_scripts where id_entity=\".quote($item));\r\n		foreach ($data as $v) {\r\n		    // code...\r\n		    $v[\'id_entity\'] = $new_item;\r\n		    $v[\'id\']=\'\';\r\n		    $v[\'estado\']=0;\r\n		    dbinsert(\'app_scripts\', $v);\r\n		}\r\n		\r\n		//duplicamos plugins\r\n		$data = query(\"SELECT * FROM app_plugins where id_entity=\".quote($item));\r\n		foreach ($data as $v) {\r\n		    // code...\r\n		    $v[\'id_entity\'] = $new_item;\r\n		    $v[\'id\']=\'\';\r\n		    $v[\'estado\']=0;\r\n		    dbinsert(\'app_plugins\', $v);\r\n		}\r\n		\r\n		//duplicamos formularios\r\n		$data = query(\"SELECT * FROM app_forms where id_entity=\".quote($item));\r\n		foreach ($data as $v) {\r\n		    // code...\r\n		    $v[\'id_entity\'] = $new_item;\r\n		    $old_form = $v[\'id\'];\r\n		    $v[\'id\']=\'\';\r\n		    $new_form = dbinsert(\'app_forms\', $v);\r\n		    \r\n		    $areas = query(\"SELECT * FROM app_form_areas where id_form=\".quote($old_form));\r\n    		foreach ($areas as $area) {\r\n    		    // code...\r\n    		    $area[\'id_form\'] = $new_form;\r\n    		    $old_area = $area[\'id\'];\r\n    		    $area[\'id\']=\'\';\r\n    		    $new_area = dbinsert(\'app_form_areas\', $area);\r\n    		    \r\n    		    $sections = query(\"SELECT * FROM app_form_sections where id_area=\".quote($old_area));\r\n        		foreach ($sections as $s) {\r\n        		    // code...\r\n        		    $s[\'id_area\'] = $new_area;\r\n        		    $old_section = $s[\'id\'];\r\n        		    $s[\'id\']=\'\';\r\n        		    $new_section = dbinsert(\'app_form_sections\', $s);\r\n        		    \r\n        		    $controls = query(\"SELECT * FROM app_user_controls where id_seccion=\".quote($old_section));\r\n            		foreach ($controls as $uc) {\r\n            		    // code...\r\n            		    $uc[\'id_seccion\'] = $new_section;\r\n            		    $uc[\'id\']=\'\';\r\n            		    dbinsert(\'app_user_controls\', $uc);\r\n            		    \r\n            		    \r\n            		    \r\n            		}\r\n        		    \r\n        		}\r\n    		    \r\n    		}\r\n		    \r\n		}\r\n		\r\n	    \r\n	}\r\n	\r\n	public function customContent($item){ \r\n\r\n	}\r\n	\r\n	public function setDefaultValues(&$datos){}\r\n	\r\n	public function preRenderform($item, &$datos){ \r\n\r\n	}\r\n	public function onCustomButton($operation, $item, $datos){ \r\n		if ($operation == \"create\" ){\r\n			try{\r\n				$tabla = $datos[\'entity\'];\r\n				$campo_principal = $datos[\'campo_principal\'];\r\n				\r\n				$sql = \"create table $tabla ( \r\n						id char(32) not null primary KEY,\";\r\n				if ($campo_principal != \"\"){\r\n				    $sql .= \" $campo_principal varchar(100) null,\";\r\n				} \r\n		\r\n				$sql .= \" fecha_creacion TIMESTAMP DEFAULT CURRENT_TIMESTAMP,\r\n						fecha_modificacion TIMESTAMP DEFAULT CURRENT_TIMESTAMP ON UPDATE CURRENT_TIMESTAMP  )\";\r\n				query($sql);\r\n				\r\n				$this->showMessage(\"Tabla $tabla creada correctamente\");\r\n				\r\n			} catch (PDOException $e) {\r\n				$this->showMessage(\"Error en la consulta: \" . $e->getMessage());\r\n			}\r\n		}else if ($operation == \"create_cols\" ){\r\n			\r\n			\r\n				$estructura = EntityManager::GetEstructura($datos[\'entity\']);\r\n				$table_name = $datos[\'entity\'];\r\n				\r\n				foreach($estructura as $columna){\r\n					$col_name = $columna[\'dbcolumn\'];\r\n					$type = EntityManager::getDBtype($columna[\'type\'], $columna[\'max\']);\r\n					\r\n					$sql = \"alter table $table_name add column $col_name $type NULL\";\r\n					try{\r\n						query($sql);\r\n						\r\n					} catch (PDOException $e) {\r\n						//$this->showMessage(\"Error en la consulta: \" . $e->getMessage());\r\n					}\r\n					\r\n				}\r\n				\r\n				$this->showMessage(\"Cambios aplicados\");\r\n				\r\n			\r\n			\r\n		}else if ($operation == \"drop\" ){\r\n			try{\r\n				$tabla = $datos[\'entity\'];\r\n								\r\n				$sql = \"drop table $tabla \";\r\n				query($sql);\r\n				\r\n				$this->showMessage(\"Tabla $tabla borrada correctamente\");\r\n				\r\n			} catch (PDOException $e) {\r\n				$this->showMessage(\"Error en la consulta: \" . $e->getMessage());\r\n			}\r\n		}else if ($operation == \"load\" ){\r\n			try{\r\n				global $dbname;\r\n				\r\n				$tabla = $datos[\'entity\'];\r\n								\r\n				$sql = \"insert into app_entity_columns (id, id_entity, dbcolumn, label, type, `max`, hidden, disabled)\r\n						select HEX(RANDOM_BYTES(16)) as id,  e.id as id_entity, COLUMN_NAME , COLUMN_NAME ,\r\n						case data_type \r\n						when \'int\' then \'int\'   \r\n						when \'varchar\' then \'text\' \r\n						when \'char\' then (case when CHARACTER_MAXIMUM_LENGTH=32 THEN \'guid\' else \'text\' end) 						\r\n						when \'text\' then \'textarea\'  \r\n						when \'float\' then \'decimal\'  \r\n						when \'double\' then \'decimal\'  \r\n						when \'real\' then \'decimal\' \r\n						when \'timestamp\' then \'datetime\'\r\n						else data_type\r\n						end AS tpye, coalesce(CHARACTER_MAXIMUM_LENGTH,0) AS `max`,\r\n						(case when extra =\'auto_increment\' then 1 else 0 end) as hidden, \r\n						(case data_type when \'timestamp\' then 1 else 0 end )as disabled\r\n\r\n						from information_schema.columns AS C \r\n						inner join app_entities e on e.entity = C.table_name \r\n						where table_schema = \'$dbname\'\r\n						and C.table_name =\'$tabla\'\";\r\n				query($sql);\r\n				\r\n				$this->showMessage(\"Columnas importadas\");\r\n				\r\n			} catch (PDOException $e) {\r\n				$this->showMessage(\"Error en la consulta: \" . $e->getMessage());\r\n			}\r\n		}\r\n	}\r\n	public function postUploadFile($filedata){ $this->showMessage(\"postUploadFile\");}\r\n\r\n}\r\n',1),
('4A902F4D83EF2610966C4D410279E6F8','C0F34C980D8AC44DAB5B7148A9669AD8','ventas_pedidos.php','<?php \r\n\r\nPluginManager::RegisterPlugin(new my_new_plugin());\r\n\r\nclass my_new_plugin extends PluginInterface {\r\n	\r\n	protected $data; //use it at will between related events\r\n	\r\n	public function postUpdate($item, $datos){ }\r\n	public function postInsert($item, $datos){ \r\n	    $datos[\'codigo\'] = nextSequence(\"ventas_pedidos\");\r\n	    $datos[\'id\']= $item;\r\n	    dbupdate(\"ventas_pedidos\", $datos);\r\n	}\r\n	public function preDuplicate($item, &$datos){ }\r\n	public function postDuplicate($item, $new_item){ \r\n	    \r\n	    //duplicamos Columnas\r\n		$data = query(\"SELECT * FROM ventas_pedidos_lineas where id_pedido=\".quote($item));\r\n		foreach ($data as $col) {\r\n		    // code...\r\n		    $col[\'id_pedido\'] = $new_item;\r\n		    $col[\'id\']=\'\';\r\n		    dbinsert(\'ventas_pedidos_lineas\', $col);\r\n		}\r\n	    \r\n	}\r\n	\r\n	public function customContent($item){ 	}\r\n	\r\n	public function setDefaultValues(&$datos){  }\r\n	\r\n	public function preRenderform($item, &$datos){ \r\n		\r\n	}\r\n	public function onCustomButton($operation, $item, $datos){ \r\n		\r\n	}\r\n	public function postUploadFile($file){ $this->showMessage(\"postUploadFile\");}\r\n\r\n}\r\n',1),
('6A439791CD14E8457BC48B03C192A427','490484A9474D03AB69738B7FC05D057C','ventas_ofertas.php','<?php \r\n\r\nPluginManager::RegisterPlugin(new my_new_plugin());\r\n\r\nclass my_new_plugin extends PluginInterface {\r\n	\r\n	protected $data; //use it at will between related events\r\n	\r\n	public function postUpdate($item, $datos){ }\r\n	public function postInsert($item, $datos){ \r\n	    $datos[\'codigo\'] = nextSequence(\"ventas_ofertas\");\r\n	    $datos[\'estado\'] =0; //borrador \r\n	    \r\n	    $hoy = new DateTime();\r\n	    $datos[\'fecha_oferta\'] = $hoy->format(\'Y-m-d\');\r\n        $hoy->add(new DateInterval(\'P30D\'));\r\n        $datos[\'valido_hasta\'] = $hoy->format(\'Y-m-d\');\r\n        \r\n	    $datos[\'id\']= $item;\r\n	    dbupdate(\"ventas_ofertas\", $datos);\r\n	}\r\n	public function preDuplicate($item, &$datos){ }\r\n	public function postDuplicate($item, $new_item){ \r\n	    \r\n	    //duplicamos Columnas\r\n		$data = query(\"SELECT * FROM ventas_ofertas_lineas where id_oferta=\".quote($item));\r\n		foreach ($data as $col) {\r\n		    // code...\r\n		    $col[\'id_oferta\'] = $new_item;\r\n		    $col[\'id\']=\'\';\r\n		    dbinsert(\'ventas_ofertas_lineas\', $col);\r\n		}\r\n	    \r\n	}\r\n	public function postTransition($item, $trans){\r\n	   /* \r\n	    $r = array();\r\n	    $r[\'id\']= $item;\r\n	    $r[\'notas\'] = json_encode($trans);\r\n	    dbupdate(\"ventas_ofertas\", $r);\r\n	    */\r\n	    \r\n	}\r\n	public function customContent($item){ 	}\r\n	\r\n	public function setDefaultValues(&$datos){  }\r\n	\r\n	public function preRenderform($item, &$datos){ \r\n		\r\n	}\r\n	public function onCustomButton($operation, $item, $datos){ \r\n		\r\n	}\r\n	public function postUploadFile($file){ $this->showMessage(\"postUploadFile\");}\r\n\r\n}\r\n',1),
('A8E969A1A48B9B26634991C34461280E','8CD7AC1F9330314D645F44BFAD6749C4','ventas_ofertas_lineas.php','<?php \r\n\r\nPluginManager::RegisterPlugin(new my_new_plugin());\r\n\r\nclass my_new_plugin extends PluginInterface {\r\n	\r\n	protected $data; //use it at will between related events\r\n	protected $id_oferta_padre;\r\n	\r\n	public function postUpdate($item, $datos){\r\n	   \r\n	   $this->procesarLinea($item, $datos);\r\n	   $this->UpdateOferta( $datos[\'id_oferta\']);\r\n	   \r\n	}\r\n	\r\n	public function UpdateOferta($id_oferta){\r\n	    \r\n	    $totales = subtotals(\"ventas_ofertas_lineas\", [\"total_neto\",\"total_impuestos\"], \"id_oferta\", $id_oferta);\r\n	    $oferta=[];\r\n	    //trace(\"totales \" . $id_oferta);\r\n	    //dump($totales);\r\n	    $oferta[\'id\']= $id_oferta;\r\n	    $oferta[\'total_neto\']= round($totales[\"total_neto\"],2);\r\n	    $oferta[\'total_impuestos\']= round($totales[\"total_impuestos\"],2);\r\n	    $oferta[\'importe_total\']= round($totales[\"total_neto\"],2) + round($totales[\"total_impuestos\"],2);\r\n	    \r\n	    //dump($oferta);\r\n	    dbupdate(\"ventas_ofertas\",$oferta);\r\n	    \r\n	}\r\n	\r\n	public function procesarLinea($item, $datos){\r\n	    \r\n	    $id_producto = $datos[\'id_producto\'];\r\n	    $cantidad = $datos[\'cantidad\'];\r\n	    $precio_unit = floatval($datos[\'precio\']);\r\n	    $descuento = floatval($datos[\'descuento\']);\r\n	    $pct_impuesto = floatval($datos[\'impuesto\']);\r\n	    \r\n	    \r\n	    $producto = dbgetbyid(\"productos\",$id_producto);\r\n	    //dump($producto);\r\n	    \r\n	    if ($producto!=null){\r\n	        if($precio_unit == 0) $precio_unit =  floatval($producto[\'precio\']);\r\n	        \r\n	        $id_impuesto = $producto[\'id_impuesto\'];\r\n	        if ($id_impuesto != \"\"){\r\n	            $impuesto = dbgetbyid(\"impuestos\",$id_impuesto);\r\n	            //dump($impuesto);\r\n	            $pct_impuesto = $impuesto[\'porcentaje\'];\r\n	        }\r\n	    }\r\n	    $total_neto = $precio_unit * $cantidad * (1.0- $descuento/100.0 );\r\n	    $total_impuestos = ($pct_impuesto/100.0) * $total_neto;\r\n	    \r\n	    $r = [];\r\n	    $r[\'id\'] = $item;\r\n	    $r[\'impuesto\'] = $pct_impuesto;\r\n	    $r[\'precio\'] = $precio_unit;\r\n	    $r[\'total_neto\'] = $total_neto;\r\n	    $r[\'total_impuestos\'] = $total_impuestos;\r\n	    $r[\'total_linea\'] = $total_neto + $total_impuestos;\r\n	    //dump($r);\r\n	    \r\n	    dbupdate(\"ventas_ofertas_lineas\", $r);\r\n	    \r\n	    \r\n	    \r\n	}\r\n	\r\n	public function postInsert($item, $datos){\r\n	    \r\n        $this->procesarLinea($item, $datos);\r\n	    $this->UpdateOferta($datos[\'id_oferta\']);\r\n	    \r\n	}\r\n	\r\n	public function preDelete($item){\r\n	    \r\n	    $record = dbgetbyid(\"ventas_ofertas_lineas\",$item);\r\n	    $this->id_oferta_padre = $record[\'id_oferta\'];\r\n	}\r\n	public function postDelete($item){\r\n	    \r\n	    $this->UpdateOferta($this->id_oferta_padre);\r\n	}\r\n	\r\n	public function preDuplicate($item, &$datos){ }\r\n	public function postDuplicate($item, $new_item){ }\r\n	\r\n	public function customContent($item){ 	}\r\n	\r\n	public function setDefaultValues(&$datos){  }\r\n	\r\n	public function preRenderform($item, &$datos){ \r\n	    //número de orden en el alta\r\n	    if ($item == \"\" || $item <0){\r\n	        $aux = query1(\"select coalesce(max(orden),0)+1 as orden from ventas_ofertas_lineas where id_oferta =  \".quote($datos[\'id_oferta\']));\r\n	        $datos[\'orden\'] =$aux[\'orden\'];\r\n	        \r\n	    }else { //establece el estado del registro como bloqueado o activo en función de la cabecera\r\n	        $id_oferta = $datos[\'id_oferta\'];\r\n	        $ofe = dbgetbyid(\"ventas_ofertas\",$id_oferta);\r\n	        $datos[\'status\'] = $ofe[\'status\'];\r\n	    }\r\n		\r\n	}\r\n	public function onCustomButton($operation, $item, $datos){ \r\n		\r\n	}\r\n	public function postUploadFile($file){ $this->showMessage(\"postUploadFile\");}\r\n\r\n}\r\n\r\n\r\n\r\n',1),
('B212FC0A3CF1746CE632130B8AA92CBE','A68EEE98E6B4784D4DFFC8BD9102F849','app_graphics.php','<?php \r\n\r\nPluginManager::RegisterPlugin(new my_new_plugin());\r\n\r\nclass my_new_plugin extends PluginInterface {\r\n	\r\n	protected $data; //use it at will between related events\r\n	\r\n	public function postUpdate($item, $datos){ }\r\n	public function postInsert($item, $datos){ }\r\n	public function preDuplicate($item, &$datos){ }\r\n	public function postDuplicate($item, $new_item){ }\r\n	\r\n	public function customContent($item){ \r\n	   \r\n	   return print_graphic($item , \"\" , \"\", \"Titulo del grafico\");\r\n	   \r\n	    \r\n	}\r\n	\r\n	public function setDefaultValues(&$datos){  }\r\n	\r\n	public function preRenderform($item, &$datos){ \r\n		\r\n	}\r\n	public function onCustomButton($operation, $item, $datos){ \r\n		$this->showMessage(\"TEST\");\r\n	}\r\n	public function postUploadFile($file){ $this->showMessage(\"postUploadFile\");}\r\n\r\n}\r\n',1),
('C5BA920998AA1094EF844DACB6EB037A','2AAF5FB75C18B38E851D52C913976F89','app_views.php','<?php\r\n\r\nPluginManager::RegisterPlugin(new consultas_plugin());\r\n\r\nclass consultas_plugin extends PluginInterface {\r\n	protected $datos; //resultado de la consulta\r\n	\r\n	public function postUpdate($item, $datos){}\r\n	public function postInsert($item, $datos){ }\r\n	public function preDuplicate($item, &$datos){ }\r\n	public function postDuplicate($item, $new_item){ }\r\n	public function customContent($item){ \r\n		$listado_html = \"\";\r\n		if ($this->datos != null){\r\n			$listado_html = generarTablaHTML($this->datos);\r\n		}\r\n		return $listado_html;\r\n	}\r\n	public function setDefaultValues(&$datos){}\r\n	public function preRenderform($item, &$datos){ \r\n		\r\n	}\r\n	public function onCustomButton($operation, $item, $datos){ \r\n		if ($operation == \"test\" ){\r\n			try{\r\n				$r = [\"id\" => $item, \"query\" =>$datos[\"query\"] ];\r\n				dbupdate(\"app_views\",$r);\r\n				\r\n				$this->datos = query($datos[\"query\"]); \r\n				$this->showMessage(\"Consulta ejecutada\");\r\n		\r\n			} catch (PDOException $e) {\r\n				$this->showMessage(\"Error en la consulta: \" . $e->getMessage());\r\n			}\r\n		}\r\n	}\r\n	public function postUploadFile($filedata){ $this->showMessage(\"postUploadFile\");}\r\n\r\n}\r\n',1),
('CBE0B82E95E7FEDAA449B5A0F969B528','BA0C16DF30A8A623EE49338EDBEFAB38','app_entity_columns.php','<?php\r\n\r\nPluginManager::RegisterPlugin(new app_entities_plugin());\r\n\r\nclass app_entities_plugin extends PluginInterface {\r\n	protected $datos; //resultado de la consulta\r\n	\r\n	public function postUpdate($item, $datos){}\r\n	public function postInsert($item, $datos){ }\r\n	public function preDuplicate($item, &$datos){ }\r\n	public function postDuplicate($item, $new_item){ }\r\n	\r\n	public function customContent($item){ \r\n\r\n	}\r\n	\r\n	public function setDefaultValues(&$datos){}\r\n	\r\n	public function preRenderform($item, &$datos){ \r\n\r\n	}\r\n	public function onCustomButton($operation, $item, $datos){ \r\n		if ($operation == \"create\" ){\r\n			try{\r\n				$entity = EntityManager::GetEntityById($datos[\'id_entity\']);\r\n				$table_name = $entity[\'entity\'];\r\n				$col_name = $datos[\'dbcolumn\'];\r\n				$type = EntityManager::getDBtype($datos[\'type\'], $datos[\'max\']);\r\n				\r\n				$sql = \"alter table $table_name add column $col_name $type NULL\";\r\n				//trace($sql);\r\n				query($sql);\r\n				\r\n				$this->showMessage(\"COLUMNA $table_name.$col_name CREADA correctamente\");\r\n				\r\n			} catch (PDOException $e) {\r\n				$this->showMessage(\"Error en la consulta: \" . $e->getMessage());\r\n			}\r\n		}else if ($operation == \"drop\" ){\r\n			try{\r\n				$entity = EntityManager::GetEntityById($datos[\'id_entity\']);\r\n				$table_name = $entity[\'entity\'];\r\n				$col_name = $datos[\'dbcolumn\'];\r\n				\r\n				\r\n				$sql = \"alter table $table_name drop column $col_name\";\r\n				//trace($sql);\r\n				query($sql);\r\n				\r\n				$this->showMessage(\"COLUMNA $table_name.$col_name BORRADA correctamente\");\r\n				\r\n			} catch (PDOException $e) {\r\n				$this->showMessage(\"Error en la consulta: \" . $e->getMessage());\r\n			}\r\n		}\r\n	}\r\n	public function postUploadFile($filedata){ $this->showMessage(\"postUploadFile\");}\r\n\r\n}\r\n',1),
('F8614D036A03DA49833D0E54DE68E391','383D9E6BA1659044E079B71BCE51FE19','app_form_areas.php','<?\r\n\r\nPluginManager::RegisterPlugin(new my_new_plugin());\r\n\r\nclass my_new_plugin extends PluginInterface {\r\n	\r\n	protected $data; //use it at will between related events\r\n	\r\n	public function postUpdate($item, $datos){ }\r\n	public function postInsert($item, $datos){ }\r\n	public function preDuplicate($item, &$datos){ }\r\n	public function postDuplicate($item, $new_item){ }\r\n	\r\n	public function customContent($item){ \r\n		$html = \"<h3>Secciones</h3>\";\r\n		$html .= print_grid(\'D2E616EC2D515DBC1391A839BDD6BE0A\', \"id_area\", $item,\"\");\r\n		return $html;\r\n	}\r\n	\r\n	public function setDefaultValues(&$datos){  }\r\n	\r\n	public function preRenderform($item, &$datos){ \r\n		\r\n	}\r\n	public function onCustomButton($operation, $item, $datos){ \r\n		\r\n	}\r\n	public function postUploadFile($filedata){ $this->showMessage(\"postUploadFile\");}\r\n\r\n}\r\n',1),
('FB5B98A033B9F4540EA72D06FAB676EB','F1E43B2A0795284DE1CFEA2C5D057F32','imagenes.php','<?php \r\n\r\nPluginManager::RegisterPlugin(new my_new_plugin());\r\n\r\nclass my_new_plugin extends PluginInterface {\r\n	\r\n	protected $data; //use it at will between related events\r\n	\r\n	public function postUpdate($item, $datos){ }\r\n	public function postInsert($item, $datos){ }\r\n	public function preDuplicate($item, &$datos){ }\r\n	public function postDuplicate($item, $new_item){ }\r\n	\r\n	public function customContent($item){ 	}\r\n	\r\n	public function setDefaultValues(&$datos){  }\r\n	\r\n	public function preRenderform($item, &$datos){ \r\n		\r\n	}\r\n	public function onCustomButton($operation, $item, $datos){ \r\n			$this->showMessage(\"onCustomButton $operation\");\r\n	}\r\n	public function postUploadFile($file){ $this->showMessage(\"postUploadFile\");}\r\n\r\n}\r\n',1),
('FEF3304D55C34B87B9937F4575C666E0','B0D9EB0533F678EA863976D6C156CD0E','app_form_sections.php','<?\r\n\r\nPluginManager::RegisterPlugin(new my_new_plugin());\r\n\r\nclass my_new_plugin extends PluginInterface {\r\n	\r\n	protected $data; //use it at will between related events\r\n	\r\n	public function postUpdate($item, $datos){ }\r\n	public function postInsert($item, $datos){ }\r\n	public function preDuplicate($item, &$datos){ }\r\n	public function postDuplicate($item, $new_item){ }\r\n	\r\n	public function customContent($item){ \r\n		$html = \"<h3>Controles de formulario</h3>\";\r\n		$html .= print_grid(\'4CEB444996216FE37E38DE2C6C3D287A\', \"id_seccion\", $item, \"\");\r\n\r\n		return $html;\r\n	}\r\n	\r\n	public function setDefaultValues(&$datos){  }\r\n	\r\n	public function preRenderform($item, &$datos){ \r\n		\r\n	}\r\n	public function onCustomButton($operation, $item, $datos){ \r\n		\r\n	}\r\n	public function postUploadFile($filedata){ $this->showMessage(\"postUploadFile\");}\r\n\r\n}\r\n',1);
/*!40000 ALTER TABLE `app_plugins` ENABLE KEYS */;
UNLOCK TABLES;

--
-- Table structure for table `app_proceso_entidad`
--

DROP TABLE IF EXISTS `app_proceso_entidad`;
/*!40101 SET @saved_cs_client     = @@character_set_client */;
/*!40101 SET character_set_client = utf8mb4 */;
CREATE TABLE `app_proceso_entidad` (
  `id` char(32) NOT NULL,
  `nombre` varchar(100) DEFAULT NULL,
  `fecha_creacion` timestamp NULL DEFAULT current_timestamp(),
  `fecha_modificacion` timestamp NULL DEFAULT current_timestamp() ON UPDATE current_timestamp(),
  `id_entity` char(32) DEFAULT NULL,
  `status` int(11) DEFAULT NULL,
  `campo_entidad` varchar(50) DEFAULT NULL,
  PRIMARY KEY (`id`)
) ENGINE=InnoDB DEFAULT CHARSET=utf8mb3 COLLATE=utf8mb3_general_ci;
/*!40101 SET character_set_client = @saved_cs_client */;

--
-- Dumping data for table `app_proceso_entidad`
--

LOCK TABLES `app_proceso_entidad` WRITE;
/*!40000 ALTER TABLE `app_proceso_entidad` DISABLE KEYS */;
INSERT INTO `app_proceso_entidad` VALUES
('1DDE9C45D0C99024ACA7F9C98AD8FEF1','Proceso de Pedido de Ventas','2025-09-05 13:05:12','2025-09-23 11:28:28','C0F34C980D8AC44DAB5B7148A9669AD8',1,'estado'),
('45638ECFBE5174C38B169DE2C67BDE87','fases proyecto','2025-09-24 12:28:16','2025-09-25 16:26:12','3D87D8B6639DF0D570E9AB08F03853FD',1,NULL),
('F16B54E64435670CEF531775394C4628','Fases de oferta','2025-09-02 16:48:22','2025-09-28 16:03:12','490484A9474D03AB69738B7FC05D057C',1,'estado');
/*!40000 ALTER TABLE `app_proceso_entidad` ENABLE KEYS */;
UNLOCK TABLES;

--
-- Table structure for table `app_proceso_tramites`
--

DROP TABLE IF EXISTS `app_proceso_tramites`;
/*!40101 SET @saved_cs_client     = @@character_set_client */;
/*!40101 SET character_set_client = utf8mb4 */;
CREATE TABLE `app_proceso_tramites` (
  `id` char(32) NOT NULL,
  `nombre` varchar(100) DEFAULT NULL,
  `fecha_creacion` timestamp NULL DEFAULT current_timestamp(),
  `fecha_modificacion` timestamp NULL DEFAULT current_timestamp() ON UPDATE current_timestamp(),
  `id_proceso` char(32) DEFAULT NULL,
  `id_fase` char(32) DEFAULT NULL,
  `id_registro` char(32) DEFAULT NULL,
  PRIMARY KEY (`id`)
) ENGINE=InnoDB DEFAULT CHARSET=utf8mb3 COLLATE=utf8mb3_general_ci;
/*!40101 SET character_set_client = @saved_cs_client */;

--
-- Dumping data for table `app_proceso_tramites`
--

LOCK TABLES `app_proceso_tramites` WRITE;
/*!40000 ALTER TABLE `app_proceso_tramites` DISABLE KEYS */;
INSERT INTO `app_proceso_tramites` VALUES
('0A0E972CD690B3D33833FD082983AE62',NULL,'2025-09-25 17:42:55','2025-09-30 15:15:03','F16B54E64435670CEF531775394C4628','E8B7813D77D35EE89A71F78BA9247870','4E4F4F4ECD0BC40ACCA9672F2DA1498E'),
('103339C323531D2EBCACBD486451E0BF',NULL,'2025-09-25 16:13:28','2025-09-25 22:30:11','45638ECFBE5174C38B169DE2C67BDE87','6FEE52135C37B80BD401F9E50C1B4D96','2B5297FBE05CFA798C2D107CA982AB8D'),
('2491DABD15163FD7FFEDB41F93F1BCC7',NULL,'2025-09-30 15:47:13','2025-09-30 15:47:13','F16B54E64435670CEF531775394C4628','A83C80BF506BB6FE3C63EAC35E276685','7AC230F0AA2DA9F5827AB70E9C8F1836'),
('2582691A3708D71085D22CD662F128DE',NULL,'2025-09-30 15:07:54','2025-10-18 18:32:08','45638ECFBE5174C38B169DE2C67BDE87','7A73484116A62791AB23D24A81673579','A1CDADD4529F12072F4B96BAAB5FD11E'),
('3796150AC70D49C5CD70C682A205FF9F',NULL,'2025-09-25 17:42:54','2025-09-30 15:40:36','F16B54E64435670CEF531775394C4628','C312D5CFC82D8CE6C7384E83B3D30A50','3DC4883ADA072E8EAD1DE9F23A321084'),
('39F26B94786905F7CE855B26B5048B73',NULL,'2025-09-25 17:22:14','2025-10-21 15:02:14','F16B54E64435670CEF531775394C4628','C312D5CFC82D8CE6C7384E83B3D30A50','D3B1634512DFFB1542265ED712A4B397'),
('3A7AF835FC244F5D6763815362EF787A',NULL,'2025-09-25 15:35:50','2025-09-25 16:32:23','F16B54E64435670CEF531775394C4628','5FC77654D12C165D3E8F31A4B8BA489B','4B1CF80B1B0BBD052B0AD221B74934E9'),
('4FB446650DD72890F849D96EA8E5D823',NULL,'2025-09-25 17:23:57','2025-09-25 17:23:57','F16B54E64435670CEF531775394C4628','A83C80BF506BB6FE3C63EAC35E276685','712F909FD22A6BE86EA61E48706C3AAB'),
('66FFD4519735AFB525C1570DCAF83DA6',NULL,'2025-09-25 17:32:42','2025-09-25 17:32:42','F16B54E64435670CEF531775394C4628','A83C80BF506BB6FE3C63EAC35E276685','7B3E8954F13C0954EEA7FA4B48B5BD82'),
('72BB9028A863BF05177AEEF554351A0A',NULL,'2025-09-28 18:41:00','2025-09-28 18:41:21','F16B54E64435670CEF531775394C4628','E8B7813D77D35EE89A71F78BA9247870','9EAB622A3AC9848273B8FEC08A67821D'),
('7F3323C9036013D77E0325EC494B8467',NULL,'2025-09-25 18:11:43','2025-09-25 18:11:43','45638ECFBE5174C38B169DE2C67BDE87','6FEE52135C37B80BD401F9E50C1B4D96','EE3EB9C5916F04D321BA1855A9DE2D73'),
('857661CBE71826BF286C22D48499FEE3',NULL,'2025-09-25 17:42:54','2025-09-25 17:42:54','F16B54E64435670CEF531775394C4628','A83C80BF506BB6FE3C63EAC35E276685','9FE9E3AABDDE8C7419DCB867875ED05E'),
('91070338658E8E082FB5E0744E3338FE',NULL,'2025-09-25 16:05:25','2025-09-25 16:35:38','F16B54E64435670CEF531775394C4628','E8B7813D77D35EE89A71F78BA9247870','B53EB4A7328667881897E4849079798B'),
('A0A31CF80EDFE4D6C7C6AD226E7CD7C2',NULL,'2025-09-25 17:32:44','2025-09-25 17:32:44','F16B54E64435670CEF531775394C4628','A83C80BF506BB6FE3C63EAC35E276685','86182441E7A5ADE5384B414D28505E29'),
('C4F61BDEAC33BDFD93339BDAE7930F61',NULL,'2025-09-25 17:38:57','2025-09-25 17:51:30','F16B54E64435670CEF531775394C4628','5FC77654D12C165D3E8F31A4B8BA489B','EB4C138A719C0A2E70BF6E6B8C62D59E'),
('D32C7A836CF7A5E206B51A9785817E0A',NULL,'2025-09-25 17:40:39','2025-09-25 17:40:53','1DDE9C45D0C99024ACA7F9C98AD8FEF1','03C6DC89CBF9BCA85717DA87B7CD7789','A1096333FC523D14350A2459C0BF8F8D'),
('E6A6063528CC24552BEAD8769A467DEF',NULL,'2025-09-25 16:37:30','2025-09-25 16:37:30','F16B54E64435670CEF531775394C4628','A83C80BF506BB6FE3C63EAC35E276685','1C8020054BB1C58AAB934B79E6472EF5'),
('F1DCDE8D1FBEE687C94BC1E494540C2B',NULL,'2025-09-25 17:17:37','2025-09-25 17:17:37','1DDE9C45D0C99024ACA7F9C98AD8FEF1','27C7A68F331CE1727B703A8D9FDD4DC2','0122A426F72537DA61E0A27C2BAEED62'),
('FB2C26B9FF7C1A003E14C81E763C7B2B',NULL,'2025-09-25 18:11:26','2025-10-20 17:28:13','45638ECFBE5174C38B169DE2C67BDE87','80FCA66FD4BCE032AC33C59EDB309474','BDBAD4E456A7D9DF3BDD1E6D707371BA');
/*!40000 ALTER TABLE `app_proceso_tramites` ENABLE KEYS */;
UNLOCK TABLES;

--
-- Table structure for table `app_proyectos`
--

DROP TABLE IF EXISTS `app_proyectos`;
/*!40101 SET @saved_cs_client     = @@character_set_client */;
/*!40101 SET character_set_client = utf8mb4 */;
CREATE TABLE `app_proyectos` (
  `id` char(32) NOT NULL,
  `nombre` varchar(100) NOT NULL,
  `fecha_creacion` timestamp NULL DEFAULT current_timestamp(),
  `fecha_modificacion` timestamp NULL DEFAULT current_timestamp() ON UPDATE current_timestamp(),
  PRIMARY KEY (`id`)
) ENGINE=InnoDB DEFAULT CHARSET=utf8mb3 COLLATE=utf8mb3_general_ci;
/*!40101 SET character_set_client = @saved_cs_client */;

--
-- Dumping data for table `app_proyectos`
--

LOCK TABLES `app_proyectos` WRITE;
/*!40000 ALTER TABLE `app_proyectos` DISABLE KEYS */;
INSERT INTO `app_proyectos` VALUES
('2B5297FBE05CFA798C2D107CA982AB8D','64JAQUES tareas desarrollo','2025-02-26 18:02:42','2025-02-26 18:02:42'),
('BDBAD4E456A7D9DF3BDD1E6D707371BA','Tareas de desarrollo','2025-02-12 18:05:19','2025-02-14 13:35:22');
/*!40000 ALTER TABLE `app_proyectos` ENABLE KEYS */;
UNLOCK TABLES;

--
-- Table structure for table `app_relations`
--

DROP TABLE IF EXISTS `app_relations`;
/*!40101 SET @saved_cs_client     = @@character_set_client */;
/*!40101 SET character_set_client = utf8mb4 */;
CREATE TABLE `app_relations` (
  `id` char(32) NOT NULL,
  `name` varchar(100) NOT NULL,
  `fecha_creacion` timestamp NULL DEFAULT current_timestamp(),
  `fecha_modificacion` timestamp NULL DEFAULT current_timestamp() ON UPDATE current_timestamp(),
  `id_entity` char(32) DEFAULT NULL,
  `field` varchar(50) DEFAULT NULL,
  `id_related_entity` char(32) DEFAULT NULL,
  `on_delete` varchar(50) DEFAULT NULL,
  `on_update` varchar(50) DEFAULT NULL,
  `estado` int(11) DEFAULT NULL,
  PRIMARY KEY (`id`),
  KEY `FK_app_relations_app_entities` (`id_related_entity`),
  KEY `FK_app_relations_2_app_entities` (`id_entity`),
  CONSTRAINT `FK_app_relations_2_app_entities` FOREIGN KEY (`id_entity`) REFERENCES `app_entities` (`id`)
) ENGINE=InnoDB DEFAULT CHARSET=utf8mb3 COLLATE=utf8mb3_general_ci;
/*!40101 SET character_set_client = @saved_cs_client */;

--
-- Dumping data for table `app_relations`
--

LOCK TABLES `app_relations` WRITE;
/*!40000 ALTER TABLE `app_relations` DISABLE KEYS */;
INSERT INTO `app_relations` VALUES
('0FE962F6D0B26DC23D12B7C8BAC25851','FK_app_tareas_proyectos_app_proyectos','2025-03-25 20:02:38','2025-04-28 09:29:28','BAEE82C788A6272E749AB4DE5661FEF6','id_proyecto','3D87D8B6639DF0D570E9AB08F03853FD','restrict','restrict',1),
('27A7C6826D4F85F98BA92841CC4FDFEF','FK_lineas_oferta_cabecera','2025-04-18 10:57:15','2025-05-15 10:48:07','8CD7AC1F9330314D645F44BFAD6749C4','id_oferta','490484A9474D03AB69738B7FC05D057C','cascade','restrict',1),
('329AA22ECE2A12010938709DC07C6AA6','FK_lineas_pedido_cabecera','2025-08-26 11:55:22','2025-08-26 11:55:37','D8E58E608DB593F4EA32FC4605A2065E','id_pedido','C0F34C980D8AC44DAB5B7148A9669AD8','cascade','restrict',1),
('331D48B0E777A44EA2D02EB7F056BB28','FK_app_roles_usuarios_usuarios','2025-03-25 20:02:38','2025-04-28 09:29:28','BA7DBD3B1AD6A8EF5F9480A409E749B1','id_usuario','E7F8AB4799E0C27385B9F2ACBFEFF04C','restrict','restrict',1),
('36CCB8A8C0C124C8B335475B16AAAD31','FK_app_entities_app_modules','2025-03-25 20:02:38','2025-04-28 09:29:28','8A7584A9F47A9E6BD168FE208A4CBA9D','id_module','D15D4315C5B64BB2E6E17E0A4EBEB319','restrict','restrict',1),
('3831B5D7422DE226C0E5C353F6C3120E','FK_app_buttons_app_entities','2025-03-25 20:02:38','2025-04-28 09:29:28','CC4FC092381ABB28C3EF1F6F7160FC83','id_entity','8A7584A9F47A9E6BD168FE208A4CBA9D','restrict','restrict',1),
('42A41CEF9572DE7172EB9CC2757E7F8F','FK_app_permisos_entidad_app_roles','2025-03-25 20:02:38','2025-04-28 09:29:28','927B4B2178AA3CFE5FCF935A7E391068','id_rol','EB91FB64FE2288577B09EA24D0BB03C7','restrict','restrict',1),
('50092C859B469721C93DA488350FE693','FK_app_form_areas_app_forms','2025-03-25 20:02:38','2025-04-28 09:29:28','383D9E6BA1659044E079B71BCE51FE19','id_form','35A30F1BCCCE6D3B8D512FAEAFCD6A01','cascade','restrict',1),
('565A02CB29992623013000B96671BE5C','FK_app_report_templates_app_entities','2025-03-25 20:02:38','2025-04-28 09:29:28','E4FE6D68F9B641C7958DD0221D953E3C','id_entity','8A7584A9F47A9E6BD168FE208A4CBA9D','restrict','restrict',1),
('624D78DB6E3D5BC8B0CBC8F7D1F5FB07','FK_app_permisos_entidad_app_entities','2025-03-25 20:02:38','2025-04-28 09:29:28','927B4B2178AA3CFE5FCF935A7E391068','id_entity','8A7584A9F47A9E6BD168FE208A4CBA9D','restrict','restrict',1),
('753E4227480E91646EB59C0144DD243E','FK_app_plugins_app_entities','2025-03-25 20:02:38','2025-04-28 09:29:28','A5C38664EA80732ED4E9625464F1253C','id_entity','8A7584A9F47A9E6BD168FE208A4CBA9D','restrict','restrict',1),
('9348518217AC4AA698A72BF5F64A38BE','FK_app_scripts_app_entities','2025-03-25 20:02:38','2025-04-28 09:29:28','A9BC1252645E7B10B92A1C75E8D6E4EF','id_entity','8A7584A9F47A9E6BD168FE208A4CBA9D','restrict','restrict',1),
('99FC0988E1A203C1B2C61115E083B2C1','FK_app_roles_usuarios_app_roles','2025-03-25 20:02:38','2025-04-28 09:29:28','BA7DBD3B1AD6A8EF5F9480A409E749B1','id_rol','EB91FB64FE2288577B09EA24D0BB03C7','restrict','restrict',1),
('9BFD9568073CB151E5C525FC1AB90070','FK_app_relations_app_entities','2025-03-25 20:02:38','2025-04-28 09:29:28','744B2497EDAF0D610DA0D599DAF7F1CF','id_related_entity','8A7584A9F47A9E6BD168FE208A4CBA9D','restrict','restrict',1),
('9CA4FAAF05672456887212C8A9F39BAE','FK_app_entity_columns_app_entities','2025-03-25 20:02:38','2025-04-28 09:28:32','BA0C16DF30A8A623EE49338EDBEFAB38','id_entity','8A7584A9F47A9E6BD168FE208A4CBA9D','restrict','restrict',0),
('A7FB8F33586ED073DA9F1D236934D71A','FK_app_form_sections_app_form_areas','2025-03-25 20:02:38','2025-04-28 09:29:28','B0D9EB0533F678EA863976D6C156CD0E','id_area','383D9E6BA1659044E079B71BCE51FE19','cascade','restrict',1),
('AA59EE2A3A6FD82AF0E2535A96D2839B','FK_app_user_controls_app_form_sections','2025-03-25 20:02:38','2025-04-28 09:29:28','801702C306589191B3D37121137E9449','id_seccion','B0D9EB0533F678EA863976D6C156CD0E','cascade','restrict',1),
('D9F035E008FD24243B1BD7997762DF79','FK_app_report_queries_app_report_templates','2025-08-22 18:32:23','2025-08-22 18:36:47','F2E98165F53B6ECAD8E23D49268D731A','id_template','E4FE6D68F9B641C7958DD0221D953E3C','cascade','restrict',1),
('E124FFDB0AE2B95FF57DA91B6C3084EB','FK_views_entity','2025-03-24 20:31:48','2025-04-28 09:30:03','2AAF5FB75C18B38E851D52C913976F89','id_entity','8A7584A9F47A9E6BD168FE208A4CBA9D','restrict','restrict',1),
('EAB059F4B43539CB38EF5DABD686D62F','FK_app_user_controls_app_views','2025-03-25 20:02:38','2025-04-28 09:29:28','801702C306589191B3D37121137E9449','id_vista','2AAF5FB75C18B38E851D52C913976F89','restrict','restrict',1),
('F3348AD20C38F59FC743CF0A67AEC294','FK_app_relations_2_app_entities','2025-03-25 20:02:38','2025-04-28 09:56:08','744B2497EDAF0D610DA0D599DAF7F1CF','id_entity','8A7584A9F47A9E6BD168FE208A4CBA9D','restrict','restrict',1),
('F85FCDC92B77F032EA54AE3B88F6CF67','FK_app_forms_app_entities','2025-03-25 20:02:38','2025-04-28 09:29:28','35A30F1BCCCE6D3B8D512FAEAFCD6A01','id_entity','8A7584A9F47A9E6BD168FE208A4CBA9D','restrict','restrict',1);
/*!40000 ALTER TABLE `app_relations` ENABLE KEYS */;
UNLOCK TABLES;

--
-- Table structure for table `app_report_queries`
--

DROP TABLE IF EXISTS `app_report_queries`;
/*!40101 SET @saved_cs_client     = @@character_set_client */;
/*!40101 SET character_set_client = utf8mb4 */;
CREATE TABLE `app_report_queries` (
  `id` char(32) NOT NULL,
  `nombre` varchar(100) NOT NULL,
  `fecha_creacion` timestamp NULL DEFAULT current_timestamp(),
  `fecha_modificacion` timestamp NULL DEFAULT current_timestamp() ON UPDATE current_timestamp(),
  `query` text DEFAULT NULL,
  `id_template` char(32) DEFAULT NULL,
  `resultado` varchar(50) DEFAULT NULL,
  PRIMARY KEY (`id`),
  KEY `FK_app_report_queries_app_report_templates` (`id_template`),
  CONSTRAINT `FK_app_report_queries_app_report_templates` FOREIGN KEY (`id_template`) REFERENCES `app_report_templates` (`id`) ON DELETE CASCADE
) ENGINE=InnoDB DEFAULT CHARSET=utf8mb3 COLLATE=utf8mb3_general_ci;
/*!40101 SET character_set_client = @saved_cs_client */;

--
-- Dumping data for table `app_report_queries`
--

LOCK TABLES `app_report_queries` WRITE;
/*!40000 ALTER TABLE `app_report_queries` DISABLE KEYS */;
INSERT INTO `app_report_queries` VALUES
('1913FA2E371FE3F2308ABCF7308795C2','cabecera','2025-04-22 19:03:18','2025-04-23 19:14:35','select * from ventas_ofertas where id={item}','C2DE3495A82595A48B2A0CACB8441857','unique'),
('391349FE3F000050B345942D34D97C74','lineas','2025-04-23 10:29:40','2025-08-18 12:06:52','Select lin.id, p.code as codigo, p.nombre as producto, lin.concepto, lin.cantidad, lin.precio, lin.descuento,lin.impuesto, lin.total_neto, lin.total_linea  \r\nfrom ventas_ofertas_lineas lin\r\nleft join productos p on lin.id_producto = p.id\r\nwhere lin.id_oferta={item}','C2DE3495A82595A48B2A0CACB8441857','multiple'),
('3ECC0F843142D1062EE359F5648438DB','impuestos','2025-04-23 10:29:40','2025-08-18 09:31:29','Select lin.impuesto, sum(lin.total_impuestos) as total_impuestos\r\nfrom ventas_ofertas_lineas lin\r\nleft join productos p on lin.id_producto = p.id\r\nwhere lin.id_oferta={item}\r\ngroup by lin.impuesto\r\nhaving sum(lin.total_impuestos)<>0','C2DE3495A82595A48B2A0CACB8441857','multiple'),
('6559D21D8EF63C085F82D8F46208941F','impuestos','2025-04-23 10:29:40','2025-08-26 10:20:04','Select lin.impuesto, sum(lin.total_impuestos) as total_impuestos\r\nfrom ventas_pedidos_lineas lin\r\nleft join productos p on lin.id_producto = p.id\r\nwhere lin.id_pedido={item}\r\ngroup by lin.impuesto\r\nhaving sum(lin.total_impuestos)<>0','7F6ADFF3BC7F1488016767A96FD712DE','multiple'),
('8A286E2917BE051EC8FD7C8FBA0D1397','cliente','2025-04-22 16:03:15','2025-04-23 19:14:45','select * from ventas_cuentas where id = (select id_cuenta from ventas_ofertas where id={item})','C2DE3495A82595A48B2A0CACB8441857','unique'),
('9DED48CC42CEFEAD16D936DB410356CF','lineas','2025-04-23 10:29:40','2025-08-26 10:19:54','Select lin.id, p.code as codigo, p.nombre as producto, lin.concepto, lin.cantidad, lin.precio, lin.descuento,lin.impuesto, lin.total_neto, lin.total_linea  \r\nfrom ventas_pedidos_lineas lin\r\nleft join productos p on lin.id_producto = p.id\r\nwhere lin.id_pedido={item}','7F6ADFF3BC7F1488016767A96FD712DE','multiple'),
('A4D16700816E0D5CB4B9796D8844932F','cabecera','2025-04-22 19:03:18','2025-08-26 10:17:22','select * from ventas_pedidos where id={item}','7F6ADFF3BC7F1488016767A96FD712DE','unique'),
('F1CF6B71C19329E3CABC3F64F987FA47','cliente','2025-04-22 16:03:15','2025-08-26 10:19:17','select * from ventas_cuentas where id = (select id_cuenta from ventas_pedidos where id={item})','7F6ADFF3BC7F1488016767A96FD712DE','unique');
/*!40000 ALTER TABLE `app_report_queries` ENABLE KEYS */;
UNLOCK TABLES;

--
-- Table structure for table `app_report_templates`
--

DROP TABLE IF EXISTS `app_report_templates`;
/*!40101 SET @saved_cs_client     = @@character_set_client */;
/*!40101 SET character_set_client = utf8mb4 */;
CREATE TABLE `app_report_templates` (
  `id` char(32) NOT NULL,
  `nombre` varchar(100) NOT NULL,
  `fecha_creacion` timestamp NULL DEFAULT current_timestamp(),
  `fecha_modificacion` timestamp NULL DEFAULT current_timestamp() ON UPDATE current_timestamp(),
  `template` text DEFAULT NULL,
  `id_entity` char(32) DEFAULT NULL,
  PRIMARY KEY (`id`),
  KEY `FK_app_report_templates_app_entities` (`id_entity`),
  CONSTRAINT `FK_app_report_templates_app_entities` FOREIGN KEY (`id_entity`) REFERENCES `app_entities` (`id`)
) ENGINE=InnoDB DEFAULT CHARSET=utf8mb3 COLLATE=utf8mb3_general_ci;
/*!40101 SET character_set_client = @saved_cs_client */;

--
-- Dumping data for table `app_report_templates`
--

LOCK TABLES `app_report_templates` WRITE;
/*!40000 ALTER TABLE `app_report_templates` DISABLE KEYS */;
INSERT INTO `app_report_templates` VALUES
('7F6ADFF3BC7F1488016767A96FD712DE','Impresión de Pedido','2025-04-22 15:42:31','2025-08-26 11:51:35','<table style=\"width: 100%; border-collapse: collapse; border-width: 1px; border-style: none;\" border=\"0\"><colgroup><col style=\"width: 45.0249%;\"><col style=\"width: 9.95025%;\"><col style=\"width: 45.0249%;\"></colgroup>\r\n<tbody>\r\n<tr style=\"height: 113.969px;\">\r\n<td style=\"border-width: 1px;\" colspan=\"3\">\r\n<table style=\"border-collapse: collapse; width: 100.176%;\" border=\"0\"><colgroup><col style=\"width: 14.0586%;\"><col style=\"width: 60.4792%;\"><col style=\"width: 25.4529%;\"></colgroup>\r\n<tbody>\r\n<tr>\r\n<td><img src=\"entity_files/imagenes/TguZ_logo.jpg\" alt=\"\" width=\"131\" height=\"76\"></td>\r\n<td>\r\n<p style=\"color: rgb(35, 111, 161); text-align: center;\"><span style=\"font-size: 24pt;\">Pedido de Venta</span></p>\r\n</td>\r\n<td>\r\n<table style=\"border-collapse: collapse; width: 100.201%;\" border=\"0\"><colgroup><col style=\"width: 36.6533%;\"><col style=\"width: 63.6205%;\"></colgroup>\r\n<tbody>\r\n<tr>\r\n<td style=\"border-width: 0px;\"><span style=\"font-size: 10pt;\"><strong>Codigo:</strong></span></td>\r\n<td style=\"border-width: 0px;\"><span style=\"font-size: 10pt;\">{cabecera.codigo}</span></td>\r\n</tr>\r\n<tr>\r\n<td style=\"border-width: 0px;\"><span style=\"font-size: 10pt;\"><strong>Fecha:</strong></span></td>\r\n<td style=\"border-width: 0px;\"><span style=\"font-size: 10pt;\">{cabecera.fecha_oferta}</span></td>\r\n</tr>\r\n<tr>\r\n<td style=\"border-width: 0px;\"><span style=\"font-size: 10pt;\"><strong>V&aacute;lido hasta:</strong></span></td>\r\n<td style=\"border-width: 0px;\"><span style=\"font-size: 10pt;\">{cabecera.valido_hasta}</span></td>\r\n</tr>\r\n</tbody>\r\n</table>\r\n</td>\r\n</tr>\r\n</tbody>\r\n</table>\r\n</td>\r\n</tr>\r\n<tr style=\"height: 218.031px;\">\r\n<td style=\"border-width: 1px;\">\r\n<table style=\"border-collapse: collapse; width: 100.071%; border-width: 0px; border-style: none; border-image: initial;\" border=\"1\"><colgroup><col style=\"width: 23.0929%;\"><col style=\"width: 76.9141%;\"></colgroup>\r\n<tbody>\r\n<tr>\r\n<td style=\"border: 1px solid rgb(206, 212, 217); background-color: rgb(236, 240, 241);\"><span style=\"font-size: 8pt;\"><strong>Emisor:</strong></span></td>\r\n<td style=\"border: 1px solid rgb(206, 212, 217);\"><span style=\"font-size: 8pt;\"><strong>EMPRESA</strong></span></td>\r\n</tr>\r\n<tr>\r\n<td style=\"border: 1px solid rgb(206, 212, 217); background-color: rgb(236, 240, 241);\"><span style=\"font-size: 8pt;\"><strong>CIF:</strong></span></td>\r\n<td style=\"border: 1px solid rgb(206, 212, 217);\"><span style=\"font-size: 8pt;\">99999999Z</span></td>\r\n</tr>\r\n<tr>\r\n<td style=\"border: 1px solid rgb(206, 212, 217); background-color: rgb(236, 240, 241);\"><span style=\"font-size: 8pt;\"><strong>Direcci&oacute;n:</strong></span></td>\r\n<td style=\"border: 1px solid rgb(206, 212, 217);\"><span style=\"font-size: 8pt;\">Direccion 123&nbsp;</span></td>\r\n</tr>\r\n<tr>\r\n<td style=\"border: 1px solid rgb(206, 212, 217); background-color: rgb(236, 240, 241);\"><span style=\"font-size: 8pt;\"><strong>Ciudad:</strong></span></td>\r\n<td style=\"border: 1px solid rgb(206, 212, 217);\"><span style=\"font-size: 8pt;\">Sevilla</span></td>\r\n</tr>\r\n<tr>\r\n<td style=\"border: 1px solid rgb(206, 212, 217); background-color: rgb(236, 240, 241);\"><span style=\"font-size: 8pt;\"><strong>CP:</strong></span></td>\r\n<td style=\"border: 1px solid rgb(206, 212, 217);\"><span style=\"font-size: 8pt;\">41000</span></td>\r\n</tr>\r\n<tr>\r\n<td style=\"border: 1px solid rgb(206, 212, 217); background-color: rgb(236, 240, 241);\"><span style=\"font-size: 8pt;\"><strong>Tel&eacute;fono:</strong></span></td>\r\n<td style=\"border: 1px solid rgb(206, 212, 217);\"><span style=\"font-size: 8pt;\">555-999-444</span></td>\r\n</tr>\r\n</tbody>\r\n</table>\r\n</td>\r\n<td style=\"border-width: 1px;\">&nbsp;</td>\r\n<td style=\"border-width: 1px;\">\r\n<table style=\"border-collapse: collapse; width: 100.138%; border-width: 0px; border-style: none; border-image: initial;\" border=\"1\"><colgroup><col style=\"width: 20.7317%;\"><col style=\"width: 79.1754%;\"></colgroup>\r\n<tbody>\r\n<tr>\r\n<td style=\"border: 1px solid rgb(206, 212, 217); background-color: rgb(236, 240, 241);\"><span style=\"font-size: 8pt;\"><strong>Cliente:</strong></span></td>\r\n<td style=\"border: 1px solid rgb(206, 212, 217);\"><span style=\"font-size: 8pt;\">{cliente.nombre}</span></td>\r\n</tr>\r\n<tr>\r\n<td style=\"border: 1px solid rgb(206, 212, 217); background-color: rgb(236, 240, 241);\"><span style=\"font-size: 8pt;\"><strong>NIF/CIF:</strong></span></td>\r\n<td style=\"border: 1px solid rgb(206, 212, 217);\"><span style=\"font-size: 8pt;\">{cliente.nif}</span></td>\r\n</tr>\r\n<tr>\r\n<td style=\"border: 1px solid rgb(206, 212, 217); background-color: rgb(236, 240, 241);\"><span style=\"font-size: 8pt;\"><strong>Direcci&oacute;n:</strong></span></td>\r\n<td style=\"border: 1px solid rgb(206, 212, 217);\"><span style=\"font-size: 8pt;\">{cliente.direccion1} {cliente.direccion2}</span></td>\r\n</tr>\r\n<tr>\r\n<td style=\"border: 1px solid rgb(206, 212, 217); background-color: rgb(236, 240, 241);\"><span style=\"font-size: 8pt;\"><strong>Ciudad:</strong></span></td>\r\n<td style=\"border: 1px solid rgb(206, 212, 217);\"><span style=\"font-size: 8pt;\">{cliente.ciudad} {cliente.region}</span></td>\r\n</tr>\r\n<tr>\r\n<td style=\"border: 1px solid rgb(206, 212, 217); background-color: rgb(236, 240, 241);\"><span style=\"font-size: 8pt;\"><strong>CP:</strong></span></td>\r\n<td style=\"border: 1px solid rgb(206, 212, 217);\"><span style=\"font-size: 8pt;\">{cliente.codpostal}</span></td>\r\n</tr>\r\n<tr>\r\n<td style=\"border: 1px solid rgb(206, 212, 217); background-color: rgb(236, 240, 241);\"><span style=\"font-size: 8pt;\"><strong>Tel&eacute;fono:</strong></span></td>\r\n<td style=\"border: 1px solid rgb(206, 212, 217);\"><span style=\"font-size: 8pt;\">{cliente.telefono}</span></td>\r\n</tr>\r\n</tbody>\r\n</table>\r\n</td>\r\n</tr>\r\n</tbody>\r\n</table>\r\n<p>&nbsp;</p>\r\n<table style=\"border-collapse: collapse; width: 100.016%;\" border=\"0\"><colgroup><col style=\"width: 11.055%;\"><col style=\"width: 40.3058%;\"><col style=\"width: 8.65631%;\"><col style=\"width: 7.8319%;\"><col style=\"width: 10.47%;\"><col style=\"width: 10.0578%;\"><col style=\"width: 11.6242%;\"></colgroup>\r\n<tbody>\r\n<tr>\r\n<td style=\"background-color: rgb(236, 240, 241); border: 1px solid rgb(206, 212, 217);\"><span style=\"font-size: 8pt;\"><strong>Producto</strong></span></td>\r\n<td style=\"background-color: rgb(236, 240, 241); border: 1px solid rgb(206, 212, 217);\"><span style=\"font-size: 8pt;\"><strong>Concepto</strong></span></td>\r\n<td style=\"background-color: rgb(236, 240, 241); border: 1px solid rgb(206, 212, 217); text-align: right;\"><span style=\"font-size: 8pt;\"><strong>Cant</strong></span></td>\r\n<td style=\"background-color: rgb(236, 240, 241); border: 1px solid rgb(206, 212, 217); text-align: right;\"><span style=\"font-size: 8pt;\"><strong>Precio</strong></span></td>\r\n<td style=\"background-color: rgb(236, 240, 241); border: 1px solid rgb(206, 212, 217); text-align: right;\"><span style=\"font-size: 8pt;\"><strong>%Desc</strong></span></td>\r\n<td style=\"background-color: rgb(236, 240, 241); border: 1px solid rgb(206, 212, 217); text-align: right;\"><span style=\"font-size: 8pt;\"><strong>%IVA</strong></span></td>\r\n<td style=\"background-color: rgb(236, 240, 241); border: 1px solid rgb(206, 212, 217); text-align: right;\"><span style=\"font-size: 8pt;\"><strong>Neto</strong></span></td>\r\n</tr>\r\n<tr data-repeat=\"lineas as linea\">\r\n<td style=\"border: 1px solid rgb(206, 212, 217);\">\r\n<pre><span style=\"font-size: 8pt;\"><strong>{linea.codigo}</strong></span></pre>\r\n</td>\r\n<td style=\"border: 1px solid rgb(206, 212, 217);\">\r\n<pre><span style=\"font-size: 8pt;\"><strong>{linea.producto}</strong><br>{linea.concepto}</span></pre>\r\n</td>\r\n<td style=\"border: 1px solid rgb(206, 212, 217); text-align: right;\"><span style=\"font-size: 8pt;\">{linea.cantidad}</span></td>\r\n<td style=\"border: 1px solid rgb(206, 212, 217); text-align: right;\"><span style=\"font-size: 8pt;\">{linea.precio}</span></td>\r\n<td style=\"border: 1px solid rgb(206, 212, 217); text-align: right;\"><span style=\"font-size: 8pt;\">{linea.descuento}%</span></td>\r\n<td style=\"border: 1px solid rgb(206, 212, 217); text-align: right;\"><span style=\"font-size: 8pt;\">{linea.impuesto}%</span></td>\r\n<td style=\"border: 1px solid rgb(206, 212, 217); text-align: right;\"><span style=\"font-size: 8pt;\">{linea.total_neto} &euro;</span></td>\r\n</tr>\r\n<tr>\r\n<td style=\"border: 1px none rgb(206, 212, 217);\"><span style=\"font-size: 8pt;\">&nbsp;</span></td>\r\n<td style=\"border: 1px none rgb(206, 212, 217);\"><span style=\"font-size: 8pt;\">&nbsp;</span></td>\r\n<td style=\"border: 1px none rgb(206, 212, 217); text-align: right;\"><span style=\"font-size: 8pt;\">&nbsp;</span></td>\r\n<td style=\"border: 1px none rgb(206, 212, 217); text-align: right;\"><span style=\"font-size: 8pt;\">&nbsp;</span></td>\r\n<td style=\"border: 1px solid rgb(206, 212, 217); text-align: right;\" colspan=\"2\"><span style=\"font-size: 8pt;\"><strong>Base Imponible</strong></span></td>\r\n<td style=\"border: 1px solid rgb(206, 212, 217); text-align: right;\"><span style=\"font-size: 8pt;\">{cabecera.total_neto} &euro;</span></td>\r\n</tr>\r\n<tr data-repeat=\"impuestos as impuesto\">\r\n<td style=\"border: 1px none rgb(206, 212, 217);\"><span style=\"font-size: 8pt;\">&nbsp;</span></td>\r\n<td style=\"border: 1px none rgb(206, 212, 217);\"><span style=\"font-size: 8pt;\">&nbsp;</span></td>\r\n<td style=\"border: 1px none rgb(206, 212, 217); text-align: right;\"><span style=\"font-size: 8pt;\">&nbsp;</span></td>\r\n<td style=\"border: 1px none rgb(206, 212, 217); text-align: right;\"><span style=\"font-size: 8pt;\">&nbsp;</span></td>\r\n<td style=\"border: 1px solid rgb(206, 212, 217); text-align: right;\" colspan=\"2\"><span style=\"font-size: 8pt;\"><strong>Total IVA al {impuesto.impuesto} %</strong></span></td>\r\n<td style=\"border: 1px solid rgb(206, 212, 217); text-align: right;\"><span style=\"font-size: 8pt;\">{impuesto.total_impuestos} &euro;</span></td>\r\n</tr>\r\n<tr>\r\n<td style=\"border: 1px none rgb(206, 212, 217);\"><span style=\"font-size: 8pt;\">&nbsp;</span></td>\r\n<td style=\"border: 1px none rgb(206, 212, 217);\"><span style=\"font-size: 8pt;\">&nbsp;</span></td>\r\n<td style=\"border: 1px none rgb(206, 212, 217); text-align: right;\"><span style=\"font-size: 8pt;\">&nbsp;</span></td>\r\n<td style=\"border: 1px none rgb(206, 212, 217); text-align: right;\"><span style=\"font-size: 8pt;\">&nbsp;</span></td>\r\n<td style=\"border: 1px solid rgb(206, 212, 217); text-align: right;\" colspan=\"2\"><span style=\"font-size: 8pt;\"><strong>&nbsp;Importe Total</strong></span></td>\r\n<td style=\"border: 1px solid rgb(206, 212, 217); text-align: right;\"><span style=\"font-size: 8pt;\"><strong>{cabecera.importe_total} &euro;</strong></span></td>\r\n</tr>\r\n</tbody>\r\n</table>\r\n<p>&nbsp;</p>\r\n<table style=\"border-collapse: collapse; width: 100%;\" border=\"0\"><colgroup><col style=\"width: 99.9377%;\"></colgroup>\r\n<tbody>\r\n<tr>\r\n<td style=\"border: 1px solid rgb(206, 212, 217); background-color: rgb(236, 240, 241);\"><span style=\"font-size: 10pt;\"><strong>Notas:</strong></span></td>\r\n</tr>\r\n<tr>\r\n<td style=\"border: 1px solid rgb(206, 212, 217);\">\r\n<p><span style=\"font-size: 10pt;\">{cabecera.notas}</span></p>\r\n<p>&nbsp;</p>\r\n</td>\r\n</tr>\r\n</tbody>\r\n</table>','C0F34C980D8AC44DAB5B7148A9669AD8'),
('C2DE3495A82595A48B2A0CACB8441857','Impresión de Oferta','2025-04-22 15:42:31','2025-09-25 17:11:10','<table style=\"width: 100%; border-collapse: collapse; border-width: 1px; border-style: none;\" border=\"0\"><colgroup><col style=\"width: 45.0249%;\"><col style=\"width: 9.95025%;\"><col style=\"width: 45.0249%;\"></colgroup>\r\n<tbody>\r\n<tr style=\"height: 113.969px;\">\r\n<td style=\"border-width: 1px;\" colspan=\"3\">\r\n<table style=\"border-collapse: collapse; width: 100.176%;\" border=\"0\"><colgroup><col style=\"width: 14.0976%;\"><col style=\"width: 53.5757%;\"><col style=\"width: 32.3257%;\"></colgroup>\r\n<tbody>\r\n<tr>\r\n<td><img src=\"entity_files/imagenes/TguZ_logo.jpg\" alt=\"\" width=\"131\" height=\"76\"></td>\r\n<td style=\"color: rgb(35, 111, 161); text-align: center;\">\r\n<p style=\"color: rgb(35, 111, 161); text-align: center;\"><span style=\"font-size: 24pt;\">Oferta de Venta</span></p>\r\n</td>\r\n<td>\r\n<table style=\"border-collapse: collapse; width: 100.201%;\" border=\"0\"><colgroup><col style=\"width: 49.9988%;\"><col style=\"width: 49.9988%;\"></colgroup>\r\n<tbody>\r\n<tr>\r\n<td style=\"border-width: 0px;\"><span style=\"font-size: 10pt;\"><strong>Codigo:</strong></span></td>\r\n<td style=\"border-width: 0px;\"><span style=\"font-size: 10pt;\">{cabecera.codigo}</span></td>\r\n</tr>\r\n<tr>\r\n<td style=\"border-width: 0px;\"><span style=\"font-size: 10pt;\"><strong>Fecha:</strong></span></td>\r\n<td style=\"border-width: 0px;\"><span style=\"font-size: 10pt;\">{cabecera.fecha_oferta}</span></td>\r\n</tr>\r\n<tr>\r\n<td style=\"border-width: 0px;\"><span style=\"font-size: 10pt;\"><strong>V&aacute;lido hasta:</strong></span></td>\r\n<td style=\"border-width: 0px;\"><span style=\"font-size: 10pt;\">{cabecera.valido_hasta}</span></td>\r\n</tr>\r\n</tbody>\r\n</table>\r\n</td>\r\n</tr>\r\n</tbody>\r\n</table>\r\n</td>\r\n</tr>\r\n<tr style=\"height: 218.031px;\">\r\n<td style=\"border-width: 1px;\">\r\n<table style=\"border-collapse: collapse; width: 100.071%; border-width: 0px; border-style: none; border-image: initial;\" border=\"1\"><colgroup><col style=\"width: 23.0929%;\"><col style=\"width: 76.9141%;\"></colgroup>\r\n<tbody>\r\n<tr>\r\n<td style=\"border: 1px solid rgb(206, 212, 217); background-color: rgb(236, 240, 241);\"><span style=\"font-size: 8pt;\"><strong>Emisor:</strong></span></td>\r\n<td style=\"border: 1px solid rgb(206, 212, 217);\"><span style=\"font-size: 8pt;\"><strong>EMPRESA</strong></span></td>\r\n</tr>\r\n<tr>\r\n<td style=\"border: 1px solid rgb(206, 212, 217); background-color: rgb(236, 240, 241);\"><span style=\"font-size: 8pt;\"><strong>CIF:</strong></span></td>\r\n<td style=\"border: 1px solid rgb(206, 212, 217);\"><span style=\"font-size: 8pt;\">99999999Z</span></td>\r\n</tr>\r\n<tr>\r\n<td style=\"border: 1px solid rgb(206, 212, 217); background-color: rgb(236, 240, 241);\"><span style=\"font-size: 8pt;\"><strong>Direcci&oacute;n:</strong></span></td>\r\n<td style=\"border: 1px solid rgb(206, 212, 217);\"><span style=\"font-size: 8pt;\">Direccion 123&nbsp;</span></td>\r\n</tr>\r\n<tr>\r\n<td style=\"border: 1px solid rgb(206, 212, 217); background-color: rgb(236, 240, 241);\"><span style=\"font-size: 8pt;\"><strong>Ciudad:</strong></span></td>\r\n<td style=\"border: 1px solid rgb(206, 212, 217);\"><span style=\"font-size: 8pt;\">Sevilla</span></td>\r\n</tr>\r\n<tr>\r\n<td style=\"border: 1px solid rgb(206, 212, 217); background-color: rgb(236, 240, 241);\"><span style=\"font-size: 8pt;\"><strong>CP:</strong></span></td>\r\n<td style=\"border: 1px solid rgb(206, 212, 217);\"><span style=\"font-size: 8pt;\">41000</span></td>\r\n</tr>\r\n<tr>\r\n<td style=\"border: 1px solid rgb(206, 212, 217); background-color: rgb(236, 240, 241);\"><span style=\"font-size: 8pt;\"><strong>Tel&eacute;fono:</strong></span></td>\r\n<td style=\"border: 1px solid rgb(206, 212, 217);\"><span style=\"font-size: 8pt;\">555-999-444</span></td>\r\n</tr>\r\n</tbody>\r\n</table>\r\n</td>\r\n<td style=\"border-width: 1px;\">&nbsp;</td>\r\n<td style=\"border-width: 1px;\">\r\n<table style=\"border-collapse: collapse; width: 100.138%; border-width: 0px; border-style: none; border-image: initial;\" border=\"1\"><colgroup><col style=\"width: 20.7317%;\"><col style=\"width: 79.1754%;\"></colgroup>\r\n<tbody>\r\n<tr>\r\n<td style=\"border: 1px solid rgb(206, 212, 217); background-color: rgb(236, 240, 241);\"><span style=\"font-size: 8pt;\"><strong>Cliente:</strong></span></td>\r\n<td style=\"border: 1px solid rgb(206, 212, 217);\"><span style=\"font-size: 8pt;\">{cliente.nombre}</span></td>\r\n</tr>\r\n<tr>\r\n<td style=\"border: 1px solid rgb(206, 212, 217); background-color: rgb(236, 240, 241);\"><span style=\"font-size: 8pt;\"><strong>NIF/CIF:</strong></span></td>\r\n<td style=\"border: 1px solid rgb(206, 212, 217);\"><span style=\"font-size: 8pt;\">{cliente.nif}</span></td>\r\n</tr>\r\n<tr>\r\n<td style=\"border: 1px solid rgb(206, 212, 217); background-color: rgb(236, 240, 241);\"><span style=\"font-size: 8pt;\"><strong>Direcci&oacute;n:</strong></span></td>\r\n<td style=\"border: 1px solid rgb(206, 212, 217);\"><span style=\"font-size: 8pt;\">{cliente.direccion1} {cliente.direccion2}</span></td>\r\n</tr>\r\n<tr>\r\n<td style=\"border: 1px solid rgb(206, 212, 217); background-color: rgb(236, 240, 241);\"><span style=\"font-size: 8pt;\"><strong>Ciudad:</strong></span></td>\r\n<td style=\"border: 1px solid rgb(206, 212, 217);\"><span style=\"font-size: 8pt;\">{cliente.ciudad} {cliente.region}</span></td>\r\n</tr>\r\n<tr>\r\n<td style=\"border: 1px solid rgb(206, 212, 217); background-color: rgb(236, 240, 241);\"><span style=\"font-size: 8pt;\"><strong>CP:</strong></span></td>\r\n<td style=\"border: 1px solid rgb(206, 212, 217);\"><span style=\"font-size: 8pt;\">{cliente.codpostal}</span></td>\r\n</tr>\r\n<tr>\r\n<td style=\"border: 1px solid rgb(206, 212, 217); background-color: rgb(236, 240, 241);\"><span style=\"font-size: 8pt;\"><strong>Tel&eacute;fono:</strong></span></td>\r\n<td style=\"border: 1px solid rgb(206, 212, 217);\"><span style=\"font-size: 8pt;\">{cliente.telefono}</span></td>\r\n</tr>\r\n</tbody>\r\n</table>\r\n</td>\r\n</tr>\r\n</tbody>\r\n</table>\r\n<p>&nbsp;</p>\r\n<table style=\"border-collapse: collapse; width: 100.016%;\" border=\"0\"><colgroup><col style=\"width: 11.0746%;\"><col style=\"width: 36.4774%;\"><col style=\"width: 8.44674%;\"><col style=\"width: 10.0727%;\"><col style=\"width: 7.509%;\"><col style=\"width: 11.2623%;\"><col style=\"width: 15.1416%;\"></colgroup>\r\n<tbody>\r\n<tr>\r\n<td style=\"background-color: rgb(236, 240, 241); border: 1px solid rgb(206, 212, 217);\"><span style=\"font-size: 8pt;\"><strong>Producto</strong></span></td>\r\n<td style=\"background-color: rgb(236, 240, 241); border: 1px solid rgb(206, 212, 217);\"><span style=\"font-size: 8pt;\"><strong>Concepto</strong></span></td>\r\n<td style=\"background-color: rgb(236, 240, 241); border: 1px solid rgb(206, 212, 217); text-align: right;\"><span style=\"font-size: 8pt;\"><strong>Cant</strong></span></td>\r\n<td style=\"background-color: rgb(236, 240, 241); border: 1px solid rgb(206, 212, 217); text-align: right;\"><span style=\"font-size: 8pt;\"><strong>Precio</strong></span></td>\r\n<td style=\"background-color: rgb(236, 240, 241); border: 1px solid rgb(206, 212, 217); text-align: right;\"><span style=\"font-size: 8pt;\"><strong>%Desc</strong></span></td>\r\n<td style=\"background-color: rgb(236, 240, 241); border: 1px solid rgb(206, 212, 217); text-align: right;\"><span style=\"font-size: 8pt;\"><strong>%IVA</strong></span></td>\r\n<td style=\"background-color: rgb(236, 240, 241); border: 1px solid rgb(206, 212, 217); text-align: right;\"><span style=\"font-size: 8pt;\"><strong>Neto</strong></span></td>\r\n</tr>\r\n<tr data-repeat=\"lineas as linea\">\r\n<td style=\"border: 1px solid rgb(206, 212, 217);\">\r\n<pre><span style=\"font-size: 8pt;\"><strong>{linea.codigo}</strong></span></pre>\r\n</td>\r\n<td style=\"border: 1px solid rgb(206, 212, 217);\">\r\n<pre><span style=\"font-size: 8pt;\"><strong>{linea.producto}</strong><br>{linea.concepto}</span></pre>\r\n</td>\r\n<td style=\"border: 1px solid rgb(206, 212, 217); text-align: right;\"><span style=\"font-size: 8pt;\">{linea.cantidad}</span></td>\r\n<td style=\"border: 1px solid rgb(206, 212, 217); text-align: right;\"><span style=\"font-size: 8pt;\">{linea.precio}</span></td>\r\n<td style=\"border: 1px solid rgb(206, 212, 217); text-align: right;\"><span style=\"font-size: 8pt;\">{linea.descuento}%</span></td>\r\n<td style=\"border: 1px solid rgb(206, 212, 217); text-align: right;\"><span style=\"font-size: 8pt;\">{linea.impuesto}%</span></td>\r\n<td style=\"border: 1px solid rgb(206, 212, 217); text-align: right;\"><span style=\"font-size: 8pt;\">{linea.total_neto} &euro;</span></td>\r\n</tr>\r\n<tr>\r\n<td style=\"border: 1px none rgb(206, 212, 217);\"><span style=\"font-size: 8pt;\">&nbsp;</span></td>\r\n<td style=\"border: 1px none rgb(206, 212, 217);\"><span style=\"font-size: 8pt;\">&nbsp;</span></td>\r\n<td style=\"border: 1px none rgb(206, 212, 217); text-align: right;\"><span style=\"font-size: 8pt;\">&nbsp;</span></td>\r\n<td style=\"border: 1px none rgb(206, 212, 217); text-align: right;\"><span style=\"font-size: 8pt;\">&nbsp;</span></td>\r\n<td style=\"border: 1px solid rgb(206, 212, 217); text-align: right;\" colspan=\"2\"><span style=\"font-size: 8pt;\"><strong>Base Imponible</strong></span></td>\r\n<td style=\"border: 1px solid rgb(206, 212, 217); text-align: right;\"><span style=\"font-size: 8pt;\">{cabecera.total_neto} &euro;</span></td>\r\n</tr>\r\n<tr data-repeat=\"impuestos as impuesto\">\r\n<td style=\"border: 1px none rgb(206, 212, 217);\"><span style=\"font-size: 8pt;\">&nbsp;</span></td>\r\n<td style=\"border: 1px none rgb(206, 212, 217);\"><span style=\"font-size: 8pt;\">&nbsp;</span></td>\r\n<td style=\"border: 1px none rgb(206, 212, 217); text-align: right;\"><span style=\"font-size: 8pt;\">&nbsp;</span></td>\r\n<td style=\"border: 1px none rgb(206, 212, 217); text-align: right;\"><span style=\"font-size: 8pt;\">&nbsp;</span></td>\r\n<td style=\"border: 1px solid rgb(206, 212, 217); text-align: right;\" colspan=\"2\"><span style=\"font-size: 8pt;\"><strong>Total IVA al {impuesto.impuesto} %</strong></span></td>\r\n<td style=\"border: 1px solid rgb(206, 212, 217); text-align: right;\"><span style=\"font-size: 8pt;\">{impuesto.total_impuestos} &euro;</span></td>\r\n</tr>\r\n<tr>\r\n<td style=\"border: 1px none rgb(206, 212, 217);\"><span style=\"font-size: 8pt;\">&nbsp;</span></td>\r\n<td style=\"border: 1px none rgb(206, 212, 217);\"><span style=\"font-size: 8pt;\">&nbsp;</span></td>\r\n<td style=\"border: 1px none rgb(206, 212, 217); text-align: right;\"><span style=\"font-size: 8pt;\">&nbsp;</span></td>\r\n<td style=\"border: 1px none rgb(206, 212, 217); text-align: right;\"><span style=\"font-size: 8pt;\">&nbsp;</span></td>\r\n<td style=\"border: 1px solid rgb(206, 212, 217); text-align: right;\" colspan=\"2\"><span style=\"font-size: 8pt;\"><strong>&nbsp;Importe Total</strong></span></td>\r\n<td style=\"border: 1px solid rgb(206, 212, 217); text-align: right;\"><span style=\"font-size: 8pt;\"><strong>{cabecera.importe_total} &euro;</strong></span></td>\r\n</tr>\r\n</tbody>\r\n</table>\r\n<p>&nbsp;</p>\r\n<table style=\"border-collapse: collapse; width: 100%;\" border=\"0\"><colgroup><col style=\"width: 99.9377%;\"></colgroup>\r\n<tbody>\r\n<tr>\r\n<td style=\"border: 1px solid rgb(206, 212, 217); background-color: rgb(236, 240, 241);\"><span style=\"font-size: 10pt;\"><strong>Notas:</strong></span></td>\r\n</tr>\r\n<tr>\r\n<td style=\"border: 1px solid rgb(206, 212, 217); font-size: 8pt;\">\r\n<p>{cabecera.notas}</p>\r\n<p>&nbsp;</p>\r\n</td>\r\n</tr>\r\n</tbody>\r\n</table>','490484A9474D03AB69738B7FC05D057C');
/*!40000 ALTER TABLE `app_report_templates` ENABLE KEYS */;
UNLOCK TABLES;

--
-- Table structure for table `app_roles`
--

DROP TABLE IF EXISTS `app_roles`;
/*!40101 SET @saved_cs_client     = @@character_set_client */;
/*!40101 SET character_set_client = utf8mb4 */;
CREATE TABLE `app_roles` (
  `id` char(32) NOT NULL,
  `nombre` varchar(100) NOT NULL,
  `fecha_creacion` timestamp NULL DEFAULT current_timestamp(),
  `fecha_modificacion` timestamp NULL DEFAULT current_timestamp() ON UPDATE current_timestamp(),
  `is_admin` int(11) DEFAULT NULL,
  `description` varchar(255) DEFAULT NULL,
  PRIMARY KEY (`id`)
) ENGINE=InnoDB DEFAULT CHARSET=utf8mb3 COLLATE=utf8mb3_general_ci;
/*!40101 SET character_set_client = @saved_cs_client */;

--
-- Dumping data for table `app_roles`
--

LOCK TABLES `app_roles` WRITE;
/*!40000 ALTER TABLE `app_roles` DISABLE KEYS */;
INSERT INTO `app_roles` VALUES
('1274DDFA7F6109B4FB51287900D64149','segundo ejemplo','2025-03-10 20:55:31','2025-03-10 20:55:31',0,'acumula permisos'),
('4C84E85CC544B6789633DA6D5D379BB2','Ventas ejemplo','2025-03-10 18:33:55','2025-03-10 18:35:27',0,'Ejemplo de test'),
('A53011E6C0391E783222B1E312EBCB67','Administrador','2025-03-04 19:12:39','2025-03-06 17:39:41',1,'Super administrador del sistema');
/*!40000 ALTER TABLE `app_roles` ENABLE KEYS */;
UNLOCK TABLES;

--
-- Table structure for table `app_roles_usuarios`
--

DROP TABLE IF EXISTS `app_roles_usuarios`;
/*!40101 SET @saved_cs_client     = @@character_set_client */;
/*!40101 SET character_set_client = utf8mb4 */;
CREATE TABLE `app_roles_usuarios` (
  `id` char(32) NOT NULL,
  `fecha_creacion` timestamp NULL DEFAULT current_timestamp(),
  `fecha_modificacion` timestamp NULL DEFAULT current_timestamp() ON UPDATE current_timestamp(),
  `id_usuario` char(32) DEFAULT NULL,
  `id_rol` char(32) DEFAULT NULL,
  PRIMARY KEY (`id`),
  KEY `FK_app_roles_usuarios_app_roles` (`id_rol`),
  KEY `FK_app_roles_usuarios_usuarios` (`id_usuario`),
  CONSTRAINT `FK_app_roles_usuarios_app_roles` FOREIGN KEY (`id_rol`) REFERENCES `app_roles` (`id`),
  CONSTRAINT `FK_app_roles_usuarios_usuarios` FOREIGN KEY (`id_usuario`) REFERENCES `usuarios` (`id`)
) ENGINE=InnoDB DEFAULT CHARSET=utf8mb3 COLLATE=utf8mb3_general_ci;
/*!40101 SET character_set_client = @saved_cs_client */;

--
-- Dumping data for table `app_roles_usuarios`
--

LOCK TABLES `app_roles_usuarios` WRITE;
/*!40000 ALTER TABLE `app_roles_usuarios` DISABLE KEYS */;
INSERT INTO `app_roles_usuarios` VALUES
('2E70F9C080AD93C612CD40CBE561F02E','2025-03-04 19:26:27','2025-03-04 19:26:27','ED4B7E942E8CAA1836F247F2E4F73EBA','A53011E6C0391E783222B1E312EBCB67'),
('BCAE71DDE2A4EC90974CA1D1B4EA0866','2025-03-10 18:37:15','2025-03-10 18:37:15','590A4A27433A5C3A85D4939810302137','4C84E85CC544B6789633DA6D5D379BB2');
/*!40000 ALTER TABLE `app_roles_usuarios` ENABLE KEYS */;
UNLOCK TABLES;

--
-- Table structure for table `app_scripts`
--

DROP TABLE IF EXISTS `app_scripts`;
/*!40101 SET @saved_cs_client     = @@character_set_client */;
/*!40101 SET character_set_client = utf8mb4 */;
CREATE TABLE `app_scripts` (
  `id` char(32) NOT NULL,
  `fecha_creacion` timestamp NULL DEFAULT current_timestamp(),
  `fecha_modificacion` timestamp NULL DEFAULT current_timestamp() ON UPDATE current_timestamp(),
  `estado` int(11) DEFAULT NULL,
  `id_entity` char(32) DEFAULT NULL,
  `filename` varchar(60) DEFAULT NULL,
  `code` text DEFAULT NULL,
  `type` varchar(20) DEFAULT NULL,
  PRIMARY KEY (`id`),
  KEY `FK_app_scripts_app_entities` (`id_entity`),
  CONSTRAINT `FK_app_scripts_app_entities` FOREIGN KEY (`id_entity`) REFERENCES `app_entities` (`id`)
) ENGINE=InnoDB DEFAULT CHARSET=utf8mb3 COLLATE=utf8mb3_general_ci;
/*!40101 SET character_set_client = @saved_cs_client */;

--
-- Dumping data for table `app_scripts`
--

LOCK TABLES `app_scripts` WRITE;
/*!40000 ALTER TABLE `app_scripts` DISABLE KEYS */;
INSERT INTO `app_scripts` VALUES
('124C541483557EA60DE0CE15B26F5073','2025-04-21 17:23:32','2025-05-05 12:05:20',1,'490484A9474D03AB69738B7FC05D057C','ventas_ofertas.js','document.addEventListener(\"DOMContentLoaded\", onload);\r\n\r\n\r\nfunction onload(){\r\n    \r\n    //suscribimos eventos\r\n    var grid = document.getElementById(\'grid_lineas\');\r\n    grid.addEventListener(\'AfterInsert\',refrescarTotales);\r\n    grid.addEventListener(\'OnDelete\',refrescarTotales);\r\n    \r\n}\r\n\r\nfunction refrescarTotales(e){\r\n    \r\n    let id = MyApp.form.getFieldValue(\"id\");\r\n    \r\n    MyApp.api.retrieve(\"ventas_ofertas\",id).then(array => {\r\n        let r = array[0]; \r\n        \r\n        MyApp.form.setFieldValue(\"importe_total\", parseFloat(r.importe_total).toFixed(2) );\r\n        MyApp.form.setFieldValue(\"total_neto\", parseFloat(r.total_neto).toFixed(2) );\r\n        MyApp.form.setFieldValue(\"total_impuestos\", parseFloat(r.total_impuestos).toFixed(2) );\r\n\r\n    });\r\n    \r\n}','form'),
('28561A47F1736D6DC14F3A0866C4B5F2','2025-03-15 19:35:33','2025-05-03 17:53:51',0,'7D2C9C0CF3B893CA6EC55DC070198D44','productos.js','//registrarse a eventos\r\n\r\ndocument.addEventListener(\"DOMContentLoaded\", onload);\r\n\r\n\r\nfunction onload(){\r\n    MyApp.utils.log(\'en el load\');\r\n    \r\n    //suscribimos eventos\r\n    var ean = document.getElementById(\'ean_code\');\r\n    ean.addEventListener(\'change\',onChangeEan);\r\n    \r\n    var btn = document.querySelectorAll(\'button[name=\"test\"]\')[0];\r\n    btn.addEventListener(\'click\',onClickBtn);\r\n    \r\n\r\n}\r\n\r\nfunction onChangeEan(){\r\n    MyApp.ui.notify(\'en el onchange\');\r\n}\r\n\r\n\r\nfunction onClickBtn(){\r\n    MyApp.form.setFieldValue(\"ean_code\",9999); //dispara onchange también\r\n    MyApp.form.setFieldValue(\"peso\",\"123\");\r\n}','form'),
('3305FC93486A4D7F1EEE93585CFBAA49','2025-03-15 19:35:33','2025-09-26 11:33:38',0,'7D2C9C0CF3B893CA6EC55DC070198D44','productos_listado.js','//registrarse a eventos\r\n\r\nwindow.addEventListener(\"load\", onload);\r\nMyApp.utils.loadScript (\"modules/ventas/scripts/test.js\", onloadlib);\r\n\r\nfunction onload(){\r\n    MyApp.ui.notify(\'en el load del javascript\');\r\n    \r\n    const jsonQuery = `{\r\n        \"select\": [\r\n            \"*\"\r\n        ],\r\n        \"from\": {\r\n            \"table\": \"productos\",\r\n            \"alias\": \"\"\r\n        },\r\n        \"joins\": [],\r\n        \"where\": \"\",\r\n        \"groupBy\": [],\r\n        \"having\": \"\",\r\n        \"orderBy\": [],\r\n        \"limit\": null,\r\n        \"distinct\": true\r\n    }`;\r\n    \r\n    \r\n    MyApp.api.query((jsonQuery))\r\n    .then(data => { \r\n       let to_update = []; //en upsert se manda una lista de objetos a actualizar o insertar\r\n       \r\n        console.log(data); \r\n        data.forEach(producto => {\r\n            console.log(`Producto: ${producto.nombre}, Peso: ${producto.peso}`);\r\n            to_update.push({ id: producto.id, peso: 50});\r\n        });\r\n        //ahora agregamos tb uno nuevo\r\n        //to_update.push({nombre:\"uno nuevo desde JS\"});\r\n        \r\n        //llamamos a la api\r\n        MyApp.api.upsert(\"productos\",to_update).then( data => console.log(data) ).catch( error => console.log(error));\r\n        \r\n    } )\r\n    .catch( error => { \r\n        console.error(error);\r\n    });\r\n    \r\n}\r\nfunction onloadlib(){\r\n    MyApp.utils.log(\'Libreria cargada\');\r\n\r\n}\r\n\r\n','list'),
('70295DF2E962E20B5093655D0BF9CAAC','2025-09-23 06:55:26','2025-09-23 11:24:24',1,'20AB28F839675213390C76A55A267945','app_transiciones_proceso.js','document.addEventListener(\"DOMContentLoaded\", onload);\r\n\r\n\r\nfunction onload(){\r\n    //establecemos el prefiltro de los lookup\r\n    let id_proceso = MyApp.form.getFieldValue(\"id_proceso\" );\r\n    console.log(id_proceso);\r\n    \r\n    let obj = document.getElementById(\"id_fase_inicio\");\r\n    obj.setAttribute(\"data-field\",\"id_proceso\");\r\n    obj.setAttribute(\"data-value\",id_proceso);\r\n    \r\n    obj = document.getElementById(\"id_fase_fin\");\r\n    obj.setAttribute(\"data-field\",\"id_proceso\");\r\n    obj.setAttribute(\"data-value\",id_proceso);\r\n}\r\n\r\n','form'),
('B20DAED33993B1517806BD3564ACF49E','2025-04-21 17:23:32','2025-08-28 11:02:03',1,'C0F34C980D8AC44DAB5B7148A9669AD8','ventas_pedido.js','document.addEventListener(\"DOMContentLoaded\", onload);\r\n\r\n\r\nfunction onload(){\r\n    \r\n    //suscribimos eventos\r\n    var grid = document.getElementById(\'grid_lineas\');\r\n    grid.addEventListener(\'AfterInsert\',refrescarTotales);\r\n    grid.addEventListener(\'OnDelete\',refrescarTotales);\r\n    \r\n}\r\n\r\nfunction refrescarTotales(e){\r\n    \r\n    let id = MyApp.form.getFieldValue(\"id\");\r\n    \r\n    MyApp.api.retrieve(\"ventas_pedidos\",id).then(array => {\r\n        let r = array[0]; \r\n        \r\n        MyApp.form.setFieldValue(\"importe_total\", parseFloat(r.importe_total).toFixed(2) );\r\n        MyApp.form.setFieldValue(\"total_neto\", parseFloat(r.total_neto).toFixed(2) );\r\n        MyApp.form.setFieldValue(\"total_impuestos\", parseFloat(r.total_impuestos).toFixed(2) );\r\n\r\n    });\r\n    \r\n}','form');
/*!40000 ALTER TABLE `app_scripts` ENABLE KEYS */;
UNLOCK TABLES;

--
-- Table structure for table `app_tareas_proyectos`
--

DROP TABLE IF EXISTS `app_tareas_proyectos`;
/*!40101 SET @saved_cs_client     = @@character_set_client */;
/*!40101 SET character_set_client = utf8mb4 */;
CREATE TABLE `app_tareas_proyectos` (
  `id` char(32) NOT NULL,
  `nombre` varchar(100) NOT NULL,
  `fecha_creacion` timestamp NULL DEFAULT current_timestamp(),
  `fecha_modificacion` timestamp NULL DEFAULT current_timestamp() ON UPDATE current_timestamp(),
  `descripcion` text DEFAULT NULL,
  `estado_tarea` int(11) DEFAULT NULL,
  `id_proyecto` char(32) DEFAULT NULL,
  `orden` int(11) DEFAULT NULL,
  PRIMARY KEY (`id`),
  KEY `FK_app_tareas_proyectos_app_proyectos` (`id_proyecto`),
  CONSTRAINT `FK_app_tareas_proyectos_app_proyectos` FOREIGN KEY (`id_proyecto`) REFERENCES `app_proyectos` (`id`)
) ENGINE=InnoDB DEFAULT CHARSET=utf8mb3 COLLATE=utf8mb3_general_ci;
/*!40101 SET character_set_client = @saved_cs_client */;

--
-- Dumping data for table `app_tareas_proyectos`
--

LOCK TABLES `app_tareas_proyectos` WRITE;
/*!40000 ALTER TABLE `app_tareas_proyectos` DISABLE KEYS */;
INSERT INTO `app_tareas_proyectos` VALUES
('01A2A0509A5DF01FCDEBCE927ABCEAF8','Formularios de ACCION','2025-03-11 19:05:20','2025-03-11 23:21:20','<ul>\r\n<li>Formulario que acciona algo... subir un fichero, cambiar un password... etc. Que sea un formulario modal</li>\r\n<li>Definido como una lista de campos (como en entity) y c&oacute;digo de servidor. Duda:</li>\r\n<li>&iquest;se puede usar la entity, pero como un tipo de entidad?</li>\r\n<li>Ver notas de paneles</li>\r\n</ul>',2,'BDBAD4E456A7D9DF3BDD1E6D707371BA',0),
('0D87BE851DB89EE844A7DDDBC9DCBB76','LOGIN TEST EN SUBGRID','2025-02-25 10:41:54','2025-03-06 18:46:40',NULL,2,'BDBAD4E456A7D9DF3BDD1E6D707371BA',0),
('0DB3C6AC4210DDF502EE38A7555722A0','Bloqueo de registros (hacerlos no editables)','2025-04-10 14:33:41','2025-08-29 18:49:30','<p>Se podr&iacute;a crear un campo de estado para bloqueo llamado \"Estado del registro\" o \"status\" con valor true/false. A&ntilde;adirlo a todas las entidades. En el controller, tratar el editable para poner como bloqueados todos los controles.</p>\r\n<p>se ha creado un tipo de dato nuevo llamado \"status\" o \"estado del registro\" para que al a&ntilde;adir la columna a la tabla ya tenga esta gesti&oacute;n nativa.</p>\r\n<p>no s&eacute; si en el controller o en la generaci&oacute;n del formulario.</p>\r\n<p>Analizarlo.</p>\r\n<ul>\r\n<li>FormManager::Run debe recibir el modo del formulario para que en el generate_field reciba el modo del control. <span style=\"color: rgb(45, 194, 107);\">(ok)</span></li>\r\n<li>En generate_field los controles avanzados no tienen tratamiento de disabled. Ejemplo: lookup.<span style=\"color: rgb(45, 194, 107);\"> (ok)</span></li>\r\n<li>Los <strong>subgrid </strong>deben ser tambi&eacute;n bloqueables en el formulario. Tiene que haber una propiedad y pasarla al webservice para que no genere los botones de \"nuevo\", borrar y duplicar<span style=\"color: rgb(45, 194, 107);\">. (ok)</span></li>\r\n<li><span style=\"color: rgb(0, 0, 0);\">Pendiente botones del formulario para desactivar el \"guardar\" y habilitar unos botones de activaci&oacute;n/desactivaci&oacute;n Ok.</span></li>\r\n</ul>\r\n<p>&nbsp;</p>\r\n<p>&nbsp;</p>',2,'BDBAD4E456A7D9DF3BDD1E6D707371BA',0),
('1513E313514775185689C13E3796347B','BPF','2025-09-17 16:27:26','2025-10-20 17:21:35',NULL,2,'BDBAD4E456A7D9DF3BDD1E6D707371BA',0),
('2290746AE6DA5A9B34D67A2CC9D261C0','Control Lookup debe usar vista de tipo lookup. ','2025-02-12 18:29:33','2025-04-07 20:03:45','<p>En edici&oacute;n de la columna tipo lookup s&oacute;lo ser&iacute;a necesario informar la tabla, la vista har&iacute;a el resto.</p>',2,'BDBAD4E456A7D9DF3BDD1E6D707371BA',3),
('2686FC95DE4FD2DD00BD29172E9DAF63','Visor de informes PDF','2025-03-19 20:07:45','2025-03-28 17:24:21','<ul>\r\n<li>crear plantillas de informes con consultas relacionadas.<span style=\"color: rgb(22, 145, 121);\"> OK</span></li>\r\n<li>montar una p&aacute;gina espec&iacute;fica para visualizar el informe en html y bot&oacute;n con exportaci&oacute;n a pdf. <span style=\"color: rgb(22, 145, 121);\">OK</span></li>\r\n<li>asociar la plantilla a la entidad. <span style=\"color: rgb(22, 145, 121);\">OK</span></li>\r\n<li>par&aacute;metros <span style=\"color: rgb(22, 145, 121);\">OK</span>\r\n<ul>\r\n<li>plantilla (id_template)</li>\r\n<li>item (elemento a imprimir) el id del objeto que pretendemos imprimir.</li>\r\n</ul>\r\n</li>\r\n<li>montar un mecanismo para imprimir desde un formulario o desde listado. Selecci&oacute;n del informe, o bien bot&oacute;n. <span style=\"color: rgb(224, 62, 45);\">OK.</span></li>\r\n</ul>',2,'BDBAD4E456A7D9DF3BDD1E6D707371BA',3),
('29E21E49F5BF5427522C0CE16E5F348E','Definir roles y permisos','2025-03-04 19:34:22','2025-03-11 18:55:05','<ul>\r\n<li style=\"color: rgb(22, 145, 121);\"><span style=\"color: rgb(22, 145, 121);\">roles ok&nbsp;</span></li>\r\n<li style=\"color: rgb(22, 145, 121);\"><span style=\"color: rgb(22, 145, 121);\">asignaci&oacute;n roles a usuarios - ok&nbsp;</span></li>\r\n<li style=\"color: rgb(22, 145, 121);\"><span style=\"color: rgb(22, 145, 121);\">permisos por entidad asociado al rol - OK</span></li>\r\n<li style=\"color: rgb(22, 145, 121);\"><span style=\"color: rgb(22, 145, 121);\">usar permisos en grid - OK</span></li>\r\n<li style=\"color: rgb(22, 145, 121);\"><span style=\"color: rgb(22, 145, 121);\">usar permisos para men&uacute; principal ok</span></li>\r\n</ul>',2,'BDBAD4E456A7D9DF3BDD1E6D707371BA',0),
('396D872E6944FC68AFF01AD5624288C7','formularios con pestañas?','2025-10-20 17:23:47','2025-10-20 17:39:19','<p>varias opciones: cada area se monta como un tab o bien definimos los tabs antes de las areas y el formulario tiene un tab por defecto.</p>',0,'BDBAD4E456A7D9DF3BDD1E6D707371BA',1),
('3C0DF5B9994D85C5BD4724589C196854','Afinar visualización de menu ','2025-04-14 22:22:24','2025-04-15 18:03:12','<p>En mobiles. En escritorio parece que va bien.</p>',2,'BDBAD4E456A7D9DF3BDD1E6D707371BA',0),
('3DBADC98E5266350F57696E9DFD3F07D','Alojar contenido CUSTOM en secciones','2025-04-15 18:04:00','2025-10-20 17:39:09','<table style=\"border-collapse: collapse; width: 100%;\" border=\"1\"><colgroup><col style=\"width: 74.7563%;\"><col style=\"width: 25.2437%;\"></colgroup>\r\n<tbody>\r\n<tr>\r\n<td>insertar contenido custom como control</td>\r\n<td><span style=\"color: rgb(22, 145, 121);\"><strong>OK</strong></span></td>\r\n</tr>\r\n<tr>\r\n<td>Al mostrar formulario, lanzar los plugin oportunos</td>\r\n<td><span style=\"color: rgb(224, 62, 45);\">pdte</span></td>\r\n</tr>\r\n<tr>\r\n<td>EJEMPLO: entidad proyecto</td>\r\n<td>&nbsp;</td>\r\n</tr>\r\n</tbody>\r\n</table>',1,'BDBAD4E456A7D9DF3BDD1E6D707371BA',2),
('44BC6282312FE5D107706F9D7B6EC1A0','Picking??','2025-02-26 18:05:06','2025-02-26 18:05:06','\r\nApp de picking con pistola para enytada/salida de almacen\r\n',0,'2B5297FBE05CFA798C2D107CA982AB8D',0),
('45DB677BF300E0FF6FA4318955A3E4EE','Visualización de gráfico en formulario','2025-03-23 12:33:39','2025-04-12 18:03:14','<ul>\r\n<li>definir la consulta -tipo de gr&aacute;fico - campo etiquetas y campo valores <span style=\"color: rgb(22, 145, 121);\"><strong>OK</strong></span>\r\n<ul>\r\n<li>Ahora admite varios campos para las series de datos.</li>\r\n<li>1 solo campo para el eje x&nbsp;</li>\r\n</ul>\r\n</li>\r\n<li>Tipos de gr&aacute;fico:&nbsp;\r\n<ul>\r\n<li>barras</li>\r\n<li>l&iacute;neas</li>\r\n<li>donut</li>\r\n<li>tarta</li>\r\n</ul>\r\n</li>\r\n<li>integrar filtro desde formulario<span style=\"color: rgb(22, 145, 121);\"> <strong>OK</strong>. Solo hay que tener cuidado de meter el campo de filtrado dentro del group by.</span></li>\r\n</ul>',2,'BDBAD4E456A7D9DF3BDD1E6D707371BA',1),
('4A8A738C83150128962F7B05F3DFA165','Permisos en contenedor de la Rpi','2025-02-12 19:32:36','2025-02-25 10:46:12','para poder copiar y mover ficheros desde código. Asi podremos registrar librerías mediante el mantenimiento.\r\n',2,'BDBAD4E456A7D9DF3BDD1E6D707371BA',5),
('4EF1F53741506C78493EE8CA9F0E393B','guardar última búsqueda en grid asociado a entidad','2025-03-26 09:41:23','2025-03-27 16:11:20',NULL,2,'BDBAD4E456A7D9DF3BDD1E6D707371BA',0),
('4F5FF32B802D158D4413E9A2AEE41741','Nif en factura de venta tienda','2025-02-26 18:05:38','2025-02-26 18:05:38','No sale',0,'2B5297FBE05CFA798C2D107CA982AB8D',0),
('530F7A81E908EB7952B998C0E1B4C95E','Librerías de javascript','2025-02-12 19:25:01','2025-03-19 20:04:16','<p>crear recursos javascript para poder desarrollar eventos de interfaz de usuario o colorines o lo que sea.</p>\r\n<ul>\r\n<li>Creamos una entidad sin BBDD con plugins y scripts.&nbsp;</li>\r\n<li>Los requerimos mediante javascript mediante la librer&iacute;a myapp y se cargan en el evento \"load\", no en \"Domcontentload\"</li>\r\n<li>en c&oacute;digo plugin, se cargan con un include_once est&aacute;ndar, o bien alguna funci&oacute;n que permita hacer el include.&nbsp;</li>\r\n</ul>',2,'BDBAD4E456A7D9DF3BDD1E6D707371BA',7),
('5496C04367FF283841E19DF61BFAA8C3','Api genérica para entidades definidas','2025-02-12 19:35:16','2025-04-04 18:06:09','<p>Seg&uacute;n las entities definidas con sus columnas, crear una api que permita las operaciones REST.</p>\r\n<p>Deber&iacute;a servir para:</p>\r\n<ul>\r\n<li>conectar Power BI a la app.</li>\r\n<li>aplicar l&oacute;gica con datos en la interfaz de usuario</li>\r\n</ul>\r\n<p><strong>Soluci&oacute;n:</strong></p>\r\n<p>/api/entity.php</p>\r\n<p>recibe varios par&aacute;metros:</p>\r\n<ul>\r\n<li><strong>query</strong>: consulta en formato json (hay que pasarlo con encodeURIComponent). La api MyApp.api.query ya lo soporta.</li>\r\n<li>o bien, par&aacute;metros igual que en entity:\r\n<ul>\r\n<li><strong>controller</strong>: nombre de tabla</li>\r\n<li><strong>item</strong>: id del registro</li>\r\n</ul>\r\n</li>\r\n<li>GET consulta.</li>\r\n<li>POST realiza un <strong>UPSERT de una lista de objetos de la misma tabla</strong></li>\r\n</ul>',2,'BDBAD4E456A7D9DF3BDD1E6D707371BA',1),
('58225C3EF835E39F2CAFC504906C62B1','Custom buttons desde grid','2025-03-26 09:29:54','2025-03-27 14:05:47','<p>mostrar los botones custom para operaciones masivas.</p>',2,'BDBAD4E456A7D9DF3BDD1E6D707371BA',0),
('58A9A20C0BEFBEB4A780888DEDC049F8','PANEL (informativo) como panel de entrada, home page, etc.','2025-03-11 19:09:40','2025-03-11 23:21:28','<p>Como en autoscrapper, definimos un formulario para dar informaci&oacute;n de entrada al sistema.&nbsp;</p>\r\n<p>&iquest;puede ser un tipo de formulario?</p>\r\n<p>&iquest;una entidad que no tiene BBDD detr&aacute;s?</p>\r\n<p>&iquest;matamos 2 p&aacute;jaros de un tiro?</p>',2,'BDBAD4E456A7D9DF3BDD1E6D707371BA',0),
('656405CC60C5E4068A499FA1162CF49B','Definir relaciones (borrado en cascada)','2025-02-12 19:40:41','2025-03-26 09:23:49','<p>un maestro de relaciones para definir las foreign keys, indexarlas e implementar el delete cascade.</p>',2,'BDBAD4E456A7D9DF3BDD1E6D707371BA',4),
('71CDB97A53091AB457AEB273FA9F2F0B','Definir íncides de BBDD (como con relaciones)','2025-10-20 17:37:26','2025-10-20 17:39:09',NULL,0,'BDBAD4E456A7D9DF3BDD1E6D707371BA',2),
('77474D3C584ABBE4B7DCB03D0ABF0BE5','Librerías de código','2025-02-12 19:25:01','2025-03-19 20:07:12','<p>Como en los plugin, que se pueda registrar una biblioteca de c&oacute;digo php.&nbsp;</p>\r\n<p>los cargamos como plugin en una entidad que no tenga BBDD. y se le hace un include.</p>\r\n<p>POr ejemplo: definir una entidad sin BBDD llamada \"Ventas.Globals\".</p>\r\n<p>Esto almacena el fichero, al publicar en la carpeta&nbsp;</p>\r\n<p>modules/<strong>{carpeta del modulo}</strong>/plugins/<strong>{nombrefichero.php}</strong></p>',2,'BDBAD4E456A7D9DF3BDD1E6D707371BA',6),
('786F9D52CD3B421FCA3642E2ECCCDE81','RLS Seguridad a nivel de fila','2025-06-23 12:11:55','2025-10-20 17:39:09','<p>Agregar seguridad a nivel de fila (RLS, por sus siglas en ingl&eacute;s: Row-Level Security) en tu aplicaci&oacute;n significa asegurarte de que los usuarios solo puedan ver o manipular los datos que les corresponden. Aqu&iacute; tienes una gu&iacute;a clara y pr&aacute;ctica para a&ntilde;adir esta seguridad, con enfoques seg&uacute;n el tipo de aplicaci&oacute;n y base de datos que est&eacute;s usando.</p>\r\n<p>1. Principio base de la seguridad a nivel de fila<br>Asocia cada fila de tus tablas con un \"due&ntilde;o\" o \"rol\" mediante un campo como:</p>\r\n<ul>\r\n<li>user_id</li>\r\n<li>grupo_id</li>\r\n<li>empresa_id</li>\r\n</ul>\r\n<p>Tu l&oacute;gica de acceso debe filtrar por ese campo, seg&uacute;n el usuario logueado.</p>\r\n<p>2. M&eacute;todos comunes para implementar RLS<br>Opci&oacute;n A: Filtrado manual en consultas (nivel de aplicaci&oacute;n)<br>Muy flexible. Debes modificar tus consultas SQL o generador ORM para incluir condiciones basadas en el usuario.</p>\r\n<p>php<br>Copiar<br>Editar<br>// Ejemplo en PHP con PDO<br>$stmt = $pdo-&gt;prepare(\"SELECT * FROM ventas WHERE user_id = :uid\");<br>$stmt-&gt;execute([\'uid\' =&gt; $usuario_actual_id]);<br>Pros:</p>\r\n<p>F&aacute;cil de controlar y depurar</p>\r\n<p>No dependes de la base de datos</p>\r\n<p>Contras:</p>\r\n<p>Repetitivo</p>\r\n<p>Riesgo si olvidas filtrar alguna consulta</p>\r\n<p>Opci&oacute;n B: Seguridad autom&aacute;tica en la base de datos (RLS en SQL)<br>Ideal si usas PostgreSQL u otros motores que soportan RLS nativamente.</p>\r\n<p>sql<br>Copiar<br>Editar<br>-- PostgreSQL: habilita RLS<br>ALTER TABLE ventas ENABLE ROW LEVEL SECURITY;</p>\r\n<p>-- Define pol&iacute;tica<br>CREATE POLICY ventas_usuario_policy<br>&nbsp; ON ventas<br>&nbsp; USING (user_id = current_setting(\'app.current_user\')::int);<br>Y luego desde tu aplicaci&oacute;n:</p>\r\n<p>sql<br>Copiar<br>Editar<br>SET app.current_user = 123; &nbsp;-- cada vez que se conecta el usuario<br>Pros:</p>\r\n<p>Muy seguro, no puedes olvidarte del filtro</p>\r\n<p>Centralizado en la base de datos</p>\r\n<p>Contras:</p>\r\n<p>Requiere soporte de tu motor (no funciona en MySQL est&aacute;ndar)</p>\r\n<p>A&ntilde;ade complejidad a la configuraci&oacute;n</p>\r\n<p>Opci&oacute;n C: Middleware o capa centralizada<br>Si tienes un ORM o librer&iacute;a central para consultas (como est&aacute;s construyendo), puedes interceptar autom&aacute;ticamente cada consulta y a&ntilde;adir el filtro por usuario o grupo.</p>\r\n<p>Ejemplo simple en pseudoc&oacute;digo:</p>\r\n<p>php<br>Copiar<br>Editar<br>function applyRLS($query, $entity) {<br>&nbsp; if ($entity === \'ventas\') {<br>&nbsp; &nbsp; $query-&gt;where(\'user_id\', \'=\', getCurrentUserId());<br>&nbsp; }<br>&nbsp; return $query;<br>}<br>Pros:</p>\r\n<p>Reutilizable y seguro</p>\r\n<p>M&aacute;s f&aacute;cil de mantener</p>\r\n<p>Contras:</p>\r\n<p>Debes controlar que todas las consultas pasen por esta capa</p>\r\n<p>Consejos adicionales<br>Si usas roles jer&aacute;rquicos (admin, manager, usuario), incluye reglas como empresa_id, grupo_id, etc.</p>\r\n<p>Evita confiar solo en el frontend. Nunca mandes todos los datos al cliente.</p>\r\n<p>Usa pruebas automatizadas para asegurar que nadie accede a lo que no debe.</p>\r\n<p>Documenta bien las pol&iacute;ticas para evitar errores en el futuro.</p>',0,'BDBAD4E456A7D9DF3BDD1E6D707371BA',2),
('890AADEAB4EF8C3884151A188C796C9A','Navegacion por pestañas ','2025-04-11 07:07:51','2025-08-22 17:52:09','<p>Actualmente, el bot&oacute;n de volver atr&aacute;s se hace en el servidor y no diferencia la navegaci&oacute;n independiente de las pesta&ntilde;as.</p>',2,'BDBAD4E456A7D9DF3BDD1E6D707371BA',0),
('8D3E5650D17B9CF43B32D348F3C77EF7','Selector de vistas directamente en el grid.','2025-02-12 18:28:53','2025-03-23 18:25:17','<p>para poder seleccionar distintas vistas en un grid dependiente. Usar el tipo de vista (ahora son todas p&uacute;blicas)</p>',2,'BDBAD4E456A7D9DF3BDD1E6D707371BA',11),
('936C73232F3405E025DC0EED47A93CD5','Probar acceso a servicio externo (desde rpi)','2025-04-15 18:06:53','2025-05-02 17:56:45',NULL,2,'BDBAD4E456A7D9DF3BDD1E6D707371BA',0),
('939D61C4B7A758D184D13A2350336FD1','Menú expandido en función de la pagina en curso','2025-02-12 18:35:49','2025-02-25 10:45:44','auto-expandir en función del controller seleccionado.\r\nNo debería ser difícil.',2,'BDBAD4E456A7D9DF3BDD1E6D707371BA',0),
('9C7C5CF8E2BBCF156A705CDD849BC065','integrar html al estilo de webresources, bien como modal o como iframe','2025-10-20 17:30:29','2025-10-20 17:39:27','<p>Ya tenemos la entidad que los almacena, ahora necesitamos invocarlos para que se muestren.</p>\r\n<p>Nos dar&aacute; flexibilidad a la hora de desarrollar interfaces complejas.</p>',0,'BDBAD4E456A7D9DF3BDD1E6D707371BA',0),
('A0157C7F162C5BD618C92AE713BFB1C5','Mantenimiento de botones de la entidad','2025-02-12 19:24:19','2025-03-04 19:33:59','para ser gestionado por plugins, y no tener que definirlo en el preRenderForm\r\n(tipo list o form)',2,'BDBAD4E456A7D9DF3BDD1E6D707371BA',3),
('AC7EF35D85FC9D312E5EE7A3FD231919','JSON queries','2025-02-25 09:05:11','2025-04-03 19:42:30','<p>definir consultas en formato json que puedan ser ejecutadas desde la interfaz y as&iacute; evitar inyecciones SQL.</p>\r\n<p>TEnemos un ejemplo en chatgpt.</p>',2,'BDBAD4E456A7D9DF3BDD1E6D707371BA',99),
('B7E85F51B0C3DB4FFB2E91E654D7F711','Crear tareas programadas','2025-02-12 19:27:26','2025-10-20 17:39:09','<p>Cron por &iquest;minuto? y que mire los trabajos pendientes</p>',0,'BDBAD4E456A7D9DF3BDD1E6D707371BA',6),
('B8A056581830C1D086505479F6007FED','Ejecución de plugins desde grid ','2025-02-12 18:23:35','2025-03-09 18:15:15','<p>Debe responder a los eventos definidos en el plugin de la entidad.</p>\r\n<p>Ok para insert, duplicate y pre-render</p>',2,'BDBAD4E456A7D9DF3BDD1E6D707371BA',0),
('C48660A87DCE2FE5ADACD645E224D347','Albaran compra sume stock','2025-02-26 18:11:55','2025-02-26 18:11:55','Ahora solo cuenta coste.\r\n',0,'2B5297FBE05CFA798C2D107CA982AB8D',0),
('C503AB7844374873E870C869E2FB2DB1','Definir método genérico para procesos batch','2025-02-12 19:22:54','2025-10-20 17:39:09','A modo de plugin o algo así que se registre',0,'BDBAD4E456A7D9DF3BDD1E6D707371BA',10),
('C691DEE8C48694C7DFE181F63617D80B','Lookups con campos enlazados','2025-02-12 18:23:35','2025-04-08 17:03:31','<p>poder filtrar en un lookup en funci&oacute;n de otro campo de la pantalla. Ejemplo: seleccionas provincia y el campo ciudad filtra por las ciudades de dicha provincia.</p>\r\n<p><span style=\"color: rgb(22, 145, 121);\"><strong>Funciona</strong></span>. en los campos lookup informar de data-field y data-value, como en los subgrid.</p>',2,'BDBAD4E456A7D9DF3BDD1E6D707371BA',3),
('CC90EC5C292CF49A2EF70E7EE9BF84AD','Eliminar imágenes en control imagen','2025-04-29 14:32:17','2025-05-14 18:21:53','<p>- no limpia el directorio de destino, pero limpia la bbdd.</p>',2,'BDBAD4E456A7D9DF3BDD1E6D707371BA',0),
('D011B3AD54C59AFF4A668B9F994E4FC1','Formulario de inserción rápida ','2025-04-16 15:22:56','2025-04-23 15:40:54',NULL,2,'BDBAD4E456A7D9DF3BDD1E6D707371BA',1),
('D5502C89EDA244D2B98786E8CD763B21','Pedidos de venta','2025-02-26 18:03:25','2025-02-26 18:03:25','Registrarlos y descontar del almacén. Como en tienda.\r\n',0,'2B5297FBE05CFA798C2D107CA982AB8D',0),
('DA477785F8361FFE1156D094D965387E','Menu ocultable en modo escritorio','2025-08-25 13:09:07','2025-08-27 07:18:35','<p>que solo se vea el icono de las 3 rayitas y una barra vertical. No mostrar los puntos de menu</p>\r\n<p>Util para tablet modo horizontal y portatil para ganar espacio</p>\r\n<p>&nbsp;</p>',2,'BDBAD4E456A7D9DF3BDD1E6D707371BA',2),
('E1E2B2C607BD4B02A7B3F96D99B18B5A','Eventos de recarga de grid','2025-04-16 22:33:16','2025-04-23 15:41:02',NULL,2,'BDBAD4E456A7D9DF3BDD1E6D707371BA',0),
('E6F8A39B142E456E5E04C475CAD03742','Formulario de edición rápida???','2025-04-16 15:22:56','2025-10-20 17:39:09',NULL,0,'BDBAD4E456A7D9DF3BDD1E6D707371BA',3),
('F020B362F608DAA86FFA1A32C2E6A3EB','Columnas tipo fichero','2025-02-19 23:16:58','2025-02-25 10:45:53','Imagen o fichero en general.',2,'BDBAD4E456A7D9DF3BDD1E6D707371BA',1),
('F2BA8CAB4716E4367AFC9E5AF45BB5B0','Botones up-down desde grid para ordenar listados','2025-02-12 18:33:58','2025-02-25 10:46:03','En movil se ve mal.\r\nHay que mejorar los botones.',2,'BDBAD4E456A7D9DF3BDD1E6D707371BA',2),
('F9FCA9ED5D1AD64A1AE88A59CD1F4F0B','Boton nuevo - quick','2025-05-12 08:12:00','2025-06-09 12:21:08','<p>Si no hay quick create, que navegue hasta el principal en modo \"new\"</p>',2,'BDBAD4E456A7D9DF3BDD1E6D707371BA',0);
/*!40000 ALTER TABLE `app_tareas_proyectos` ENABLE KEYS */;
UNLOCK TABLES;

--
-- Table structure for table `app_transiciones_proceso`
--

DROP TABLE IF EXISTS `app_transiciones_proceso`;
/*!40101 SET @saved_cs_client     = @@character_set_client */;
/*!40101 SET character_set_client = utf8mb4 */;
CREATE TABLE `app_transiciones_proceso` (
  `id` char(32) NOT NULL,
  `nombre` varchar(100) DEFAULT NULL,
  `fecha_creacion` timestamp NULL DEFAULT current_timestamp(),
  `fecha_modificacion` timestamp NULL DEFAULT current_timestamp() ON UPDATE current_timestamp(),
  `id_fase_inicio` char(32) DEFAULT NULL,
  `id_proceso` char(32) DEFAULT NULL,
  `id_fase_fin` char(32) DEFAULT NULL,
  PRIMARY KEY (`id`)
) ENGINE=InnoDB DEFAULT CHARSET=utf8mb3 COLLATE=utf8mb3_general_ci;
/*!40101 SET character_set_client = @saved_cs_client */;

--
-- Dumping data for table `app_transiciones_proceso`
--

LOCK TABLES `app_transiciones_proceso` WRITE;
/*!40000 ALTER TABLE `app_transiciones_proceso` DISABLE KEYS */;
INSERT INTO `app_transiciones_proceso` VALUES
('0219AA1B9276DF9ECD1425FE6FF25286','Finalizar','2025-09-24 12:30:37','2025-09-24 12:31:06','80FCA66FD4BCE032AC33C59EDB309474','45638ECFBE5174C38B169DE2C67BDE87','7A73484116A62791AB23D24A81673579'),
('2CFA6B3D97F29C094A70E9C7BBB5702B','Confirmar Pedido','2025-09-22 18:23:16','2025-09-22 18:25:07','C312D5CFC82D8CE6C7384E83B3D30A50','F16B54E64435670CEF531775394C4628','5FC77654D12C165D3E8F31A4B8BA489B'),
('33C0BE1023AF2FABEEDDC8887C462D80','Cancelar','2025-09-22 18:23:16','2025-09-22 18:25:56','C312D5CFC82D8CE6C7384E83B3D30A50','F16B54E64435670CEF531775394C4628','E8B7813D77D35EE89A71F78BA9247870'),
('4C552E72F10F58D111A55F5FE6559F77','Iniciar ejecucion','2025-09-24 12:30:37','2025-09-24 12:30:37','6FEE52135C37B80BD401F9E50C1B4D96','45638ECFBE5174C38B169DE2C67BDE87','80FCA66FD4BCE032AC33C59EDB309474'),
('A0A51AF2C2B8A95A3DD70C72C7D560E0','Entregar a cliente','2025-09-22 18:23:16','2025-09-22 18:23:16','A83C80BF506BB6FE3C63EAC35E276685','F16B54E64435670CEF531775394C4628','C312D5CFC82D8CE6C7384E83B3D30A50'),
('A65B9E306514693BCB27FF78BDE66994','Facturar','2025-09-23 11:27:29','2025-09-23 11:28:06','D09C09AC9A7962A727691ECA027F9892','1DDE9C45D0C99024ACA7F9C98AD8FEF1','03C6DC89CBF9BCA85717DA87B7CD7789'),
('AF83A08F7DC18D028D41FAD8D48A4020','reiniciar','2025-09-25 16:16:47','2025-09-25 16:16:47','7A73484116A62791AB23D24A81673579','45638ECFBE5174C38B169DE2C67BDE87','6FEE52135C37B80BD401F9E50C1B4D96'),
('C38BFD126E4FD2A6ECE2335ED7C8DBAE','Confirmar','2025-09-23 11:27:29','2025-09-23 11:27:29','27C7A68F331CE1727B703A8D9FDD4DC2','1DDE9C45D0C99024ACA7F9C98AD8FEF1','D09C09AC9A7962A727691ECA027F9892'),
('DF19A49BF87F04FBC29903BAD8520A0A','Revisar','2025-09-22 18:23:42','2025-09-22 18:23:42','C312D5CFC82D8CE6C7384E83B3D30A50','F16B54E64435670CEF531775394C4628','A83C80BF506BB6FE3C63EAC35E276685');
/*!40000 ALTER TABLE `app_transiciones_proceso` ENABLE KEYS */;
UNLOCK TABLES;

--
-- Table structure for table `app_user_controls`
--

DROP TABLE IF EXISTS `app_user_controls`;
/*!40101 SET @saved_cs_client     = @@character_set_client */;
/*!40101 SET character_set_client = utf8mb4 */;
CREATE TABLE `app_user_controls` (
  `id` char(32) NOT NULL,
  `fecha_creacion` timestamp NULL DEFAULT current_timestamp(),
  `fecha_modificacion` timestamp NULL DEFAULT current_timestamp() ON UPDATE current_timestamp(),
  `control_type` varchar(50) DEFAULT NULL,
  `dbcolumn` varchar(50) DEFAULT NULL,
  `view_column_rel` varchar(50) DEFAULT NULL,
  `id_seccion` char(32) DEFAULT NULL,
  `id_vista` char(32) DEFAULT NULL,
  `orden` int(11) DEFAULT NULL,
  `label` varchar(50) DEFAULT NULL,
  `id_grafico` char(32) DEFAULT NULL,
  `custom_section` varchar(50) DEFAULT NULL,
  `width` varchar(20) DEFAULT NULL,
  `nombre` varchar(50) DEFAULT NULL,
  PRIMARY KEY (`id`),
  KEY `FK_app_user_controls_app_form_sections` (`id_seccion`),
  KEY `FK_app_user_controls_app_views` (`id_vista`),
  CONSTRAINT `FK_app_user_controls_app_form_sections` FOREIGN KEY (`id_seccion`) REFERENCES `app_form_sections` (`id`) ON DELETE CASCADE,
  CONSTRAINT `FK_app_user_controls_app_views` FOREIGN KEY (`id_vista`) REFERENCES `app_views` (`id`)
) ENGINE=InnoDB DEFAULT CHARSET=utf8mb3 COLLATE=utf8mb3_general_ci;
/*!40101 SET character_set_client = @saved_cs_client */;

--
-- Dumping data for table `app_user_controls`
--

LOCK TABLES `app_user_controls` WRITE;
/*!40000 ALTER TABLE `app_user_controls` DISABLE KEYS */;
INSERT INTO `app_user_controls` VALUES
('05AA77D45D5BECC1AEF78F985144FD09','2025-09-23 11:48:17','2025-09-23 11:48:43','view',NULL,'id_oferta','B025294746427F4AE90AE99579799523','BB4BA711F1C50B586B861ACD998D1200',2,'Pedidos relacionados',NULL,NULL,'col-100',NULL),
('05D4D353C7E5218CD6610E8D6921E25C','2025-05-15 15:23:29','2025-05-15 15:36:07','column','codigo',NULL,'3CCE984864934802D8126504D1F124EC',NULL,1,NULL,NULL,NULL,'col-50',NULL),
('0B7402B9A224EC9EB0616A7383A71480','2025-05-15 15:23:29','2025-05-15 15:35:57','column','id_cuenta',NULL,'3CCE984864934802D8126504D1F124EC',NULL,3,NULL,NULL,NULL,'col-100',NULL),
('0BB15709D069CDFB91762721E353B902','2025-03-09 19:27:57','2025-04-17 16:02:31','view',NULL,'id_entity','E64B7D0AD7FE212B168C92528538D79D','42B1C527BAE44053C6EA434AC2C7EE99',2,'Formularios',NULL,NULL,'col-100',NULL),
('0C218B09D8DD488B6B7F7F3E9925F606','2025-09-01 18:25:18','2025-09-01 18:36:30','column','pendientes',NULL,'743C0E4E92842F94926D004E952A611A',NULL,2,NULL,NULL,NULL,'col-33',NULL),
('0C47CDEADDB847063302F181A5D1E39F','2025-04-22 13:02:31','2025-04-22 13:08:00','column','total_impuestos',NULL,'97C2E5E60FD570207AF62A4B663DAC40',NULL,9,NULL,NULL,NULL,'col-100',NULL),
('0CDFD21E82327D60F3C41F6C7DC3ADB1','2025-03-09 22:28:42','2025-04-17 16:02:31','column','estado',NULL,'79C8F54C5FE8595BD9E3D5DFCB7F67BB',NULL,1,NULL,NULL,NULL,'col-100',NULL),
('0EDF5F137CFFDA1F1034ACECFDA5AB8E','2025-03-11 19:41:53','2025-04-17 16:02:31','column','tipo_entidad',NULL,'BE842878675192696A6AC1741569B167',NULL,2,'Tipo Entidad',NULL,NULL,'col-100',NULL),
('1354906299DB8571D6B40062E33614C1','2025-09-01 18:25:18','2025-09-01 18:36:51','column','iniciadas',NULL,'743C0E4E92842F94926D004E952A611A',NULL,3,NULL,NULL,NULL,'col-33',NULL),
('1440C5734FC0C02EF4472D1F377CCE8D','2025-04-16 18:50:04','2025-04-17 16:02:31','column','nombre',NULL,'1711556FB7406999C5EF9E62F3080879',NULL,2,NULL,NULL,NULL,'col-100',NULL),
('16B5AA7B81BB85AD9BA7D4852C36A11F','2025-04-22 13:02:31','2025-08-24 13:06:59','column','descuento',NULL,'602BAB11ADB7594DF4D866CE4F871196',NULL,7,NULL,NULL,NULL,'col-33',NULL),
('1747C7CC87D4472D73186D31C2413557','2025-03-17 15:28:05','2025-04-17 16:02:31','column','template',NULL,'D5A5880AB7D3912B8A47CB485766EE72',NULL,2,NULL,NULL,NULL,'col-100',NULL),
('188F8A56F8DDADA9D91F696365AC93F0','2025-08-27 07:13:33','2025-08-27 07:13:33','column','email',NULL,'E46E6B47CF9A6F671E1F886074EFE5F7',NULL,3,NULL,NULL,NULL,'col-100',NULL),
('1B0114DD1398D550A02FC3A28C1A2A5A','2025-05-15 15:23:29','2025-05-15 15:35:57','column','valido_hasta',NULL,'3CCE984864934802D8126504D1F124EC',NULL,5,NULL,NULL,NULL,'col-50',NULL),
('1CD9A65709199D663BDB574B4316BD45','2025-04-22 13:02:31','2025-04-22 13:07:49','column','total_neto',NULL,'E5E88AC9B4041392A1F8B6AF3AF44295',NULL,8,NULL,NULL,NULL,'col-100',NULL),
('1DE8D132B2A8D042675CFCCE79CE7207','2025-04-24 18:48:06','2025-04-24 18:48:06','column','login',NULL,'8E1110C1CC66235A0309BC403950C568',NULL,1,NULL,NULL,NULL,'col-100',NULL),
('1EB8127C2BD4C1313733A9FB04AD5386','2025-09-22 18:16:03','2025-09-22 18:58:19','view',NULL,'t.id_proceso','08AE869790426C9D298F45D75A034598','41D8A6B436E9ECAA0BB2355675EDCA2C',0,NULL,NULL,NULL,'col-100',NULL),
('2106788696DBF9C2B00648BF549F0920','2025-08-27 07:13:33','2025-08-27 07:13:33','column','codpostal',NULL,'E46E6B47CF9A6F671E1F886074EFE5F7',NULL,10,NULL,NULL,NULL,'col-100',NULL),
('2281B6C25C012C52A0EFAF5D1DCAB4A5','2025-02-12 18:06:47','2025-04-17 16:02:31','column','nombre',NULL,'743C0E4E92842F94926D004E952A611A',NULL,1,NULL,NULL,NULL,'col-100',NULL),
('2670469D0E3B03CA01FA34D0427AC962','2025-04-22 13:02:31','2025-04-22 13:15:35','column','id_oferta',NULL,'23011B0CDE8AAB0C7870A80A5CCA3C4B',NULL,1,NULL,NULL,NULL,'col-50',NULL),
('2692025021A3516D1DEC213778097D95','2025-05-15 15:23:29','2025-05-15 15:33:14','column','notas',NULL,'B025294746427F4AE90AE99579799523',NULL,1,NULL,NULL,NULL,'col-100',NULL),
('28286902954E853D2F00EAE53BAC4CEF','2025-04-16 15:06:03','2025-04-17 16:02:31','column','estado_tarea',NULL,'5B31E61FBB94580A0216A8FC60CCCDC4',NULL,2,NULL,NULL,NULL,'col-100',NULL),
('2A408B33F6E769AE324F315DD3EDC5E5','2025-03-19 12:20:57','2025-04-17 16:02:31','view',NULL,'id_template','D5A5880AB7D3912B8A47CB485766EE72','94E45991CB72F05CE7AB3BAE2CE56C59',3,'Consultas',NULL,NULL,'col-100',NULL),
('2B68F7F79713677A3F1EBECF4946BD57','2025-09-05 12:59:39','2025-09-22 18:28:26','column','campo_entidad',NULL,'EB992AF0D14C2C32531BB339C78B3D75',NULL,3,NULL,NULL,NULL,'col-100',NULL),
('2C34E7554C5BF0894DEAC5CA41CBDEFB','2025-04-16 18:50:04','2025-04-17 16:02:31','column','imagen',NULL,'BB55F11CD0F97689F43967E2FA093CC4',NULL,1,NULL,NULL,NULL,'col-100',NULL),
('2FC28B08ED7A7CC8C4D8A195C019CEC5','2025-08-27 07:13:33','2025-08-27 07:13:33','column','direccion1',NULL,'E46E6B47CF9A6F671E1F886074EFE5F7',NULL,6,NULL,NULL,NULL,'col-100',NULL),
('30648E28591E8EE138C45E3F197A4AF4','2025-04-22 13:02:31','2025-08-24 13:06:59','column','precio',NULL,'602BAB11ADB7594DF4D866CE4F871196',NULL,6,NULL,NULL,NULL,'col-33',NULL),
('32CDF9EBF18E3C858886B4978582D9FC','2025-03-09 22:28:42','2025-04-17 16:02:31','column','code',NULL,'9D67E486961A4CBCA59700CE32256316',NULL,5,NULL,NULL,NULL,'col-100',NULL),
('352E03AD2C08E0D309460E3727B60961','2025-03-09 19:19:29','2025-08-26 12:06:35','column','mostrar_menu',NULL,'BE842878675192696A6AC1741569B167',NULL,5,NULL,NULL,NULL,'col-100',NULL),
('35398EE477192368FD3AEC31AFF2DA0B','2025-04-22 13:02:31','2025-04-22 13:08:29','column','total_linea',NULL,'E5E88AC9B4041392A1F8B6AF3AF44295',NULL,10,NULL,NULL,NULL,'col-100',NULL),
('373F239F0151CAEFE4A34DBA6363E03E','2025-08-22 11:17:24','2025-08-22 11:17:24','column','id',NULL,'E73E6E4A2CDA530135CE5F428ABB9575',NULL,0,NULL,NULL,NULL,'col-100',NULL),
('3AF523D0D0A9052F3133414D44FF3AC0','2025-05-15 15:23:29','2025-05-15 15:36:15','column','estado',NULL,'F8B77DF5B7D1EAFCDA870066697EA7BB',NULL,2,NULL,NULL,NULL,'col-50',NULL),
('3FE8EDF71A5A5413B85E4A839EDD7162','2025-04-22 13:02:31','2025-04-22 13:02:31','column','Concepto',NULL,'602BAB11ADB7594DF4D866CE4F871196',NULL,4,NULL,NULL,NULL,'col-100',NULL),
('402A129E707D64AE2A13462577D384D2','2025-03-09 22:28:42','2025-05-06 10:10:06','column','id_module',NULL,'73A8FFAD3DE8740E3903C4EB65805EBA',NULL,2,NULL,NULL,NULL,'col-100',NULL),
('40847F59E9555ECAE34480B82AB6CA3F','2025-04-16 15:06:03','2025-04-17 16:02:31','column','id',NULL,'5B31E61FBB94580A0216A8FC60CCCDC4',NULL,0,NULL,NULL,NULL,'col-100',NULL),
('408D0E9020702D13F18EDE6B4558EB4A','2025-02-07 18:50:52','2025-04-17 16:02:31','column','nombre',NULL,'1ED436397DE15F37E77586B00F4F079F',NULL,1,NULL,NULL,NULL,'col-100',NULL),
('41AB6C891182F831A47F6922C0EDBB37','2025-05-15 15:23:29','2025-05-15 15:36:07','column','codigo',NULL,'F8B77DF5B7D1EAFCDA870066697EA7BB',NULL,1,NULL,NULL,NULL,'col-50',NULL),
('41EB12B090A3A5A72A9A3F4D2B5C751F','2025-04-16 18:50:04','2025-04-17 16:22:30','column','precio',NULL,'1711556FB7406999C5EF9E62F3080879',NULL,5,NULL,NULL,NULL,'col-50',NULL),
('436AB4A920307CFFBFB49303655F974D','2025-04-16 18:50:04','2025-04-17 16:25:35','column','peso',NULL,'1711556FB7406999C5EF9E62F3080879',NULL,8,NULL,NULL,NULL,'col-33',NULL),
('439A55C4201DF2BF3F89F73F070B3CDF','2025-09-05 12:59:39','2025-09-05 12:59:39','column','id_entity',NULL,'AB0ABDFDA78C901CE6A16B96341BC852',NULL,1,NULL,NULL,NULL,'col-100',NULL),
('45F89243730A4F73365D2A32680F4A87','2025-03-10 18:13:22','2025-04-17 16:02:31','view',NULL,'id_rol','B71CC519A8B9D7155E1B08DBA5D4681A','FAD0DF8F2ADD9313B1A58BBE1BD9EE4F',4,NULL,NULL,NULL,'col-100',NULL),
('462B96C2B101ACC4305B9C4C1A6E0596','2025-04-22 13:02:31','2025-04-22 13:08:29','column','total_linea',NULL,'97C2E5E60FD570207AF62A4B663DAC40',NULL,10,NULL,NULL,NULL,'col-100',NULL),
('4645530C015FF17B37B9875C7A097F20','2025-04-24 18:48:06','2025-04-24 18:48:06','column','id',NULL,'8E1110C1CC66235A0309BC403950C568',NULL,0,NULL,NULL,NULL,'col-100',NULL),
('46AC61088BD3A41E353D9AE46C02563E','2025-04-16 18:50:04','2025-04-17 16:22:56','column','ean_code',NULL,'1711556FB7406999C5EF9E62F3080879',NULL,4,NULL,NULL,NULL,'col-50',NULL),
('46B93603B13648F8448A981BA81EB63D','2025-03-16 15:55:13','2025-04-17 16:02:31','column','filename',NULL,'B7B6CD8CC7CAB3149F89BBDF4DF1184E',NULL,4,NULL,NULL,NULL,'col-100',NULL),
('4B7D6E1639037D88AD55899FE37C47C2','2025-08-27 07:13:33','2025-08-27 07:13:33','column','telefono',NULL,'E46E6B47CF9A6F671E1F886074EFE5F7',NULL,5,NULL,NULL,NULL,'col-100',NULL),
('4C8104B959AB0A4A47A1F33E1CA8DD55','2025-08-22 11:15:06','2025-08-22 11:15:06','column','nombre',NULL,'A1186A13B9C7ABFF390DCAF53FA2AB43',NULL,1,NULL,NULL,NULL,'col-100',NULL),
('4C8B4D1A38862D47E7FF659707D886CF','2025-03-17 15:28:05','2025-04-17 16:02:31','column','id',NULL,'D5A5880AB7D3912B8A47CB485766EE72',NULL,0,NULL,NULL,NULL,'col-100',NULL),
('4CB9F4B7B93C21DD71256BB433D3D035','2025-04-23 16:11:32','2025-04-23 16:12:30','column','nombre',NULL,'DCD31305D8ED714614818C1E7DB91353',NULL,2,NULL,NULL,NULL,'col-100',NULL),
('4D239377BDE06641EEABFD98DD639A27','2025-08-27 07:13:33','2025-08-27 07:13:33','column','fecha_creacion',NULL,'E46E6B47CF9A6F671E1F886074EFE5F7',NULL,100,NULL,NULL,NULL,'col-100',NULL),
('4E2DE7125733393D403516CB9A9658DA','2025-04-22 13:02:31','2025-04-22 14:39:13','column','id_producto',NULL,'602BAB11ADB7594DF4D866CE4F871196',NULL,3,NULL,NULL,NULL,'col-100',NULL),
('4E993908A61ABEAC9D7730C630D3A211','2025-05-15 15:23:29','2025-05-15 15:27:59','column','importe_total',NULL,'BE116E97CD8680F311009F7C6524E28A',NULL,6,NULL,NULL,NULL,'col-100',NULL),
('4F0FC086BAF794C1FA08B16D9940705A','2025-09-05 13:04:40','2025-09-22 18:44:50','view',NULL,'id_proceso','BDFCBACAFFDB41F727C5B8367381DF2C','29B204843AF1F052EF4A5D4620F17365',0,NULL,NULL,NULL,'col-100',NULL),
('501E43B50612FD4303E6C95473CACCCE','2025-05-15 15:23:29','2025-05-15 15:23:29','column','id',NULL,'F8B77DF5B7D1EAFCDA870066697EA7BB',NULL,0,NULL,NULL,NULL,'col-100',NULL),
('52FBE4C6EED059C0C410EE233F593D98','2025-04-24 18:48:06','2025-04-24 18:48:44','column','nombre',NULL,'8E1110C1CC66235A0309BC403950C568',NULL,2,NULL,NULL,NULL,'col-100',NULL),
('5385A33AC4B44354EC49C185E3504155','2025-04-22 13:02:31','2025-04-22 13:07:37','column','impuesto',NULL,'97C2E5E60FD570207AF62A4B663DAC40',NULL,7,NULL,NULL,NULL,'col-100',NULL),
('55D8A5F0FC42F0C2E73D30922D5C942E','2025-04-22 13:02:31','2025-04-22 13:14:27','column','cantidad',NULL,'23011B0CDE8AAB0C7870A80A5CCA3C4B',NULL,5,NULL,NULL,NULL,'col-33',NULL),
('56FCBA69AF88EC158717982E5A22F363','2025-04-16 15:06:03','2025-04-17 16:02:31','column','descripcion',NULL,'635CA7CD4C2DBBD043D317A2E988CBDC',NULL,5,NULL,NULL,NULL,'col-100',NULL),
('58886B1352BC15A3E9A3F6D4E809A28F','2025-08-22 11:17:24','2025-08-22 11:20:21','column','pwd',NULL,'E73E6E4A2CDA530135CE5F428ABB9575',NULL,3,NULL,NULL,NULL,'col-50',NULL),
('59465B4A8D77297D51C65916B4D8C434','2025-04-21 07:16:04','2025-04-21 07:27:33','column','nombre',NULL,'AF0007B58E3F4A7103CB21B2A4840128',NULL,1,NULL,NULL,NULL,'col-50',NULL),
('5C83B7D7DFD8B095219129B545935E6E','2025-04-22 13:02:31','2025-04-22 14:39:13','column','id_producto',NULL,'23011B0CDE8AAB0C7870A80A5CCA3C4B',NULL,3,NULL,NULL,NULL,'col-100',NULL),
('5CF0E784EE3A4A24C5A807C67F60C6E0','2025-08-22 11:15:06','2025-08-22 11:15:06','column','pwd',NULL,'A1186A13B9C7ABFF390DCAF53FA2AB43',NULL,3,NULL,NULL,NULL,'col-100',NULL),
('5D295ADDB2B018020CE9A29C3777D584','2025-05-15 15:33:01','2025-08-24 12:57:33','view',NULL,'id_pedido','4E9709167C9C543DC8D37C93B655657E','8CAC4C6F972E9FE9AA7E8AE6AC4876E5',0,NULL,NULL,NULL,'col-100','grid_lineas'),
('5E42AACFA5F62C63391CA8EF9A26848F','2025-04-03 18:17:18','2025-04-17 16:02:31','column','query_json',NULL,'753DE3B35B73AC82B882FD7C02D74F5B',NULL,1,NULL,NULL,NULL,'col-100',NULL),
('63733F5C6AB65A2710DDC15F6AE65724','2025-03-09 22:28:42','2025-04-17 16:02:31','column','estado',NULL,'47B5283D5C0CE3D5D7A6D5B9902B7D11',NULL,1,NULL,NULL,NULL,'col-100',NULL),
('638EB3F5DC710AE1C434E97E8D3B44D5','2025-08-27 07:13:33','2025-08-27 07:13:33','column','nombre',NULL,'E46E6B47CF9A6F671E1F886074EFE5F7',NULL,2,NULL,NULL,NULL,'col-100',NULL),
('68DFA7C05C55BE78E2C69154E29E1CC2','2025-03-09 20:25:23','2025-04-17 16:02:31','view',NULL,'id_entity','00F5EEC9C07FDD59CC9F9B7365AE214F','357024BE676E42FC91C4BF8D23045686',4,'Botones de comandos',NULL,NULL,'col-100',NULL),
('6DCA6C89AF54D53DC28656C5E7F9CF44','2025-04-22 13:02:31','2025-04-22 13:02:31','column','Concepto',NULL,'23011B0CDE8AAB0C7870A80A5CCA3C4B',NULL,4,NULL,NULL,NULL,'col-100',NULL),
('6FA6E80EB13A90F60C11F945E2B7650E','2025-05-15 15:23:29','2025-05-15 15:35:57','column','fecha_oferta',NULL,'3CCE984864934802D8126504D1F124EC',NULL,4,NULL,NULL,NULL,'col-50',NULL),
('703B05A5D854B11C76748340C2E7663A','2025-05-15 15:23:29','2025-09-02 16:24:42','column','fecha_pedido',NULL,'F8B77DF5B7D1EAFCDA870066697EA7BB',NULL,5,NULL,NULL,NULL,'col-33',NULL),
('72F06BB7C984D798AF16255FACE54960','2025-03-19 12:18:35','2025-04-17 16:02:31','column','id_entity',NULL,'D5A5880AB7D3912B8A47CB485766EE72',NULL,0,NULL,NULL,NULL,'col-100',NULL),
('73E7C1D9D46DE8658361D284A1B52217','2025-04-23 16:11:32','2025-04-23 16:12:30','column','login',NULL,'DCD31305D8ED714614818C1E7DB91353',NULL,1,NULL,NULL,NULL,'col-100',NULL),
('73FBCD2116C69EB49DF4067D4F0498D8','2025-04-24 18:48:06','2025-04-24 18:48:48','column','apellidos',NULL,'8E1110C1CC66235A0309BC403950C568',NULL,3,NULL,NULL,NULL,'col-100',NULL),
('73FE2AD191CB77E82C62EE1C18B50AB0','2025-02-12 18:06:47','2025-04-17 16:02:31','column','id',NULL,'743C0E4E92842F94926D004E952A611A',NULL,0,NULL,NULL,NULL,'col-100',NULL),
('74EC6B0B8C8247027D23ABD9AD30994B','2025-09-05 12:59:39','2025-09-05 12:59:39','column','id',NULL,'AB0ABDFDA78C901CE6A16B96341BC852',NULL,0,NULL,NULL,NULL,'col-100',NULL),
('78048C14B0B325AED1271E7DD14AB91B','2025-04-24 18:53:26','2025-04-24 18:53:26','column','pwd',NULL,'8E1110C1CC66235A0309BC403950C568',NULL,0,NULL,NULL,NULL,'col-100',NULL),
('7804D31CFB07B8A92304353FD65C73D4','2025-04-21 07:16:04','2025-04-21 07:27:30','column','id',NULL,'AF0007B58E3F4A7103CB21B2A4840128',NULL,0,NULL,NULL,NULL,'col-100',NULL),
('780F2BFFC92D3F3956B2B309F2E40BEB','2025-03-09 22:28:42','2025-04-17 16:02:31','column','filename',NULL,'6E5F1CD88EBCFD84C10ECDC4A03DE3F7',NULL,4,NULL,NULL,NULL,'col-100',NULL),
('78451B1BB1C22AF519086E468BDD85AB','2025-03-16 15:55:13','2025-04-17 16:02:31','column','code',NULL,'A71C440A387F3533C2E93A18F6230324',NULL,5,NULL,NULL,NULL,'col-100',NULL),
('78AAD5F5A978522E9D1BD3D9AE30C747','2025-08-22 11:15:06','2025-08-22 11:15:06','column','usuario',NULL,'A1186A13B9C7ABFF390DCAF53FA2AB43',NULL,2,NULL,NULL,NULL,'col-100',NULL),
('78C3163E0C0945F5CFBAFCC0A6779EFB','2025-04-10 17:32:13','2025-04-17 16:02:31','view',NULL,'id_entity','67D7B2D5E22AC7EDBDB0FEC24A238E7A','148DCECE2002716B448E41B94C9F6413',0,'Javascript',NULL,NULL,'col-100',NULL),
('7ABECE52102AC059A138F36B4D4F35BE','2025-04-24 18:48:06','2025-04-24 18:48:50','column','email',NULL,'8E1110C1CC66235A0309BC403950C568',NULL,4,NULL,NULL,NULL,'col-100',NULL),
('7D8576ABE13AF04474DDC83D4A4705C2','2025-03-17 15:28:05','2025-04-17 16:02:31','column','nombre',NULL,'D5A5880AB7D3912B8A47CB485766EE72',NULL,1,NULL,NULL,NULL,'col-100',NULL),
('7DEBEA4B1026E845A6855ED2E6F0860A','2025-02-07 18:53:05','2025-04-17 16:02:31','column','query',NULL,'753DE3B35B73AC82B882FD7C02D74F5B',NULL,0,NULL,NULL,NULL,'col-100',NULL),
('80330E409AFC6CC4B4F149261EA5094A','2025-03-09 19:19:29','2025-04-17 16:02:31','column','singular_name',NULL,'8A8A8669BA755EA68E406BFA966E6C69',NULL,3,NULL,NULL,NULL,'col-100',NULL),
('8196E1D1415083DA1238275073D9EEF6','2025-05-15 15:23:29','2025-05-15 15:36:15','column','estado',NULL,'3CCE984864934802D8126504D1F124EC',NULL,2,NULL,NULL,NULL,'col-50',NULL),
('8877E86ED6592F7049F3CC923FB235AE','2025-04-23 16:11:32','2025-04-23 16:12:30','column','apellidos',NULL,'DCD31305D8ED714614818C1E7DB91353',NULL,3,NULL,NULL,NULL,'col-100',NULL),
('889DEB70E2FF6D1AFAB28993A654A148','2025-08-22 11:17:24','2025-08-22 11:20:13','column','usuario',NULL,'E73E6E4A2CDA530135CE5F428ABB9575',NULL,2,NULL,NULL,NULL,'col-50',NULL),
('894C6D698911685DE5A78A3A112BE174','2025-04-22 13:02:31','2025-04-22 13:14:40','column','descuento',NULL,'23011B0CDE8AAB0C7870A80A5CCA3C4B',NULL,6,NULL,NULL,NULL,'col-33',NULL),
('8CED9D7E5B2193DD99C16417FB48FBD9','2025-04-22 13:02:31','2025-04-22 13:14:34','column','precio',NULL,'23011B0CDE8AAB0C7870A80A5CCA3C4B',NULL,5,NULL,NULL,NULL,'col-33',NULL),
('8E54438D74FAE17E7B60DA5954FB0F82','2025-04-22 13:02:31','2025-04-22 13:14:27','column','cantidad',NULL,'602BAB11ADB7594DF4D866CE4F871196',NULL,5,NULL,NULL,NULL,'col-33',NULL),
('8EFF50D346D837F473B8B49D5E1F8E77','2025-04-22 13:02:31','2025-04-22 13:02:31','column','id',NULL,'23011B0CDE8AAB0C7870A80A5CCA3C4B',NULL,0,NULL,NULL,NULL,'col-100',NULL),
('8F073C9C511A308C5DF60DABEF89C070','2025-05-15 15:23:29','2025-05-15 15:27:59','column','importe_total',NULL,'3EB0BB7D782480CEB7368FF4B61CD7B0',NULL,6,NULL,NULL,NULL,'col-100',NULL),
('922C9631B57E2F7A9E2B45FEE5480654','2025-05-15 15:33:01','2025-06-02 07:28:52','view',NULL,'id_oferta','B025294746427F4AE90AE99579799523','FDF338372EC2150FE735B5AF9B7D3C25',0,NULL,NULL,NULL,'col-100','grid_lineas'),
('9275790C78BC7017B69E7AB28EE398C7','2025-03-09 19:34:47','2025-04-17 16:02:31','view',NULL,'id_entity','14020683A56A4A49D4E633D37E3A7590','4F68FF9F06CB53B80F834E1E51173FE9',3,'Plugins',NULL,NULL,'col-100',NULL),
('927D177CE407906BD42C61CFBBF4CC4C','2025-04-16 15:06:03','2025-04-17 16:02:31','column','id_proyecto',NULL,'5B31E61FBB94580A0216A8FC60CCCDC4',NULL,1,NULL,NULL,NULL,'col-100',NULL),
('930262BC1588FA1F44CD7AEDECE7EFD2','2025-02-12 18:19:51','2025-04-17 16:02:31','view',NULL,'id_proyecto','6D7AB63BD7B0C58367744AF926400BC5','653E9192D223DCA51522F18603921514',1,NULL,NULL,NULL,'col-100',NULL),
('95E61C0ACBF99A14CE6B3E1C01EA945D','2025-03-09 22:28:42','2025-04-17 16:02:31','column','tipo_plugin',NULL,'47B5283D5C0CE3D5D7A6D5B9902B7D11',NULL,3,NULL,NULL,NULL,'col-100',NULL),
('96DABE99373AE9ADD4FB4C09E6CDF6BE','2025-03-09 19:19:29','2025-04-17 16:02:31','column','plural_name',NULL,'8A8A8669BA755EA68E406BFA966E6C69',NULL,4,NULL,NULL,NULL,'col-100',NULL),
('9796852BDE1675E3C4FED3D30CFF6384','2025-04-22 13:02:31','2025-08-22 19:02:16','column','id_pedido',NULL,'602BAB11ADB7594DF4D866CE4F871196',NULL,1,NULL,NULL,NULL,'col-50',NULL),
('97CB451355845519C882F53786B70455','2025-04-16 15:06:03','2025-04-17 16:02:31','column','nombre',NULL,'5B31E61FBB94580A0216A8FC60CCCDC4',NULL,4,NULL,NULL,NULL,'col-100',NULL),
('9A6D9F771BCEA44DAA5AD565764C666C','2025-03-16 15:55:13','2025-04-17 16:02:31','column','id_entity',NULL,'B7B6CD8CC7CAB3149F89BBDF4DF1184E',NULL,2,NULL,NULL,NULL,'col-100',NULL),
('9C29DECB7F9781F2CCB6676436136D31','2025-04-22 13:02:31','2025-04-22 13:02:31','column','id',NULL,'602BAB11ADB7594DF4D866CE4F871196',NULL,0,NULL,NULL,NULL,'col-100',NULL),
('9E33DA0AB2860614A2CD4489D497667A','2025-04-23 16:11:32','2025-04-23 16:12:30','column','foto',NULL,'DCD31305D8ED714614818C1E7DB91353',NULL,5,NULL,NULL,NULL,'col-100',NULL),
('A03393E9810D595BBB1B0ACEAA544C08','2025-05-15 15:23:29','2025-05-15 15:26:39','column','total_neto',NULL,'3EB0BB7D782480CEB7368FF4B61CD7B0',NULL,3,NULL,NULL,NULL,'col-100',NULL),
('A0603A8330F17BCF7548003B53C20113','2025-04-16 18:50:04','2025-04-17 16:22:48','column','code',NULL,'1711556FB7406999C5EF9E62F3080879',NULL,3,NULL,NULL,NULL,'col-50',NULL),
('A0C03F49193930B54232BB00BE97DDC9','2025-08-27 07:13:33','2025-08-27 07:13:33','column','direccion2',NULL,'E46E6B47CF9A6F671E1F886074EFE5F7',NULL,6,NULL,NULL,NULL,'col-100',NULL),
('A0D23E626E28A5586601D9648E31CFC0','2025-08-26 12:06:08','2025-08-26 12:06:28','column','orden',NULL,'BE842878675192696A6AC1741569B167',NULL,6,NULL,NULL,NULL,'col-100',NULL),
('A131F1D2DF1984896590C4B76451F8E1','2025-08-27 07:13:33','2025-08-27 07:13:33','column','ciudad',NULL,'E46E6B47CF9A6F671E1F886074EFE5F7',NULL,8,NULL,NULL,NULL,'col-100',NULL),
('A1BFAF69B94D6AA690E380DEFF954155','2025-04-22 13:02:31','2025-04-22 13:15:28','column','orden',NULL,'23011B0CDE8AAB0C7870A80A5CCA3C4B',NULL,2,NULL,NULL,NULL,'col-50',NULL),
('A4792E900C310B6258F31085AAFF8AB5','2025-03-09 19:22:10','2025-04-17 16:02:31','view',NULL,'id_entity','70E30EC1C0D1EE43E05F57DFAEDF75D4','6E0DE2C24435B4E1127DD90403411C2B',20,'Columnas',NULL,NULL,'col-100',NULL),
('A483810B2AC3E81D6480F1783F249936','2025-04-16 18:50:04','2025-04-17 16:02:31','column','id',NULL,'1711556FB7406999C5EF9E62F3080879',NULL,0,NULL,NULL,NULL,'col-100',NULL),
('A4C23BB32CB5EBBA5A07FB58A42C1A18','2025-04-22 13:02:31','2025-04-22 13:07:37','column','impuesto',NULL,'E5E88AC9B4041392A1F8B6AF3AF44295',NULL,7,NULL,NULL,NULL,'col-100',NULL),
('A7782E1B5B88F8A67B55A05337859041','2025-04-22 13:02:31','2025-04-22 13:07:49','column','total_neto',NULL,'97C2E5E60FD570207AF62A4B663DAC40',NULL,8,NULL,NULL,NULL,'col-100',NULL),
('A7DA24D2CED8326F171453C11427788D','2025-04-14 14:55:54','2025-04-17 16:02:31','column','icon',NULL,'BE842878675192696A6AC1741569B167',NULL,3,NULL,NULL,NULL,'col-100',NULL),
('A8E48F966ECB396352EA49EEE5551B97','2025-03-16 19:27:30','2025-04-17 16:02:31','column','type',NULL,'2A7B1EDC7D57E231AB6EDB40B5192E4D',NULL,2,NULL,NULL,NULL,'col-100',NULL),
('AC06B75A3509BFC18EB9E4CD04A989BF','2025-04-16 15:06:03','2025-04-17 16:02:31','column','orden',NULL,'5B31E61FBB94580A0216A8FC60CCCDC4',NULL,3,NULL,NULL,NULL,'col-100',NULL),
('AD11DE28E6AD30DF19C664DB4607C693','2025-04-16 18:50:04','2025-04-17 16:26:06','column','ancho',NULL,'1711556FB7406999C5EF9E62F3080879',NULL,9,NULL,NULL,NULL,'col-33',NULL),
('B08C805EC33F66E94D8AA7B99D074D1E','2025-04-16 18:50:04','2025-04-17 16:02:31','column','descripcion',NULL,'0B7D1D366A32383ADD55DF419EEB528C',NULL,8,NULL,NULL,NULL,'col-100',NULL),
('B150FE2DEF7815633E9CC01EF5244EAD','2025-03-19 12:15:27','2025-04-17 16:02:31','column','resultado',NULL,'9B91232CD1EF6ECFEFDC22AF7AB0FB64',NULL,3,NULL,NULL,NULL,'col-100',NULL),
('B5A41A44FB2B1EE567AE3810E0F7BBA7','2025-04-23 16:11:32','2025-04-23 16:12:30','column','id',NULL,'DCD31305D8ED714614818C1E7DB91353',NULL,0,NULL,NULL,NULL,'col-100',NULL),
('B67EB2D10C39AB3CD73B7A9F885C2D14','2025-08-27 07:13:33','2025-08-27 07:13:33','column','id',NULL,'E46E6B47CF9A6F671E1F886074EFE5F7',NULL,1,NULL,NULL,NULL,'col-100',NULL),
('B713BD161D3DCF08140EC1B9C9253BF7','2025-03-09 19:19:29','2025-04-17 16:02:31','column','id_module',NULL,'BE842878675192696A6AC1741569B167',NULL,1,NULL,NULL,NULL,'col-100',NULL),
('B7355FCEF49D4E4363AD6344E749B99C','2025-04-23 16:11:32','2025-04-23 16:12:30','column','email',NULL,'DCD31305D8ED714614818C1E7DB91353',NULL,4,NULL,NULL,NULL,'col-100',NULL),
('B786B5B77764F9EE8C965B19103EB565','2025-04-21 07:24:53','2025-04-21 07:24:53','view',NULL,'id_dominio','AF0007B58E3F4A7103CB21B2A4840128','3A7DE775B39D4607C760952C33B92AC1',2,NULL,NULL,NULL,'col-100',NULL),
('BF5CB218208305C73DDC8FB7B036480A','2025-03-09 22:28:42','2025-04-17 16:02:31','column','id',NULL,'6E5F1CD88EBCFD84C10ECDC4A03DE3F7',NULL,0,NULL,NULL,NULL,'col-100',NULL),
('BFD919EF10BC89A1CFB4542AAA6BED3A','2025-03-09 19:19:29','2025-04-17 16:02:31','column','id',NULL,'8A8A8669BA755EA68E406BFA966E6C69',NULL,0,NULL,NULL,NULL,'col-100',NULL),
('C1B02B898186E1EA202B90BB00748E5B','2025-03-09 22:28:42','2025-04-17 16:02:31','column','id',NULL,'73A8FFAD3DE8740E3903C4EB65805EBA',NULL,0,NULL,NULL,NULL,'col-100',NULL),
('C1D68EE887934376D146A8625C052A42','2025-04-22 13:02:31','2025-04-22 13:08:00','column','total_impuestos',NULL,'E5E88AC9B4041392A1F8B6AF3AF44295',NULL,9,NULL,NULL,NULL,'col-100',NULL),
('C505050DFDB06EB69F10CA4AD50B8B64','2025-03-19 12:08:54','2025-04-17 16:02:31','column','id',NULL,'9B91232CD1EF6ECFEFDC22AF7AB0FB64',NULL,0,NULL,NULL,NULL,'col-100',NULL),
('C512BA49AE5FDB29BBAA24C64156A8F0','2025-04-16 18:50:04','2025-04-17 16:25:28','column','alto',NULL,'1711556FB7406999C5EF9E62F3080879',NULL,10,NULL,NULL,NULL,'col-33',NULL),
('C519D61A2D0930553A050DB55D770EDB','2025-03-09 22:28:42','2025-04-17 16:02:31','column','id_entity',NULL,'6E5F1CD88EBCFD84C10ECDC4A03DE3F7',NULL,2,NULL,NULL,NULL,'col-100',NULL),
('C5C570487D3B326040ACA828E564095A','2025-05-15 15:23:29','2025-09-02 16:24:30','column','id_oferta',NULL,'F8B77DF5B7D1EAFCDA870066697EA7BB',NULL,4,NULL,NULL,NULL,'col-33',NULL),
('C79AAF80B79ED53AC8816E066451C923','2025-05-15 15:23:29','2025-05-15 15:23:29','column','id',NULL,'3CCE984864934802D8126504D1F124EC',NULL,0,NULL,NULL,NULL,'col-100',NULL),
('C8B837BC616464F4077CB0019C4782D5','2025-04-16 18:50:04','2025-04-17 16:02:31','column','tipo_producto',NULL,'1711556FB7406999C5EF9E62F3080879',NULL,1,NULL,NULL,NULL,'col-100',NULL),
('CEE20471AE64BD6739B351D440E79C2B','2025-02-07 18:50:52','2025-04-17 16:02:31','column','id',NULL,'1ED436397DE15F37E77586B00F4F079F',NULL,0,NULL,NULL,NULL,'col-100',NULL),
('D0F4EDE10945473B75C42CE742178ABD','2025-03-19 12:08:54','2025-04-17 16:02:31','column','query',NULL,'9B91232CD1EF6ECFEFDC22AF7AB0FB64',NULL,4,NULL,NULL,NULL,'col-100',NULL),
('D3E78C37126CB2B0F5E84A116163AC0C','2025-03-10 18:10:15','2025-04-17 16:02:31','column','nombre',NULL,'B71CC519A8B9D7155E1B08DBA5D4681A',NULL,1,NULL,NULL,NULL,'col-100',NULL),
('D72FBA049A8CD99FB8B146DD2EE70DA0','2025-04-16 18:50:04','2025-04-17 16:22:30','column','id_impuesto',NULL,'1711556FB7406999C5EF9E62F3080879',NULL,7,NULL,NULL,NULL,'col-100',NULL),
('D98993F7DDEA19B28E76EF76E707E4A7','2025-05-15 15:23:29','2025-09-02 16:24:54','column','fecha_prevista_entrega',NULL,'F8B77DF5B7D1EAFCDA870066697EA7BB',NULL,5,NULL,NULL,NULL,'col-33',NULL),
('D9E8089AEB9CA359432C80F489B36B7D','2025-08-27 07:13:33','2025-08-27 07:13:33','column','nif',NULL,'E46E6B47CF9A6F671E1F886074EFE5F7',NULL,4,NULL,NULL,NULL,'col-100',NULL),
('DC4F2FC2A76520E2C3BBC6EC2957DE30','2025-08-22 11:17:24','2025-08-22 11:17:24','column','nombre',NULL,'E73E6E4A2CDA530135CE5F428ABB9575',NULL,1,NULL,NULL,NULL,'col-100',NULL),
('DDDE415B9F731F9C3AE3540EEA86CC59','2025-05-15 15:23:29','2025-05-15 15:26:39','column','total_neto',NULL,'BE116E97CD8680F311009F7C6524E28A',NULL,3,NULL,NULL,NULL,'col-100',NULL),
('E06BE11AB2B5C374269BB719C91296CE','2025-04-16 18:50:04','2025-04-17 16:22:30','column','coste',NULL,'1711556FB7406999C5EF9E62F3080879',NULL,6,NULL,NULL,NULL,'col-50',NULL),
('E16AC8AF12051346B5442313ECC736E6','2025-04-13 11:09:21','2025-04-17 16:02:31','custom',NULL,NULL,'743C0E4E92842F94926D004E952A611A',NULL,0,'dato custom',NULL,'resumen','col-100',NULL),
('E3185D6FA9C674B2E6BF6465ACFFB8E2','2025-04-22 13:02:31','2025-04-22 13:15:28','column','orden',NULL,'602BAB11ADB7594DF4D866CE4F871196',NULL,2,NULL,NULL,NULL,'col-50',NULL),
('E435E158157FD17B505EC0972A43844C','2025-03-09 22:28:42','2025-04-17 16:02:31','column','tipo_plugin',NULL,'79C8F54C5FE8595BD9E3D5DFCB7F67BB',NULL,3,NULL,NULL,NULL,'col-100',NULL),
('E494387B658E76DDDDE2DE3512380D0C','2025-08-27 07:13:33','2025-08-27 07:13:33','column','fecha_modificacion',NULL,'E46E6B47CF9A6F671E1F886074EFE5F7',NULL,101,NULL,NULL,NULL,'col-100',NULL),
('E50ECB0CE588BA11A56D6690443033C2','2025-03-09 19:19:29','2025-04-17 16:02:31','column','entity',NULL,'8A8A8669BA755EA68E406BFA966E6C69',NULL,2,NULL,NULL,NULL,'col-100',NULL),
('E5BC2A8DABCB0373382E6FC20332A942','2025-05-15 15:23:29','2025-05-15 15:26:51','column','total_impuestos',NULL,'3EB0BB7D782480CEB7368FF4B61CD7B0',NULL,5,NULL,NULL,NULL,'col-100',NULL),
('E617A41734BCC0E6E5BB9DF8F3E8DF1C','2025-03-09 19:19:29','2025-04-17 16:02:31','column','campo_principal',NULL,'8A8A8669BA755EA68E406BFA966E6C69',NULL,5,NULL,NULL,NULL,'col-100',NULL),
('E7C58EE779DFC89F63B200C194C5BA31','2025-03-09 19:19:29','2025-04-17 16:02:31','column','descripcion',NULL,'8A8A8669BA755EA68E406BFA966E6C69',NULL,6,NULL,NULL,NULL,'col-100',NULL),
('E8A2500AD0D9112446BA15241B812571','2025-03-09 22:28:42','2025-04-17 16:02:31','column','filename',NULL,'73A8FFAD3DE8740E3903C4EB65805EBA',NULL,4,NULL,NULL,NULL,'col-100',NULL),
('E8D92CBE6320B3A7A9E76A8605DC661E','2025-03-16 15:55:13','2025-04-17 16:02:31','column','id',NULL,'B7B6CD8CC7CAB3149F89BBDF4DF1184E',NULL,0,NULL,NULL,NULL,'col-100',NULL),
('E8ED346604F78DDCCF38BA588563D7C6','2025-03-16 15:55:13','2025-04-17 16:02:31','column','estado',NULL,'2A7B1EDC7D57E231AB6EDB40B5192E4D',NULL,1,NULL,NULL,NULL,'col-100',NULL),
('EB686EEA612F3EBEE436D54362F6984B','2025-05-15 15:23:29','2025-05-15 15:33:14','column','notas',NULL,'4E9709167C9C543DC8D37C93B655657E',NULL,1,NULL,NULL,NULL,'col-100',NULL),
('EC95E69293B709D6685D2C982E6DC7F9','2025-03-09 22:28:42','2025-04-17 16:02:31','column','code',NULL,'9AB3B2873A5CE5864A5D2C38438C3310',NULL,5,NULL,NULL,NULL,'col-100',NULL),
('F2FFAF7D98D90EA89EFAF24A2936764C','2025-03-19 12:12:03','2025-04-17 16:02:31','column','id_template',NULL,'9B91232CD1EF6ECFEFDC22AF7AB0FB64',NULL,2,NULL,NULL,NULL,'col-100',NULL),
('F519D8F6B3AAAA581EABAE32BBF3021A','2025-09-05 12:59:39','2025-09-05 13:00:37','column','nombre',NULL,'AB0ABDFDA78C901CE6A16B96341BC852',NULL,2,NULL,NULL,NULL,'col-100',NULL),
('F7D4DFC4E87F9BB6C072F427E2C51F67','2025-08-22 11:15:06','2025-08-22 11:15:06','column','id',NULL,'A1186A13B9C7ABFF390DCAF53FA2AB43',NULL,0,NULL,NULL,NULL,'col-100',NULL),
('F87EF5DD540DDF6698CFD230A70DA22A','2025-05-15 15:23:29','2025-05-15 15:35:57','column','id_cuenta',NULL,'F8B77DF5B7D1EAFCDA870066697EA7BB',NULL,3,NULL,NULL,NULL,'col-100',NULL),
('F92E1ABAAF0EDD0807F348F92E3A1B61','2025-03-19 12:08:54','2025-04-17 16:02:31','column','nombre',NULL,'9B91232CD1EF6ECFEFDC22AF7AB0FB64',NULL,1,NULL,NULL,NULL,'col-100',NULL),
('F938864006CD23A185A22877C7C14213','2025-03-10 18:10:15','2025-04-17 16:02:31','column','id',NULL,'B71CC519A8B9D7155E1B08DBA5D4681A',NULL,0,NULL,NULL,NULL,'col-100',NULL),
('F95403F3C7F3E966F45B94AA1F0FB2CD','2025-08-27 07:13:33','2025-08-27 07:13:33','column','region',NULL,'E46E6B47CF9A6F671E1F886074EFE5F7',NULL,9,NULL,NULL,NULL,'col-100',NULL),
('FA287A773D04C98560AF291C552B0923','2025-03-09 19:31:52','2025-04-17 16:02:31','view',NULL,'id_entity','3C41BAB8AEF90F2BF9E0E941C068A16C','4E7EF3F07588BD26A7772A18D05F9264',0,'Vistas',NULL,NULL,'col-100',NULL),
('FC4FDC8A5B4EB40A65AAF07A30718242','2025-03-10 18:10:15','2025-04-17 16:02:31','column','is_admin',NULL,'B71CC519A8B9D7155E1B08DBA5D4681A',NULL,2,NULL,NULL,NULL,'col-100',NULL),
('FD71B18870F11FD29A7ACE107EED1EBD','2025-05-15 15:23:29','2025-05-15 15:26:51','column','total_impuestos',NULL,'BE116E97CD8680F311009F7C6524E28A',NULL,5,NULL,NULL,NULL,'col-100',NULL),
('FEB615723B121DC9EE18520A3A99842A','2025-02-07 18:50:52','2025-04-17 16:02:31','column','es_notificacion',NULL,'B70A1BBA5B1592A74E4CE0DEA7AF97CA',NULL,1,NULL,NULL,NULL,'col-100',NULL),
('FF4A6D35454A84DF70DA86AACB690702','2025-09-05 12:59:39','2025-09-22 18:28:36','column','status',NULL,'EB992AF0D14C2C32531BB339C78B3D75',NULL,4,NULL,NULL,NULL,'col-100',NULL),
('FF9F3564092F608702CE692EA40EE9D7','2025-03-10 18:10:15','2025-04-17 16:02:31','column','description',NULL,'B71CC519A8B9D7155E1B08DBA5D4681A',NULL,3,NULL,NULL,NULL,'col-100',NULL),
('FFB581EB5EB7EBF0AF85A91C5A2A5F33','2025-09-01 18:25:18','2025-09-01 18:36:57','column','terminadas',NULL,'743C0E4E92842F94926D004E952A611A',NULL,4,NULL,NULL,NULL,'col-33',NULL);
/*!40000 ALTER TABLE `app_user_controls` ENABLE KEYS */;
UNLOCK TABLES;

--
-- Table structure for table `app_views`
--

DROP TABLE IF EXISTS `app_views`;
/*!40101 SET @saved_cs_client     = @@character_set_client */;
/*!40101 SET character_set_client = utf8mb4 */;
CREATE TABLE `app_views` (
  `id` char(32) NOT NULL,
  `name` varchar(255) NOT NULL,
  `query` text DEFAULT NULL,
  `order_by` varchar(255) NOT NULL,
  `search_fields` varchar(255) NOT NULL,
  `id_entity` char(32) DEFAULT NULL,
  `tipo` varchar(50) DEFAULT NULL,
  `up_down_field` varchar(50) DEFAULT NULL,
  `image_fields` varchar(100) DEFAULT NULL,
  PRIMARY KEY (`id`),
  KEY `FK_views_entity` (`id_entity`),
  CONSTRAINT `FK_views_entity` FOREIGN KEY (`id_entity`) REFERENCES `app_entities` (`id`)
) ENGINE=InnoDB DEFAULT CHARSET=utf8mb3 COLLATE=utf8mb3_general_ci;
/*!40101 SET character_set_client = @saved_cs_client */;

--
-- Dumping data for table `app_views`
--

LOCK TABLES `app_views` WRITE;
/*!40000 ALTER TABLE `app_views` DISABLE KEYS */;
INSERT INTO `app_views` VALUES
('01B7C4F8868631DC04AACB80FCAEC48B','Dominios','Select id, nombre from app_dominios','Nombre','Nombre','3CF1E2021536FE5F6A1E975A2CEEDA01','public',NULL,NULL),
('02C95578BA767AC90EC031E20352E23E','Todas las gráficas','select a.id, e.entity, a.name, a.query, a.order_by, data_field, label_field from app_graphics a left join app_entities e on a.id_entity = e.id','1','a.name, e.entity','A68EEE98E6B4784D4DFFC8BD9102F849','public',NULL,NULL),
('0A6D1FC0E212421A49E36B81DB15DDA9','Todos los producto','Select * from productos','nombre','nombre','7D2C9C0CF3B893CA6EC55DC070198D44','public',NULL,'imagen'),
('0FEE0E3076E53E7BFEB2DE474F964247','Busqueda de Controles Formulario','select id, dbcolumn from app_user_controls','dbcolumn','dbcolumn','801702C306589191B3D37121137E9449','lookup',NULL,NULL),
('12EA263AF19B4D51A959E44419923832','Busqueda de Ofertas de Venta','Select o.id, o.codigo, c.nombre, o.total_neto, o.total_impuestos, o.importe_total from ventas_ofertas as o \r\nLEFT JOIN ventas_cuentas as c on o.id_cuenta = c.id','o.codigo','o.codigo, c.nombre','490484A9474D03AB69738B7FC05D057C','lookup',NULL,NULL),
('1411FA781F92402E1CCBA39E59F102E6','Busqueda de Columnas','select id, label from app_entity_columns','label','label','BA0C16DF30A8A623EE49338EDBEFAB38','lookup',NULL,NULL),
('148DCECE2002716B448E41B94C9F6413','Todos los Scripts','select s.id, s.filename, s.type, op.color as Estado from app_scripts s\r\nleft join app_optionsets op on s.estado = op.codigo and op.dominio = \'ESTADOS\'','filename','filename','A9BC1252645E7B10B92A1C75E8D6E4EF','public',NULL,NULL),
('1499C6B48BF03EE27798C87A0DB98954','Entidades','select e.id, e.entity, e.plural_name, m.module, tipo_entidad, e.orden \r\nfrom app_entities e\r\nleft join app_modules m on e.id_module =m.id\r\n\r\n','orden','e.entity, e.plural_name','8A7584A9F47A9E6BD168FE208A4CBA9D','public','orden',NULL),
('177C15E0DCC04D3407247D6011E87E03','Busqueda de Api Keys','select id, apikey from apikeys','apikey','apikey','B441B8665B9EABC7B180A757E687305B','lookup',NULL,NULL),
('2194D42BBD82543859D5F89C45B86BA9','Todos los impuestos','Select id, codigo, nombre, porcentaje, recargo from impuestos','nombre','nombre','7535F4201F546632A5522B98C33EB9E8','public',NULL,NULL),
('286898C4715B08DC3B9643EE31B3DC4D','Todas las Columnas','select * from app_entity_columns','1','dbcolumn','BA0C16DF30A8A623EE49338EDBEFAB38','public','orden',NULL),
('29B204843AF1F052EF4A5D4620F17365','Fases del proceso','select fp.id, fp.nombre, orden, fp.valor, opt_estado.descripcion as tipo from app_fases_proceso fp\r\nleft join app_optionsets opt_estado on fp.tipo_fase = opt_estado.codigo and opt_estado.dominio =\'TIPO_FASE_PROCESO\'','orden','nombre','4AA656B01E4CC29891C6BB33A495B42E','public','orden',NULL),
('2E6C5CABAAC633C982B5C65DEBC42372','Busqueda de Productos','select id, nombre from productos','nombre','nombre','7D2C9C0CF3B893CA6EC55DC070198D44','lookup',NULL,NULL),
('357024BE676E42FC91C4BF8D23045686','Todos los botones ','select id, code, nombre, type, orden from app_buttons','orden','nombre','CC4FC092381ABB28C3EF1F6F7160FC83','public','orden',NULL),
('3697926F9EEAC23629A3CA164288A510','Busqueda de Cuentas','select id, nombre from ventas_cuentas','nombre','nombre','ADFECBA489ED9C6AC1E43F0980D503A3','lookup',NULL,NULL),
('373D67C84F289B3D7C71C2E91CF204D0','Busqueda de Permisos entidades','select id, nombre from app_permisos_entidad','nombre','nombre','927B4B2178AA3CFE5FCF935A7E391068','lookup',NULL,NULL),
('37E07ACC1503754B0D9F010EC72A7B08','Todos los proyectos','Select id, nombre from app_proyectos','nombre','nombre','3D87D8B6639DF0D570E9AB08F03853FD','public',NULL,NULL),
('3A14EDD401251DA37F2E52AAF740B027','Numeraciones de tabla','select id, nombre, siguiente from app_numeraciones','nombre','nombre','AAF9DC82ED5D22043CC3AE2A9FF0825F','public',NULL,NULL),
('3A38DC82FD8E68636585AB4688B0183C','Todas las plantillas','select id, nombre from app_report_templates','nombre','nombre','E4FE6D68F9B641C7958DD0221D953E3C','public',NULL,NULL),
('3A7DE775B39D4607C760952C33B92AC1','Busqueda de Optionsets','select id, codigo, descripcion, color from app_optionsets','codigo','codigo, descripcion','7358E0983B0D29080F4A52510854211B','lookup',NULL,NULL),
('3C4F008DC688F3093F0F868A67ECDAFF','Busqueda de Secciones formulario','select id, nombre from app_form_sections','nombre','nombre','B0D9EB0533F678EA863976D6C156CD0E','lookup',NULL,NULL),
('3E96FEB0D7A8B452EC247B4DFCEF0F39','Todas las ofertas','Select opt.color, o.id, o.codigo, c.nombre, o.fecha_oferta, o.total_neto, o.total_impuestos, o.importe_total \r\n, opt.descripcion as Estado\r\nfrom ventas_ofertas as o \r\nLEFT JOIN ventas_cuentas as c on o.id_cuenta = c.id\r\nleft join app_optionsets opt on o.estado = opt.codigo and opt.dominio = \'ESTADO_OFERTA\'\r\n','codigo','o.codigo, c.nombre','490484A9474D03AB69738B7FC05D057C','public',NULL,NULL),
('41CA64283B9AF7DB911A793C399FAB5C','Busqueda de Consultas de Informes','select id, nombre from app_report_queries','nombre','nombre','F2E98165F53B6ECAD8E23D49268D731A','lookup',NULL,NULL),
('41D8A6B436E9ECAA0BB2355675EDCA2C','Transiciones de proceso','select t.id, t.nombre, \r\nf1.nombre as Origen, \r\nf2.nombre as Destino\r\nfrom app_transiciones_proceso t\r\nleft join app_fases_proceso f1 on t.id_fase_inicio = f1.id\r\nleft join app_fases_proceso f2 on t.id_fase_fin = f2.id','f1.orden,f2.orden','nombre','20AB28F839675213390C76A55A267945','public',NULL,NULL),
('42B1C527BAE44053C6EA434AC2C7EE99','Formularios de Entidad','select id,nombre, filas, columnas from app_forms','1','nombre','35A30F1BCCCE6D3B8D512FAEAFCD6A01','public',NULL,NULL),
('43A4F6D22467E54A94B78EDF8EEDB5CC','Fases del proceso lookup','select f.id, f.nombre, f.valor, p.nombre as proceso\r\nfrom app_fases_proceso f\r\nleft join app_proceso_entidad p on f.id_proceso = p.id','valor','f.nombre, p.nombre','4AA656B01E4CC29891C6BB33A495B42E','lookup','orden',NULL),
('43F67D82201E75305DEAACC621D62A88','Búsqueda de entidades','select id, entity, plural_name from app_entities','entity, plural_name','entity, plural_name','8A7584A9F47A9E6BD168FE208A4CBA9D','lookup',NULL,NULL),
('44F547C359298694C704DEE48FA6BCCB','Todos los Areas Formularios','select id, nombre, orden from app_form_areas','orden','nombre','383D9E6BA1659044E079B71BCE51FE19','public','orden',NULL),
('4CEB444996216FE37E38DE2C6C3D287A','Todos los Controles Formulario','select id, control_type, dbcolumn,id_vista, label, orden from app_user_controls','orden','control_type','801702C306589191B3D37121137E9449','public','orden',NULL),
('4D99D344272A385FE040E5E55B38E32C','Busqueda de Pedidos de Venta','Select o.id, o.codigo, c.nombre, o.total_neto, o.total_impuestos, o.importe_total from ventas_pedidos as o \r\nLEFT JOIN ventas_cuentas as c on o.id_cuenta = c.id','o.codigo','o.codigo, c.nombre','C0F34C980D8AC44DAB5B7148A9669AD8','lookup',NULL,NULL),
('4E7EF3F07588BD26A7772A18D05F9264','Todos los Vistas','select a.id, e.entity, a.name, a.query, a.search_fields, a.order_by from app_views a left join app_entities e on a.id_entity = e.id','1','a.name, e.entity','2AAF5FB75C18B38E851D52C913976F89','public',NULL,NULL),
('4F1AC14FC5EDCA20C51C32E66D131721','Busqueda de Plugins','select id, filename from app_plugins','filename','filename','A5C38664EA80732ED4E9625464F1253C','lookup',NULL,NULL),
('4F68FF9F06CB53B80F834E1E51173FE9','Todos los Plugins','select p.id, p.filename, op.descripcion as estado, op.color from app_plugins p\r\nleft join app_optionsets op on p.estado = op.codigo and op.dominio = \'ESTADOS\'','1','filename','A5C38664EA80732ED4E9625464F1253C','public',NULL,NULL),
('5435B38B4276071904C6C3154532ECC7','Busqueda de Imagenes','select id, nombre from imagenes','nombre','nombre','F1E43B2A0795284DE1CFEA2C5D057F32','lookup',NULL,NULL),
('5F7ECD8678974CF5D95CF4267DC9CC0C','Todas las tareas de proyecto','select t.id,\r\nop.color as Color,\r\nt.orden, t.nombre, \r\nop.descripcion as Estado\r\nfrom app_tareas_proyectos t\r\nleft join app_optionsets op on op.dominio = \'ESTADO_TAREA\' and t.estado_tarea = op.codigo','estado_tarea desc, orden','nombre','BAEE82C788A6272E749AB4DE5661FEF6','public','orden',NULL),
('653E9192D223DCA51522F18603921514','Tareas Pendientes','select t.id,\r\nop.color as Color,\r\nt.orden, t.nombre, \r\nop.descripcion as Estado\r\nfrom app_tareas_proyectos t\r\nleft join app_optionsets op on op.dominio = \'ESTADO_TAREA\' and t.estado_tarea = op.codigo\r\nwhere t.estado_tarea in (0,1)','estado_tarea desc, orden','nombre','BAEE82C788A6272E749AB4DE5661FEF6','public','orden',NULL),
('66EE59EB03E076C58D83B3C45A165333','Trámites','select * from app_proceso_tramites','nombre','nombre','10E08475520D5CC7603685D7A6338443','public',NULL,NULL),
('67D4832258F957B51E47EDE09F15CCD9','Busqueda de Plantillas de Informes','select id, nombre from app_report_templates','nombre','nombre','E4FE6D68F9B641C7958DD0221D953E3C','lookup',NULL,NULL),
('6C31763428528462D1C880C75EBF06C8','Todos los roles','select id, nombre, description from app_roles','nombre','nombre','EB91FB64FE2288577B09EA24D0BB03C7','public',NULL,NULL),
('6E0DE2C24435B4E1127DD90403411C2B','Columnas de la entidad','select c.id,  e.entity, label, c.dbcolumn, c.type , c.orden\r\nfrom app_entities e\r\nleft join app_entity_columns c on e.id = c.id_entity \r\n','e.entity, c.orden','label, dbcolumn,e.entity','BA0C16DF30A8A623EE49338EDBEFAB38','public','orden',NULL),
('71BD929FE8A9050314FB4A1DC143EA2B','Roles asignados','select ru.id, u.login as usuario, r.nombre as rol \r\nfrom app_roles_usuarios ru\r\nleft join usuarios u on ru.id_usuario = u.id \r\nleft join app_roles r on ru.id_rol = r.id ','r.nombre','r.nombre, u.login','BA7DBD3B1AD6A8EF5F9480A409E749B1','public',NULL,NULL),
('73164014BAA611BEBCDD060EAD5BF5D0','Busqueda de Graficas','select * from app_graphics','name','name','A68EEE98E6B4784D4DFFC8BD9102F849','lookup',NULL,NULL),
('760311618E9BB5B1036E699C7E3DDFE1','Todos los Usuarios','select id, login, nombre, apellidos, email, foto from usuarios','apellidos','login, nombre, apellidos, email','E7F8AB4799E0C27385B9F2ACBFEFF04C','public',NULL,'foto'),
('767E157ED7A1BB86275DC32DCA8BA2AA','Busqueda de Consultas','select id, nombre from consultas','nombre','nombre','C36B36838A064DEBA5AC90B2361920CC','lookup',NULL,NULL),
('81F57BD6E3AEF5252DB080457F7DED59','Busqueda de Botones de aplicación','select id, nombre from app_buttons','nombre','nombre','CC4FC092381ABB28C3EF1F6F7160FC83','lookup',NULL,NULL),
('84CEEEE51373712560332F1898555E43','Busqueda de Parámetros','select id, param from config','param','param','D0C612375F9E63892267287FC23D366E','lookup',NULL,NULL),
('8CAC4C6F972E9FE9AA7E8AE6AC4876E5','Lineas de pedido','Select lin.id, p.nombre as producto, lin.concepto, lin.cantidad, lin.precio, lin.descuento,lin.impuesto, lin.total_neto, lin.total_linea \r\nfrom ventas_pedidos_lineas lin\r\nleft join productos p on lin.id_producto = p.id\r\n\r\n\r\n','orden','concepto, p.nombre','D8E58E608DB593F4EA32FC4605A2065E','public','orden',NULL),
('8EC30E4B372AFEABE565B2EE962AC5FD','Todas las librerías','select p.id, p.filename, op.descripcion as estado, op.color from app_plugin_library p\r\nleft join app_optionsets op on p.estado = op.codigo and op.dominio = \'ESTADOS\'','filename','filename','B5C1929F74F23B89F862B0D372CD71D1','public',NULL,NULL),
('94E45991CB72F05CE7AB3BAE2CE56C59','Todas las Consultas de Informe','select id, nombre, query, resultado from app_report_queries','nombre','nombre','F2E98165F53B6ECAD8E23D49268D731A','public',NULL,NULL),
('A09A7B7EEA850107DB7D0B76B888CC1D','Todas las imagenes','Select * from imagenes','nombre','nombre','F1E43B2A0795284DE1CFEA2C5D057F32','public',NULL,'imagen'),
('A2B3070CF5BAA6BEC7FE44EE87E33619','Todos los Formularios','select * from app_forms','1','nombre','35A30F1BCCCE6D3B8D512FAEAFCD6A01','public',NULL,NULL),
('A7E85C31AE07B420EDE869A73B13160D','Todos los procesos','select p.id, p.nombre, e.singular_name as entidad from app_proceso_entidad p\r\nleft join app_entities e on p.id_entity = e.id','nombre','nombre','D549E0FA5CB115B1904768FC95526F79','public',NULL,NULL),
('A9120E585ECFF465BBDFACC040E4E284','Todas las cuentas','select id, nombre, email, telefono from ventas_cuentas','nombre',' nombre','ADFECBA489ED9C6AC1E43F0980D503A3','public',NULL,NULL),
('B74CBB24A902D12A75C04BB643E32760','Todos los Módulos','select * from app_modules','orden','module','D15D4315C5B64BB2E6E17E0A4EBEB319','public','orden',NULL),
('B794803CD33B5BC4BC254D4D486BF13C','Todas las relaciones','Select r.id, op.color as estado_col, r.name, e1.entity as From_entity, r.field , e2.entity as To_entity, on_delete, on_update\r\nfrom app_relations r\r\nleft join app_entities e1 on r.id_entity = e1.id\r\nleft join app_entities e2 on r.id_related_entity = e2.id\r\nleft join app_optionsets op on r.estado = op.codigo and op.dominio = \'ESTADOS\'\r\n','estado, name','name','744B2497EDAF0D610DA0D599DAF7F1CF','public',NULL,NULL),
('B81952BB89457A6E267EE5055709CD3B','*','select * from app_roles_usuarios','id_rol','id','BA7DBD3B1AD6A8EF5F9480A409E749B1','public',NULL,NULL),
('BB4BA711F1C50B586B861ACD998D1200','Todos los pedidos','Select o.id, o.codigo, c.nombre, o.total_neto, o.total_impuestos, o.importe_total from ventas_pedidos as o \r\nLEFT JOIN ventas_cuentas as c on o.id_cuenta = c.id\r\n','codigo','o.codigo, c.nombre','C0F34C980D8AC44DAB5B7148A9669AD8','public',NULL,NULL),
('BC8594A101D50FD49BF36240E929C46A','Busqueda de proceso','select id, nombre from app_proceso_entidad','nombre','nombre','D549E0FA5CB115B1904768FC95526F79','lookup',NULL,NULL),
('BE3E1082777E8D78B7BA683B7DC507AF','Busqueda de Roles de seguridad','select id, nombre from app_roles','nombre','nombre','EB91FB64FE2288577B09EA24D0BB03C7','lookup',NULL,NULL),
('CCC1A529A64B2C839306F62B96A8250B','Busqueda de impuestos','Select id, codigo, nombre, porcentaje, recargo from impuestos','nombre','nombre','7535F4201F546632A5522B98C33EB9E8','lookup',NULL,NULL),
('CF901C53D2442AC73DE0CEDB3E078D42','Busqueda de Formularios','select id, nombre from app_forms','nombre','nombre','35A30F1BCCCE6D3B8D512FAEAFCD6A01','lookup',NULL,NULL),
('D2E616EC2D515DBC1391A839BDD6BE0A','Todos los Secciones formulario','select id, nombre, label, width, orden from app_form_sections','orden ','nombre','B0D9EB0533F678EA863976D6C156CD0E','public','orden ',NULL),
('D46FDB98E9ACEB85D9BE4A20F2C6919A','Busqueda de Relaciones','select id, name from app_relations','name','name','744B2497EDAF0D610DA0D599DAF7F1CF','lookup',NULL,NULL),
('D5F8CC2FA5EAB1CD7A4A15FDBAE118DC','Numeraciones de tabla','select id, nombre, siguiente from app_numeraciones','nombre','nombre','AAF9DC82ED5D22043CC3AE2A9FF0825F','lookup',NULL,NULL),
('D6E6FC2B65784796BA1E966A2F4B98F6','Busqueda de Tareas de Proyecto','select id, nombre from app_tareas_proyectos','nombre','nombre','BAEE82C788A6272E749AB4DE5661FEF6','lookup',NULL,NULL),
('D89578BFFE704D988D77550879379A89','Todos los Consultas','select * from consultas','1','nombre','C36B36838A064DEBA5AC90B2361920CC','public',NULL,NULL),
('DA2DC152F3007EE165436473F42C4035','Busqueda de Usuarios','select id, login from usuarios','login','login','E7F8AB4799E0C27385B9F2ACBFEFF04C','lookup',NULL,NULL),
('DDB6E3A44A9FF168D0452E74EF14564B','Busqueda de Módulos','select id, module from app_modules','module','module','D15D4315C5B64BB2E6E17E0A4EBEB319','lookup',NULL,NULL),
('DF93F57565FF45A00ADC172237BBE81F','Todos los Api Keys','select * from apikeys','1','apikey','B441B8665B9EABC7B180A757E687305B','public',NULL,NULL),
('E03440CDAEFC5140F9B08E1D567DCFDC','Dominios','Select id, nombre from app_dominios','Nombre','Nombre','3CF1E2021536FE5F6A1E975A2CEEDA01','lookup',NULL,NULL),
('E3772B954EF9AF87C378C752E01271ED','Busqueda de Vistas','select id, name from app_views','name','name','2AAF5FB75C18B38E851D52C913976F89','lookup',NULL,NULL),
('E5674FBD9D1F079412D1C5ACA4F3C524','Vista optionsets','select * from app_optionsets','codigo','codigo,descripcion','7358E0983B0D29080F4A52510854211B','public',NULL,NULL),
('EAA4D4641D1BA62F030471A55A49D68F','Todos los Parámetros','select * from config','1','param','D0C612375F9E63892267287FC23D366E','public',NULL,NULL),
('ECB37AD29E9A62CBBC87F84BFAEDAE34','Busqueda de Scripts','select id, filename from app_scripts','filename','filename','A9BC1252645E7B10B92A1C75E8D6E4EF','lookup',NULL,NULL),
('ECB560245666286D990B04B64472BBCE','Busqueda de Proyectos','select id, nombre from app_proyectos','nombre','nombre','3D87D8B6639DF0D570E9AB08F03853FD','lookup',NULL,NULL),
('ED3D211B757011E2FB2188DAABF3875E','Tareas Terminadas','select t.id,\r\nop.color as Color,\r\nt.orden, t.nombre, \r\nop.descripcion as Estado\r\nfrom app_tareas_proyectos t\r\nleft join app_optionsets op on op.dominio = \'ESTADO_TAREA\' and t.estado_tarea = op.codigo\r\nwhere t.estado_tarea =2','estado_tarea desc, orden','nombre','BAEE82C788A6272E749AB4DE5661FEF6','public','orden',NULL),
('ED4AC8E42219CF999C09BF412ACF8D43','Busqueda de Areas Formularios','select id, nombre from app_form_areas','nombre','nombre','383D9E6BA1659044E079B71BCE51FE19','lookup',NULL,NULL),
('EE01EA21D9E082720A742008B108AD6A','Busqueda de Librerías','select id, filename from app_plugin_library','filename','filename','B5C1929F74F23B89F862B0D372CD71D1','lookup',NULL,NULL),
('FAD0DF8F2ADD9313B1A58BBE1BD9EE4F','Permisos sobre entidades','select pe.id, r.nombre as Rol, e.entity, op_r.color as Lectura, op_w.color as Escritura, op_d.color as Borrado, op_i.color as Insercion\r\nfrom app_permisos_entidad pe\r\nleft join app_roles r on pe.id_rol =r.id\r\nleft join app_entities e on pe.id_entity =e.id\r\nleft join app_optionsets op_r on op_r.dominio = \'SI_NO\' and pe.read_access = op_r.codigo\r\nleft join app_optionsets op_w on op_w.dominio = \'SI_NO\' and pe.write_access = op_w.codigo\r\nleft join app_optionsets op_d on op_d.dominio = \'SI_NO\' and pe.delete_access = op_d.codigo\r\nleft join app_optionsets op_i on op_i.dominio = \'SI_NO\' and pe.insert_access = op_i.codigo','id','id','927B4B2178AA3CFE5FCF935A7E391068','public',NULL,NULL),
('FDF338372EC2150FE735B5AF9B7D3C25','Lineas de oferta','Select lin.id, p.nombre as producto, lin.concepto, lin.cantidad, lin.precio, lin.descuento,lin.impuesto, lin.total_neto, lin.total_linea \r\nfrom ventas_ofertas_lineas lin\r\nleft join productos p on lin.id_producto = p.id\r\n\r\n\r\n','orden','concepto, p.nombre','8CD7AC1F9330314D645F44BFAD6749C4','public','orden',NULL),
('FF019B88F5F98BB05CE939862AD4BE51','Keypass list','select id, nombre, usuario, pwd from keypass','nombre','nombre,usuario','68BE6D4857B45CC219DBA380485C0FBF','public',NULL,NULL);
/*!40000 ALTER TABLE `app_views` ENABLE KEYS */;
UNLOCK TABLES;

--
-- Table structure for table `config`
--

DROP TABLE IF EXISTS `config`;
/*!40101 SET @saved_cs_client     = @@character_set_client */;
/*!40101 SET character_set_client = utf8mb4 */;
CREATE TABLE `config` (
  `id` char(32) NOT NULL,
  `param` varchar(50) NOT NULL,
  `value` varchar(500) DEFAULT NULL,
  PRIMARY KEY (`id`)
) ENGINE=InnoDB DEFAULT CHARSET=utf8mb3 COLLATE=utf8mb3_general_ci;
/*!40101 SET character_set_client = @saved_cs_client */;

--
-- Dumping data for table `config`
--

LOCK TABLES `config` WRITE;
/*!40000 ALTER TABLE `config` DISABLE KEYS */;
INSERT INTO `config` VALUES
('017EFD703DB406BFA6B45EF24166F856','EMAIL_ALERT_TO','a.sanjuan.1+seotool@gmail.com'),
('100D0F0BA99289DFB1B94CCBA0864191','EMAIL_TEST_TO','a.sanjuan.1@gmail.com'),
('1FA9516107937AE1DB6C6D4453AAB40D','API_TOKEN','b35f482e44ff433393557b31505694cb'),
('24F2A3F81A264398D2B81A867B023D05','SMTP_HOST','mail.domain.com'),
('3BDB4E84EB4B0694DA5E19203F68BBF6','API_STOCK','https://64jaques.com/powerbi/stock_api.php'),
('3CA0C2CBF9A33A179A0BBDD4FE865262','VIEW_PAGE_SIZE','250'),
('421FCD4D44C732D2EA9EFF9E479AD657','EMAIL_ALERT_FROM','no-reply@simpleapp.com'),
('582238EF486F7A371B290279C7D5FFD7','SMTP_PASS','+++++++'),
('BAC12E4B59F610EDE950F034FAC2B312','SMTP_USERNAME','bot@simpleapp.com'),
('CB5D98B5523653B54B101BC2C72AAFB5','APP_HEADER_COLOR','#0D83D2'),
('D2D6C15704E5AF4392C596293359AB75','EMAIL_ALERT_FROM_ALIAS','Bot Simple App'),
('FA056E61E7BE72DD6E1157975A0B8B71','HOME_BASE_URL','http://asanjuan.ddns.net:8082/'),
('FA1C2097837876F31099B2D6ADEEB897','APP_NAME','Simple App');
/*!40000 ALTER TABLE `config` ENABLE KEYS */;
UNLOCK TABLES;

--
-- Table structure for table `consultas`
--

DROP TABLE IF EXISTS `consultas`;
/*!40101 SET @saved_cs_client     = @@character_set_client */;
/*!40101 SET character_set_client = utf8mb4 */;
CREATE TABLE `consultas` (
  `id` char(32) NOT NULL,
  `nombre` varchar(100) NOT NULL,
  `query` text NOT NULL,
  `es_notificacion` int(11) DEFAULT NULL,
  `query_json` text DEFAULT NULL,
  PRIMARY KEY (`id`)
) ENGINE=InnoDB DEFAULT CHARSET=utf8mb3 COLLATE=utf8mb3_general_ci;
/*!40101 SET character_set_client = @saved_cs_client */;

--
-- Dumping data for table `consultas`
--

LOCK TABLES `consultas` WRITE;
/*!40000 ALTER TABLE `consultas` DISABLE KEYS */;
INSERT INTO `consultas` VALUES
('12B48A899E80857F736191FFD58754D3','test relacion ','select * from app_entity_columns where id_entity not in (select id from app_entities)',0,'{\n    \"select\": [\n        \"*\"\n    ],\n    \"from\": {\n        \"table\": \"app_entity_columns\",\n        \"alias\": \"\"\n    },\n    \"joins\": [],\n    \"where\": \"id_entity not in (select id from app_entities)\",\n    \"groupBy\": [],\n    \"having\": \"\",\n    \"orderBy\": [],\n    \"limit\": null,\n    \"distinct\": false\n}'),
('14890AF9A22EAC9F2DFD8C806F58968F','Update','update app_views set id_entity = (select id from app_entities where app_views.controller = app_entities.entity)',0,NULL),
('1CC6F9BBB87FADE5FB522E983A38274A','test','select e.* \r\n				from \r\n				app_roles_usuarios as ru \r\n				left join app_roles as r on ru.id_rol = r.id\r\n				left join app_permisos_entidad as pe on r.id = pe.id_rol\r\nleft join app_entities as e on pe.id_entity = e.id\r\n				where \r\n				ru.id_usuario = \'590A4A27433A5C3A85D4939810302137\'\r\nand e.id_module = \'2BAA56D57128A664AD18DF268E31E49E\'\r\nand pe.read_access = 1\r\n				group by pe.id_entity',0,'{\n    \"select\": [\n        \"e.*\"\n    ],\n    \"from\": {\n        \"table\": \"app_roles_usuarios\",\n        \"alias\": \"ru\"\n    },\n    \"joins\": [\n        {\n            \"type\": \"LEFT\",\n            \"table\": \"app_roles\",\n            \"alias\": \"r\",\n            \"on\": \"ru.id_rol = r.id\"\n        },\n        {\n            \"type\": \"LEFT\",\n            \"table\": \"app_permisos_entidad\",\n            \"alias\": \"pe\",\n            \"on\": \"r.id = pe.id_rol\"\n        },\n        {\n            \"type\": \"LEFT\",\n            \"table\": \"app_entities\",\n            \"alias\": \"e\",\n            \"on\": \"pe.id_entity = e.id\"\n        }\n    ],\n    \"where\": \"ru.id_usuario = \'590A4A27433A5C3A85D4939810302137\' and e.id_module = \'2BAA56D57128A664AD18DF268E31E49E\' and pe.read_access = 1\",\n    \"groupBy\": [\n        \"pe.id_entity\"\n    ],\n    \"having\": \"\",\n    \"orderBy\": [],\n    \"limit\": null,\n    \"distinct\": false\n}'),
('20C4539FA3B81FA443E0747CB2B8D5E4','permiso','select distinct ru.id, r.nombre, u.login\r\nfrom app_roles_usuarios as ru\r\nleft join usuarios as u on ru.id_usuario = u.id \r\nleft join app_roles as r on ru.id_rol = r.id \r\nlimit 1\r\n',0,'{\n    \"select\": [\n        \"ru.id\",\n        \"r.nombre\",\n        \"u.login\"\n    ],\n    \"from\": {\n        \"table\": \"app_roles_usuarios\",\n        \"alias\": \"ru\"\n    },\n    \"joins\": [\n        {\n            \"type\": \"LEFT\",\n            \"table\": \"usuarios\",\n            \"alias\": \"u\",\n            \"on\": \"ru.id_usuario = u.id\"\n        },\n        {\n            \"type\": \"LEFT\",\n            \"table\": \"app_roles\",\n            \"alias\": \"r\",\n            \"on\": \"ru.id_rol = r.id\"\n        }\n    ],\n    \"where\": \"\",\n    \"groupBy\": [],\n    \"having\": \"\",\n    \"orderBy\": [],\n    \"limit\": 1,\n    \"distinct\": true\n}'),
('3ACAB03178E2B888ABBBBAECC4A3762F','fases','select * from app_fases_proceso fp\r\nleft join app_optionsets opt_estado on fp.tipo_fase = opt_estado.codigo and opt_estado.dominio =\'TIPO_FASE_PROCESO\'\r\nwhere id_proceso = \'F16B54E64435670CEF531775394C4628\' order by orden asc',NULL,'{\n    \"select\": [\n        \"*\"\n    ],\n    \"from\": {\n        \"table\": \"app_fases_proceso\",\n        \"alias\": \"\"\n    },\n    \"joins\": [],\n    \"where\": \"id_proceso = \'F16B54E64435670CEF531775394C4628\'\",\n    \"groupBy\": [],\n    \"having\": \"\",\n    \"orderBy\": [\n        \"orden asc\"\n    ],\n    \"limit\": null,\n    \"distinct\": false\n}'),
('5B8D49910DAA82CCF41DEBA549CE4425','upd vistas','update app_views set query = replace(query,\' optionsets\', \' app_optionsets\')\r\nwhere query like \'% optionsets%\'\r\n',0,'{\n    \"select\": [],\n    \"from\": {\n        \"table\": \"\",\n        \"alias\": \"\"\n    },\n    \"joins\": [],\n    \"where\": \"query like \'% optionsets%\'\",\n    \"groupBy\": [],\n    \"having\": \"\",\n    \"orderBy\": [],\n    \"limit\": null\n}'),
('8A9E6CA6AC3661DA01C0F7D343EDFAEB','alter table','alter table app_plugins modify filename varchar(60) null',NULL,'{\n    \"select\": [],\n    \"from\": {\n        \"table\": \"\",\n        \"alias\": \"\"\n    },\n    \"joins\": [],\n    \"where\": \"\",\n    \"groupBy\": [],\n    \"having\": \"\",\n    \"orderBy\": [],\n    \"limit\": null\n}'),
('9C4F46A56AE8F1EE7C8CFA282F41E201','test graficas','select id_module, module, count(0) as entidades \r\nfrom app_entities as e\r\nleft join app_modules as m on e.id_module = m.id\r\ngroup by module\r\nhaving e.id = \'0E4B1126153FCBE256A6C781AD88E055\'\r\n',0,'{\n    \"select\": [\n        \"id_module\",\n        \"module\",\n        \"count(0) as entidades\"\n    ],\n    \"from\": {\n        \"table\": \"app_entities\",\n        \"alias\": \"e\"\n    },\n    \"joins\": [\n        {\n            \"type\": \"LEFT\",\n            \"table\": \"app_modules\",\n            \"alias\": \"m\",\n            \"on\": \"e.id_module = m.id\"\n        }\n    ],\n    \"where\": \"\",\n    \"groupBy\": [\n        \"module\"\n    ],\n    \"having\": \"e.id = \'0E4B1126153FCBE256A6C781AD88E055\'\",\n    \"orderBy\": [],\n    \"limit\": null,\n    \"distinct\": false\n}'),
('DA989922F1101376E88DC341041C51F4','Documentar BD','select * from information_schema.columns where table_schema = database()\r\nand table_name = \'app_plugins\'\r\n',0,'{\n    \"select\": [\n        \"*\"\n    ],\n    \"from\": {\n        \"table\": \"information_schema.columns\",\n        \"alias\": \"\"\n    },\n    \"joins\": [],\n    \"where\": \"table_schema = database() and table_name = \'app_plugins\'\",\n    \"groupBy\": [],\n    \"having\": \"\",\n    \"orderBy\": [],\n    \"limit\": null,\n    \"distinct\": false\n}');
/*!40000 ALTER TABLE `consultas` ENABLE KEYS */;
UNLOCK TABLES;

--
-- Table structure for table `imagenes`
--

DROP TABLE IF EXISTS `imagenes`;
/*!40101 SET @saved_cs_client     = @@character_set_client */;
/*!40101 SET character_set_client = utf8mb4 */;
CREATE TABLE `imagenes` (
  `id` char(32) NOT NULL,
  `nombre` varchar(100) NOT NULL,
  `fecha_creacion` timestamp NULL DEFAULT current_timestamp(),
  `fecha_modificacion` timestamp NULL DEFAULT current_timestamp() ON UPDATE current_timestamp(),
  `imagen` varchar(255) DEFAULT NULL,
  PRIMARY KEY (`id`)
) ENGINE=InnoDB DEFAULT CHARSET=utf8mb3 COLLATE=utf8mb3_general_ci;
/*!40101 SET character_set_client = @saved_cs_client */;

--
-- Dumping data for table `imagenes`
--

LOCK TABLES `imagenes` WRITE;
/*!40000 ALTER TABLE `imagenes` DISABLE KEYS */;
INSERT INTO `imagenes` VALUES
('103AC9A62D99687C90AC274D183673D8','logo 3','2025-09-30 15:11:13','2025-09-30 15:11:17',NULL),
('706E2E9FC969C6601C8B999F2F66DCF3','Logo','2025-03-27 16:35:36','2025-05-14 18:30:03','/entity_files/imagenes/TguZ_logo.jpg');
/*!40000 ALTER TABLE `imagenes` ENABLE KEYS */;
UNLOCK TABLES;

--
-- Table structure for table `impuestos`
--

DROP TABLE IF EXISTS `impuestos`;
/*!40101 SET @saved_cs_client     = @@character_set_client */;
/*!40101 SET character_set_client = utf8mb4 */;
CREATE TABLE `impuestos` (
  `id` char(32) NOT NULL,
  `nombre` varchar(100) NOT NULL,
  `fecha_creacion` timestamp NULL DEFAULT current_timestamp(),
  `fecha_modificacion` timestamp NULL DEFAULT current_timestamp() ON UPDATE current_timestamp(),
  `porcentaje` decimal(10,0) DEFAULT NULL,
  `recargo` decimal(10,0) DEFAULT NULL,
  `codigo` varchar(20) DEFAULT NULL,
  PRIMARY KEY (`id`)
) ENGINE=InnoDB DEFAULT CHARSET=utf8mb3 COLLATE=utf8mb3_general_ci;
/*!40101 SET character_set_client = @saved_cs_client */;

--
-- Dumping data for table `impuestos`
--

LOCK TABLES `impuestos` WRITE;
/*!40000 ALTER TABLE `impuestos` DISABLE KEYS */;
INSERT INTO `impuestos` VALUES
('C493DD8FA1FB0B1692C49C26AF97B674','IVA 10% Reducido','2025-04-16 18:22:59','2025-04-16 18:28:29',10,0,'IVA10'),
('DC18E035437685F5F25451EF082FDF1F','IVA 21%','2025-04-16 18:22:11','2025-04-17 11:37:31',21,0,'IVA21'),
('E0FF65FDA29A86B44C0053255DF8CCAA','IVA  4% Super reducido','2025-04-16 18:22:59','2025-04-29 07:06:18',4,0,'IVA04');
/*!40000 ALTER TABLE `impuestos` ENABLE KEYS */;
UNLOCK TABLES;

--
-- Table structure for table `keypass`
--

DROP TABLE IF EXISTS `keypass`;
/*!40101 SET @saved_cs_client     = @@character_set_client */;
/*!40101 SET character_set_client = utf8mb4 */;
CREATE TABLE `keypass` (
  `id` char(32) NOT NULL,
  `nombre` varchar(100) NOT NULL,
  `fecha_creacion` timestamp NULL DEFAULT current_timestamp(),
  `fecha_modificacion` timestamp NULL DEFAULT current_timestamp() ON UPDATE current_timestamp(),
  `usuario` varchar(100) DEFAULT NULL,
  `pwd` varchar(100) DEFAULT NULL,
  PRIMARY KEY (`id`)
) ENGINE=InnoDB DEFAULT CHARSET=utf8mb3 COLLATE=utf8mb3_general_ci;
/*!40101 SET character_set_client = @saved_cs_client */;

--
-- Dumping data for table `keypass`
--

LOCK TABLES `keypass` WRITE;
/*!40000 ALTER TABLE `keypass` DISABLE KEYS */;
INSERT INTO `keypass` VALUES
('0CD9A8BF0E7A1F45BDF34FC7549CCBB1','UNIKAL','2025-08-22 11:16:12','2025-09-02 11:03:28','alberto.sanjuan@unikal.tech',NULL);
/*!40000 ALTER TABLE `keypass` ENABLE KEYS */;
UNLOCK TABLES;

--
-- Table structure for table `productos`
--

DROP TABLE IF EXISTS `productos`;
/*!40101 SET @saved_cs_client     = @@character_set_client */;
/*!40101 SET character_set_client = utf8mb4 */;
CREATE TABLE `productos` (
  `id` char(32) NOT NULL,
  `nombre` varchar(100) NOT NULL,
  `fecha_creacion` timestamp NULL DEFAULT current_timestamp(),
  `fecha_modificacion` timestamp NULL DEFAULT current_timestamp() ON UPDATE current_timestamp(),
  `ean_code` varchar(50) DEFAULT NULL,
  `descripcion` text DEFAULT NULL,
  `imagen` varchar(255) DEFAULT NULL,
  `tipo_producto` varchar(20) DEFAULT NULL,
  `id_impuesto` char(32) DEFAULT NULL,
  `precio` decimal(18,4) DEFAULT NULL,
  `coste` decimal(18,4) DEFAULT NULL,
  `code` varchar(50) DEFAULT NULL,
  `ancho` decimal(18,4) DEFAULT NULL,
  `peso` decimal(18,4) DEFAULT NULL,
  `alto` decimal(18,4) DEFAULT NULL,
  PRIMARY KEY (`id`)
) ENGINE=InnoDB DEFAULT CHARSET=utf8mb3 COLLATE=utf8mb3_general_ci;
/*!40101 SET character_set_client = @saved_cs_client */;

--
-- Dumping data for table `productos`
--

LOCK TABLES `productos` WRITE;
/*!40000 ALTER TABLE `productos` DISABLE KEYS */;
INSERT INTO `productos` VALUES
('97161F1206519A3D2A2586A81C76EEB7','Servicio de consultoría','2025-04-01 15:37:50','2025-09-26 11:32:32',NULL,NULL,NULL,'servicio','DC18E035437685F5F25451EF082FDF1F',65.0000,32.0000,'SRV0001',NULL,50.0000,NULL),
('9B26E4575BE8743ECBCD91BF4C4FB5E7','Servicio personalizado','2025-08-22 12:00:06','2025-09-26 11:32:32',NULL,NULL,NULL,'servicio','DC18E035437685F5F25451EF082FDF1F',50.0000,0.0000,'SRV002',NULL,50.0000,NULL),
('B952C5ED2BCD574713B3379DEE994547','uno nuevo desde JS','2025-09-26 11:30:49','2025-09-26 11:32:32',NULL,NULL,NULL,NULL,NULL,NULL,NULL,NULL,NULL,50.0000,NULL),
('B9DA02E541A4A88A77EC0E5FF1FAB423','Producto de ejemplo','2025-03-07 18:49:17','2025-09-26 11:32:32','123456789','<p><strong>Lorem Ipsum</strong> is simply dummy text of the printing and typesetting industry. Lorem Ipsum has been the industry\'s standard dummy text ever since the 1500s, when an unknown printer took a galley of type and scrambled it to make a type specimen book. It has survived not only five centuries, but also the leap into electronic typesetting, remaining essentially unchanged. It was popularised in the 1960s with the release of Letraset sheets containing Lorem Ipsum passages, and more recently with desktop publishing software like Aldus PageMaker including versions of Lorem Ipsum.</p>',NULL,'producto','DC18E035437685F5F25451EF082FDF1F',120.5000,62.3400,'PROD001',2.5000,50.0000,33.0000),
('BCC9B0093DF79523FA7F2EF953FDBBA9','Reloj DGT 2500','2025-03-09 17:36:01','2025-09-26 11:32:32','9999',NULL,'/entity_files/productos/DGT2500-side-right.jpg','producto','DC18E035437685F5F25451EF082FDF1F',85.0000,30.0000,'RDGT2500',NULL,50.0000,NULL);
/*!40000 ALTER TABLE `productos` ENABLE KEYS */;
UNLOCK TABLES;

--
-- Table structure for table `usuarios`
--

DROP TABLE IF EXISTS `usuarios`;
/*!40101 SET @saved_cs_client     = @@character_set_client */;
/*!40101 SET character_set_client = utf8mb4 */;
CREATE TABLE `usuarios` (
  `id` char(32) NOT NULL,
  `login` varchar(50) NOT NULL,
  `pwd` varchar(50) NOT NULL,
  `email` varchar(50) DEFAULT NULL,
  `nombre` varchar(50) DEFAULT NULL,
  `apellidos` varchar(50) DEFAULT NULL,
  `foto` varchar(255) DEFAULT NULL,
  PRIMARY KEY (`id`)
) ENGINE=InnoDB DEFAULT CHARSET=utf8mb3 COLLATE=utf8mb3_general_ci;
/*!40101 SET character_set_client = @saved_cs_client */;

--
-- Dumping data for table `usuarios`
--

LOCK TABLES `usuarios` WRITE;
/*!40000 ALTER TABLE `usuarios` DISABLE KEYS */;
INSERT INTO `usuarios` VALUES
('585FDE3993AE4BCC09312B12065B5D2C','test','098f6bcd4621d373cade4e832627b4f6',NULL,'test','test',NULL),
('590A4A27433A5C3A85D4939810302137','berta','43d75035f949d7bad66383b46374d2e2','cliente_e@ejemplo.com','Berta ','Ficticio','/entity_files/usuarios/avatar2.jpg'),
('ED4B7E942E8CAA1836F247F2E4F73EBA','admin','0192023a7bbd73250516f069df18b500','a.sanjuan.1+admin@gmail.com','Administrador','Principal','/entity_files/usuarios/avatar1.jpg');
/*!40000 ALTER TABLE `usuarios` ENABLE KEYS */;
UNLOCK TABLES;

--
-- Table structure for table `ventas_cuentas`
--

DROP TABLE IF EXISTS `ventas_cuentas`;
/*!40101 SET @saved_cs_client     = @@character_set_client */;
/*!40101 SET character_set_client = utf8mb4 */;
CREATE TABLE `ventas_cuentas` (
  `id` char(32) NOT NULL,
  `fecha_creacion` timestamp NULL DEFAULT current_timestamp(),
  `fecha_modificacion` timestamp NULL DEFAULT current_timestamp() ON UPDATE current_timestamp(),
  `nombre` varchar(100) DEFAULT NULL,
  `email` varchar(50) DEFAULT NULL,
  `nif` varchar(20) DEFAULT NULL,
  `telefono` varchar(50) DEFAULT NULL,
  `direccion1` varchar(255) DEFAULT NULL,
  `direccion2` varchar(255) DEFAULT NULL,
  `ciudad` varchar(100) DEFAULT NULL,
  `region` varchar(50) DEFAULT NULL,
  `codpostal` varchar(20) DEFAULT NULL,
  PRIMARY KEY (`id`)
) ENGINE=InnoDB DEFAULT CHARSET=utf8mb3 COLLATE=utf8mb3_general_ci;
/*!40101 SET character_set_client = @saved_cs_client */;

--
-- Dumping data for table `ventas_cuentas`
--

LOCK TABLES `ventas_cuentas` WRITE;
/*!40000 ALTER TABLE `ventas_cuentas` DISABLE KEYS */;
INSERT INTO `ventas_cuentas` VALUES
('7873A2D33CE75C78A01F3CA8EB6E0F75','2025-04-03 12:25:49','2025-04-18 10:23:55','CLIENTE A',NULL,NULL,NULL,NULL,NULL,NULL,NULL,NULL),
('9D8E7D370B07684FE4014B6A60E425C0','2025-04-03 12:25:35','2025-04-18 10:24:08','CLIENTE B',NULL,NULL,NULL,NULL,NULL,NULL,NULL,NULL),
('C4E22092F1AE9A8FAE0FE6D75B15EF60','2025-04-03 12:25:35','2025-07-24 09:43:57','CLIENTE C',NULL,'88888888N',NULL,NULL,NULL,NULL,NULL,NULL),
('DDAE0093237D7DB5AA223DC662270AC0','2025-04-03 12:25:49','2025-04-18 10:24:22','CLIENTE D',NULL,NULL,NULL,NULL,NULL,NULL,NULL,NULL),
('F392D0EBE9BE75AD014AA9054C62FFB3','2025-04-03 12:25:49','2025-04-23 14:40:54','CLIENTE E','cliente_e@ejemplo.com','12345678Z','555 123456','C/ Sierpes 99',NULL,'Sevilla','Sevilla','41000');
/*!40000 ALTER TABLE `ventas_cuentas` ENABLE KEYS */;
UNLOCK TABLES;

--
-- Table structure for table `ventas_ofertas`
--

DROP TABLE IF EXISTS `ventas_ofertas`;
/*!40101 SET @saved_cs_client     = @@character_set_client */;
/*!40101 SET character_set_client = utf8mb4 */;
CREATE TABLE `ventas_ofertas` (
  `id` char(32) NOT NULL,
  `fecha_creacion` timestamp NULL DEFAULT current_timestamp(),
  `fecha_modificacion` timestamp NULL DEFAULT current_timestamp() ON UPDATE current_timestamp(),
  `id_cuenta` char(32) DEFAULT NULL,
  `codigo` varchar(100) DEFAULT NULL,
  `total_neto` decimal(18,4) DEFAULT NULL,
  `total_impuestos` decimal(18,4) DEFAULT NULL,
  `importe_total` decimal(18,4) DEFAULT NULL,
  `valido_hasta` date DEFAULT NULL,
  `notas` text DEFAULT NULL,
  `estado` int(11) DEFAULT NULL,
  `fecha_oferta` date DEFAULT NULL,
  `status` int(11) DEFAULT NULL,
  PRIMARY KEY (`id`)
) ENGINE=InnoDB DEFAULT CHARSET=utf8mb3 COLLATE=utf8mb3_general_ci;
/*!40101 SET character_set_client = @saved_cs_client */;

--
-- Dumping data for table `ventas_ofertas`
--

LOCK TABLES `ventas_ofertas` WRITE;
/*!40000 ALTER TABLE `ventas_ofertas` DISABLE KEYS */;
INSERT INTO `ventas_ofertas` VALUES
('1C8020054BB1C58AAB934B79E6472EF5','2025-09-25 16:37:30','2025-09-25 16:37:44','DDAE0093237D7DB5AA223DC662270AC0','O-00048',120.5000,25.3100,145.8100,'2025-09-30',NULL,0,'2025-09-25',NULL),
('2951702F449C61A855129EA2D5238D2F','2025-08-28 12:04:30','2025-08-28 12:04:30','7873A2D33CE75C78A01F3CA8EB6E0F75','O-00044',NULL,NULL,NULL,NULL,NULL,0,NULL,1),
('3DC4883ADA072E8EAD1DE9F23A321084','2025-04-22 10:11:26','2025-09-30 15:40:36','9D8E7D370B07684FE4014B6A60E425C0','O-00011',NULL,NULL,NULL,NULL,NULL,1,NULL,0),
('4B1CF80B1B0BBD052B0AD221B74934E9','2025-04-20 19:30:00','2025-09-26 11:19:22','C4E22092F1AE9A8FAE0FE6D75B15EF60','O-00010',32500.0000,6825.0000,39325.0000,'2025-09-17','Entregar al vecino del 2B',2,'2025-08-18',0),
('4E4F4F4ECD0BC40ACCA9672F2DA1498E','2025-04-22 10:19:19','2025-09-30 15:15:03','F392D0EBE9BE75AD014AA9054C62FFB3','O-00015',850.0000,178.5000,1028.5000,'2025-04-30',NULL,3,'2025-04-23',0),
('7AC230F0AA2DA9F5827AB70E9C8F1836','2025-06-09 12:21:18','2025-06-09 12:21:18','7873A2D33CE75C78A01F3CA8EB6E0F75','O-00039',NULL,NULL,NULL,NULL,NULL,0,NULL,NULL),
('9EAB622A3AC9848273B8FEC08A67821D','2025-09-18 18:59:12','2025-09-28 18:41:21','9D8E7D370B07684FE4014B6A60E425C0','O-00045',NULL,NULL,NULL,NULL,NULL,3,NULL,0),
('9FE9E3AABDDE8C7419DCB867875ED05E','2025-04-22 10:19:19','2025-08-28 11:58:21','F392D0EBE9BE75AD014AA9054C62FFB3','O-00012',7586.4500,1591.8300,9178.2800,'2025-04-30','Notas a pie de página\r\nSi no está en casa, preguntar en la piscina social',3,'2025-04-23',0),
('B53EB4A7328667881897E4849079798B','2025-09-23 15:52:14','2025-09-25 16:36:20','C4E22092F1AE9A8FAE0FE6D75B15EF60','O-00047',NULL,NULL,NULL,NULL,NULL,3,NULL,0),
('BF3451D8A68B26CF1B10E9B550B37F97','2025-06-01 12:09:10','2025-06-02 07:30:13','C4E22092F1AE9A8FAE0FE6D75B15EF60','O-00038',85.0000,17.8500,102.8500,NULL,NULL,0,NULL,NULL),
('D3B1634512DFFB1542265ED712A4B397','2025-04-20 19:30:00','2025-10-21 15:02:14','C4E22092F1AE9A8FAE0FE6D75B15EF60','O-00049',32500.0000,6825.0000,39325.0000,'2025-09-17','Entregar al vecino del 2B',1,'2025-08-18',0),
('E7C948C8924695C177B777D2A20D9578','2025-04-20 19:30:00','2025-08-29 17:36:39','F392D0EBE9BE75AD014AA9054C62FFB3','O-00041',11250.0000,2362.5000,13612.5000,'2025-08-31','<ul>\r\n<li>Entregar al vecino del 2B o del 2A</li>\r\n</ul>\r\n<p>&nbsp;</p>',0,'2025-08-18',0),
('EB4C138A719C0A2E70BF6E6B8C62D59E','2025-04-20 19:30:00','2025-09-25 17:51:30','C4E22092F1AE9A8FAE0FE6D75B15EF60','O-00055',32500.0000,6825.0000,39325.0000,'2025-10-25','{\"id\":\"2CFA6B3D97F29C094A70E9C7BBB5702B\",\"nombre\":\"Confirmar Pedido\",\"fecha_creacion\":\"2025-09-22 18:23:16\",\"fecha_modificacion\":\"2025-09-22 18:25:07\",\"id_fase_inicio\":\"C312D5CFC82D8CE6C7384E83B3D30A50\",\"id_proceso\":\"F16B54E64435670CEF531775394C4628\",\"id_fase_fin\":\"5FC77654D12C165D3E8F31A4B8BA489B\"}',2,'2025-09-25',0),
('FECC90C6B3FA27305D2DE5150CA64B8C','2025-09-18 18:59:12','2025-09-18 19:05:49','9D8E7D370B07684FE4014B6A60E425C0','O-00046',NULL,NULL,NULL,NULL,NULL,0,NULL,NULL);
/*!40000 ALTER TABLE `ventas_ofertas` ENABLE KEYS */;
UNLOCK TABLES;

--
-- Table structure for table `ventas_ofertas_lineas`
--

DROP TABLE IF EXISTS `ventas_ofertas_lineas`;
/*!40101 SET @saved_cs_client     = @@character_set_client */;
/*!40101 SET character_set_client = utf8mb4 */;
CREATE TABLE `ventas_ofertas_lineas` (
  `id` char(32) NOT NULL,
  `fecha_creacion` timestamp NULL DEFAULT current_timestamp(),
  `fecha_modificacion` timestamp NULL DEFAULT current_timestamp() ON UPDATE current_timestamp(),
  `Concepto` text DEFAULT NULL,
  `total_linea` decimal(18,4) DEFAULT NULL,
  `total_neto` decimal(18,4) DEFAULT NULL,
  `orden` int(11) DEFAULT NULL,
  `total_impuestos` decimal(18,4) DEFAULT NULL,
  `impuesto` decimal(18,4) DEFAULT NULL,
  `cantidad` decimal(18,4) DEFAULT NULL,
  `impuestos` decimal(18,4) DEFAULT NULL,
  `precio` decimal(18,4) DEFAULT NULL,
  `descuento` decimal(18,4) DEFAULT NULL,
  `id_oferta` char(32) DEFAULT NULL,
  `id_producto` char(32) DEFAULT NULL,
  `status` int(11) DEFAULT NULL,
  PRIMARY KEY (`id`),
  KEY `FK_lineas_oferta_cabecera` (`id_oferta`),
  CONSTRAINT `FK_lineas_oferta_cabecera` FOREIGN KEY (`id_oferta`) REFERENCES `ventas_ofertas` (`id`) ON DELETE CASCADE
) ENGINE=InnoDB DEFAULT CHARSET=utf8mb3 COLLATE=utf8mb3_general_ci;
/*!40101 SET character_set_client = @saved_cs_client */;

--
-- Dumping data for table `ventas_ofertas_lineas`
--

LOCK TABLES `ventas_ofertas_lineas` WRITE;
/*!40000 ALTER TABLE `ventas_ofertas_lineas` DISABLE KEYS */;
INSERT INTO `ventas_ofertas_lineas` VALUES
('17B9F6687F61F6DF45CFC829B026E1A7','2025-08-22 11:57:16','2025-09-18 12:18:41','Ejemplo de línea con un concepto arbitrario (HORAS)',31460.0000,26000.0000,2,5460.0000,21.0000,400.0000,NULL,65.0000,0.0000,'D3B1634512DFFB1542265ED712A4B397','9B26E4575BE8743ECBCD91BF4C4FB5E7',NULL),
('1EEB11C1ADBFC2D1E56A998163DE2C04','2025-04-23 19:17:27','2025-05-02 19:48:46',NULL,145.8050,120.5000,4,25.3050,21.0000,1.0000,0.0000,120.5000,0.0000,'9FE9E3AABDDE8C7419DCB867875ED05E','B9DA02E541A4A88A77EC0E5FF1FAB423',NULL),
('41A06E6BB2AFCAAC52EFA80CF2290D6F','2025-09-25 16:37:44','2025-09-25 16:37:44',NULL,145.8050,120.5000,1,25.3050,21.0000,1.0000,NULL,120.5000,0.0000,'1C8020054BB1C58AAB934B79E6472EF5','B9DA02E541A4A88A77EC0E5FF1FAB423',NULL),
('52D2FD3554E582BA163AF731C0B03529','2025-08-18 09:58:05','2025-08-18 12:01:02','Implantación de aplicación Simple App con módulos de:\r\n- Ventas\r\n- catálogo de productos',7865.0000,6500.0000,2,1365.0000,21.0000,100.0000,NULL,65.0000,0.0000,'EB4C138A719C0A2E70BF6E6B8C62D59E','97161F1206519A3D2A2586A81C76EEB7',NULL),
('5D45DB8311CAB3789D547FA1A0F6C594','2025-05-05 12:07:55','2025-05-05 12:09:12',NULL,138.5148,114.4750,5,24.0398,21.0000,1.0000,0.0000,120.5000,5.0000,'9FE9E3AABDDE8C7419DCB867875ED05E','B9DA02E541A4A88A77EC0E5FF1FAB423',NULL),
('5F27E3235F364419C6048C8382AEE507','2025-08-22 11:57:16','2025-08-22 18:14:56','Ejemplo de línea con un concepto arbitrario (HORAS)',5747.5000,4750.0000,3,997.5000,21.0000,100.0000,NULL,50.0000,5.0000,'E7C948C8924695C177B777D2A20D9578','9B26E4575BE8743ECBCD91BF4C4FB5E7',NULL),
('7437B3BBEDCAFC8E2B99B75C33EDF91B','2025-06-01 12:17:15','2025-06-01 12:17:15',NULL,102.8500,85.0000,1,17.8500,21.0000,1.0000,NULL,85.0000,0.0000,'BF3451D8A68B26CF1B10E9B550B37F97','BCC9B0093DF79523FA7F2EF953FDBBA9',NULL),
('77D735F4A01B9249427E8A9B8C18AE5B','2025-09-30 15:13:27','2025-09-30 15:13:27',NULL,1028.5000,850.0000,1,178.5000,21.0000,10.0000,NULL,85.0000,0.0000,'4E4F4F4ECD0BC40ACCA9672F2DA1498E','BCC9B0093DF79523FA7F2EF953FDBBA9',NULL),
('844384A858F8749D4E6418169A5E9CA8','2025-04-23 19:21:24','2025-05-06 10:30:23',NULL,13.2000,12.0000,4,1.2000,10.0000,1.0000,0.0000,12.0000,0.0000,'9FE9E3AABDDE8C7419DCB867875ED05E','F4D0FF0C3F3DFC6D71AC1CDBC9AA360A',NULL),
('96E54898036538517AC3C9151D7D3846','2025-04-23 15:34:16','2025-04-23 19:17:55',NULL,8742.2500,7225.0000,2,1517.2500,21.0000,100.0000,0.0000,85.0000,15.0000,'9FE9E3AABDDE8C7419DCB867875ED05E','BCC9B0093DF79523FA7F2EF953FDBBA9',NULL),
('A10E0D521ACC92814CD24EB192B6C876','2025-05-05 12:07:55','2025-05-05 12:09:12',NULL,138.5148,114.4750,5,24.0398,21.0000,1.0000,0.0000,120.5000,5.0000,'9FE9E3AABDDE8C7419DCB867875ED05E','B9DA02E541A4A88A77EC0E5FF1FAB423',NULL),
('BADB689AAAFF03EBE1981EA2B46457C3','2025-08-22 11:57:16','2025-09-18 12:18:41','Ejemplo de línea con un concepto arbitrario (HORAS)',31460.0000,26000.0000,2,5460.0000,21.0000,400.0000,NULL,65.0000,0.0000,'EB4C138A719C0A2E70BF6E6B8C62D59E','9B26E4575BE8743ECBCD91BF4C4FB5E7',NULL),
('BFE326D47D35089E0B072A70BECB8D75','2025-08-18 09:58:05','2025-08-18 12:01:02','Implantación de aplicación Simple App con módulos de:\r\n- Ventas\r\n- catálogo de productos',7865.0000,6500.0000,2,1365.0000,21.0000,100.0000,NULL,65.0000,0.0000,'4B1CF80B1B0BBD052B0AD221B74934E9','97161F1206519A3D2A2586A81C76EEB7',NULL),
('C8DDCEEFDF6325E762022EF80FFB4617','2025-08-22 11:57:16','2025-09-18 12:18:41','Ejemplo de línea con un concepto arbitrario (HORAS)',31460.0000,26000.0000,2,5460.0000,21.0000,400.0000,NULL,65.0000,0.0000,'4B1CF80B1B0BBD052B0AD221B74934E9','9B26E4575BE8743ECBCD91BF4C4FB5E7',NULL),
('CDF5DD11FCFD66434AA209372DA6E8C8','2025-08-18 09:58:05','2025-08-29 17:35:30','Implantación de aplicación Simple App con módulos de:\r\n- Ventas\r\n- catálogo de productos',7865.0000,6500.0000,2,1365.0000,21.0000,100.0000,NULL,65.0000,0.0000,'E7C948C8924695C177B777D2A20D9578','97161F1206519A3D2A2586A81C76EEB7',NULL),
('D77680E4EB25D609E916241CE4D80C6E','2025-04-22 10:26:17','2025-04-22 10:26:17',NULL,22.0000,22.0000,NULL,22.0000,0.0000,1.0000,0.0000,22.0000,NULL,'3DC4883ADA072E8EAD1DE9F23A321084',NULL,NULL),
('FE87BC923AA31E164AF085D2EAAEFDB7','2025-08-18 09:58:05','2025-08-18 12:01:02','Implantación de aplicación Simple App con módulos de:\r\n- Ventas\r\n- catálogo de productos',7865.0000,6500.0000,2,1365.0000,21.0000,100.0000,NULL,65.0000,0.0000,'D3B1634512DFFB1542265ED712A4B397','97161F1206519A3D2A2586A81C76EEB7',NULL);
/*!40000 ALTER TABLE `ventas_ofertas_lineas` ENABLE KEYS */;
UNLOCK TABLES;

--
-- Table structure for table `ventas_pedidos`
--

DROP TABLE IF EXISTS `ventas_pedidos`;
/*!40101 SET @saved_cs_client     = @@character_set_client */;
/*!40101 SET character_set_client = utf8mb4 */;
CREATE TABLE `ventas_pedidos` (
  `id` char(32) NOT NULL,
  `codigo` varchar(100) DEFAULT NULL,
  `fecha_creacion` timestamp NULL DEFAULT current_timestamp(),
  `fecha_modificacion` timestamp NULL DEFAULT current_timestamp() ON UPDATE current_timestamp(),
  `notas` text DEFAULT NULL,
  `valido_hasta` date DEFAULT NULL,
  `estado` int(11) DEFAULT NULL,
  `id_cuenta` char(32) DEFAULT NULL,
  `total_neto` decimal(18,4) DEFAULT NULL,
  `total_impuestos` decimal(18,4) DEFAULT NULL,
  `importe_total` decimal(18,4) DEFAULT NULL,
  `status` int(11) DEFAULT NULL,
  `id_oferta` char(32) DEFAULT NULL,
  `fecha_pedido` date DEFAULT NULL,
  `fecha_prevista_entrega` date DEFAULT NULL,
  PRIMARY KEY (`id`)
) ENGINE=InnoDB DEFAULT CHARSET=utf8mb3 COLLATE=utf8mb3_general_ci;
/*!40101 SET character_set_client = @saved_cs_client */;

--
-- Dumping data for table `ventas_pedidos`
--

LOCK TABLES `ventas_pedidos` WRITE;
/*!40000 ALTER TABLE `ventas_pedidos` DISABLE KEYS */;
INSERT INTO `ventas_pedidos` VALUES
('0122A426F72537DA61E0A27C2BAEED62','P-00002','2025-08-26 12:51:01','2025-09-23 11:28:44',NULL,NULL,0,'C4E22092F1AE9A8FAE0FE6D75B15EF60',28500.0000,5985.0000,34485.0000,1,'4B1CF80B1B0BBD052B0AD221B74934E9','2025-09-03','2025-09-02'),
('A1096333FC523D14350A2459C0BF8F8D','P-00001','2025-08-26 11:58:02','2025-09-25 17:40:45',NULL,NULL,0,'7873A2D33CE75C78A01F3CA8EB6E0F75',NULL,NULL,NULL,1,NULL,NULL,NULL);
/*!40000 ALTER TABLE `ventas_pedidos` ENABLE KEYS */;
UNLOCK TABLES;

--
-- Table structure for table `ventas_pedidos_lineas`
--

DROP TABLE IF EXISTS `ventas_pedidos_lineas`;
/*!40101 SET @saved_cs_client     = @@character_set_client */;
/*!40101 SET character_set_client = utf8mb4 */;
CREATE TABLE `ventas_pedidos_lineas` (
  `id` char(32) NOT NULL,
  `Concepto` varchar(100) DEFAULT NULL,
  `fecha_creacion` timestamp NULL DEFAULT current_timestamp(),
  `fecha_modificacion` timestamp NULL DEFAULT current_timestamp() ON UPDATE current_timestamp(),
  `id_pedido` char(32) DEFAULT NULL,
  `orden` int(11) DEFAULT NULL,
  `id_producto` char(32) DEFAULT NULL,
  `precio` decimal(18,4) DEFAULT NULL,
  `cantidad` decimal(18,4) DEFAULT NULL,
  `descuento` decimal(18,4) DEFAULT NULL,
  `impuestos` decimal(18,4) DEFAULT NULL,
  `impuesto` decimal(18,4) DEFAULT NULL,
  `total_neto` decimal(18,4) DEFAULT NULL,
  `total_impuestos` decimal(18,4) DEFAULT NULL,
  `total_linea` decimal(18,4) DEFAULT NULL,
  PRIMARY KEY (`id`),
  KEY `FK_lineas_pedido_cabecera` (`id_pedido`),
  CONSTRAINT `FK_lineas_pedido_cabecera` FOREIGN KEY (`id_pedido`) REFERENCES `ventas_pedidos` (`id`) ON DELETE CASCADE
) ENGINE=InnoDB DEFAULT CHARSET=utf8mb3 COLLATE=utf8mb3_general_ci;
/*!40101 SET character_set_client = @saved_cs_client */;

--
-- Dumping data for table `ventas_pedidos_lineas`
--

LOCK TABLES `ventas_pedidos_lineas` WRITE;
/*!40000 ALTER TABLE `ventas_pedidos_lineas` DISABLE KEYS */;
INSERT INTO `ventas_pedidos_lineas` VALUES
('02271017535D198E3FD18EF8C22FB8AE','Implantacion CRM','2025-08-28 11:07:11','2025-09-02 16:03:55','0122A426F72537DA61E0A27C2BAEED62',1,'97161F1206519A3D2A2586A81C76EEB7',30000.0000,1.0000,5.0000,NULL,21.0000,28500.0000,5985.0000,34485.0000);
/*!40000 ALTER TABLE `ventas_pedidos_lineas` ENABLE KEYS */;
UNLOCK TABLES;
/*!40103 SET TIME_ZONE=@OLD_TIME_ZONE */;

/*!40101 SET SQL_MODE=@OLD_SQL_MODE */;
/*!40014 SET FOREIGN_KEY_CHECKS=@OLD_FOREIGN_KEY_CHECKS */;
/*!40014 SET UNIQUE_CHECKS=@OLD_UNIQUE_CHECKS */;
/*!40101 SET CHARACTER_SET_CLIENT=@OLD_CHARACTER_SET_CLIENT */;
/*!40101 SET CHARACTER_SET_RESULTS=@OLD_CHARACTER_SET_RESULTS */;
/*!40101 SET COLLATION_CONNECTION=@OLD_COLLATION_CONNECTION */;
/*!40111 SET SQL_NOTES=@OLD_SQL_NOTES */;

-- Dump completed on 2025-11-05 19:30:34
