/*M!999999\- enable the sandbox mode */ 
-- MariaDB dump 10.19  Distrib 10.11.14-MariaDB, for debian-linux-gnu (aarch64)
--
-- Host: 172.18.0.2    Database: simple_app
-- ------------------------------------------------------
-- Server version	12.0.2-MariaDB-ubu2404

/*!40101 SET @OLD_CHARACTER_SET_CLIENT=@@CHARACTER_SET_CLIENT */;
/*!40101 SET @OLD_CHARACTER_SET_RESULTS=@@CHARACTER_SET_RESULTS */;
/*!40101 SET @OLD_COLLATION_CONNECTION=@@COLLATION_CONNECTION */;
/*!40101 SET NAMES utf8mb4 */;
/*!40103 SET @OLD_TIME_ZONE=@@TIME_ZONE */;
/*!40103 SET TIME_ZONE='+00:00' */;
/*!40014 SET @OLD_UNIQUE_CHECKS=@@UNIQUE_CHECKS, UNIQUE_CHECKS=0 */;
/*!40014 SET @OLD_FOREIGN_KEY_CHECKS=@@FOREIGN_KEY_CHECKS, FOREIGN_KEY_CHECKS=0 */;
/*!40101 SET @OLD_SQL_MODE=@@SQL_MODE, SQL_MODE='NO_AUTO_VALUE_ON_ZERO' */;
/*!40111 SET @OLD_SQL_NOTES=@@SQL_NOTES, SQL_NOTES=0 */;

--
-- Table structure for table `apikeys`
--

DROP TABLE IF EXISTS `apikeys`;
/*!40101 SET @saved_cs_client     = @@character_set_client */;
/*!40101 SET character_set_client = utf8mb4 */;
CREATE TABLE `apikeys` (
  `id` char(32) NOT NULL,
  `apikey` varchar(50) NOT NULL,
  PRIMARY KEY (`id`)
) ENGINE=InnoDB DEFAULT CHARSET=utf8mb3 COLLATE=utf8mb3_general_ci;
/*!40101 SET character_set_client = @saved_cs_client */;

--
-- Dumping data for table `apikeys`
--

LOCK TABLES `apikeys` WRITE;
/*!40000 ALTER TABLE `apikeys` DISABLE KEYS */;
INSERT INTO `apikeys` VALUES
('64DF524BA7665D9D0FC5410CA720C4DC','TrAjVIjQH1xkqFQgeeTBfjRqAM8koLKdUSelZccTx8INMezIB8'),
('A64D68B9BB589DC53C2288613619C177','xeEoFXQkwiiCrAAJRHwwdnlankBBJMHfiPAyjgqhAZfyqiZrkv'),
('F92E056AE69491524EF60E5672287607','XwLhVGgWxZQVqbjENXyBVPwKgociQFyfYsDgdmXSZaTIhMXpEe');
/*!40000 ALTER TABLE `apikeys` ENABLE KEYS */;
UNLOCK TABLES;

--
-- Table structure for table `app_buttons`
--

DROP TABLE IF EXISTS `app_buttons`;
/*!40101 SET @saved_cs_client     = @@character_set_client */;
/*!40101 SET character_set_client = utf8mb4 */;
CREATE TABLE `app_buttons` (
  `id` char(32) NOT NULL,
  `nombre` varchar(100) NOT NULL,
  `fecha_creacion` timestamp NULL DEFAULT current_timestamp(),
  `fecha_modificacion` timestamp NULL DEFAULT current_timestamp() ON UPDATE current_timestamp(),
  `type` varchar(50) DEFAULT NULL,
  `orden` int(11) DEFAULT NULL,
  `id_entity` char(32) DEFAULT NULL,
  `code` varchar(50) DEFAULT NULL,
  `icon` varchar(50) DEFAULT NULL,
  PRIMARY KEY (`id`),
  KEY `FK_app_buttons_app_entities` (`id_entity`),
  CONSTRAINT `FK_app_buttons_app_entities` FOREIGN KEY (`id_entity`) REFERENCES `app_entities` (`id`)
) ENGINE=InnoDB DEFAULT CHARSET=utf8mb3 COLLATE=utf8mb3_general_ci;
/*!40101 SET character_set_client = @saved_cs_client */;

--
-- Dumping data for table `app_buttons`
--

LOCK TABLES `app_buttons` WRITE;
/*!40000 ALTER TABLE `app_buttons` DISABLE KEYS */;
INSERT INTO `app_buttons` VALUES
('149C1CD15EFFC3C335DCAA8B15CE979E','Test modal','2026-03-12 17:54:45','2026-03-12 17:59:51','script_form',0,'3D87D8B6639DF0D570E9AB08F03853FD','btn_modal','fa-play'),
('1658C1F86A506BD4057DAC4C1FFC8C4F','Add Column','2025-03-09 22:17:57','2025-03-09 22:17:57','form',0,'BA0C16DF30A8A623EE49338EDBEFAB38','create',NULL),
('1A5FF0A09D66C42FA5AE037C28F6196E','Create Table','2025-03-09 20:26:46','2025-03-09 20:26:46','form',1,'8A7584A9F47A9E6BD168FE208A4CBA9D','create',NULL),
('20CC6A9E3364D6FF997B84FDDC205476','Create','2025-03-24 20:29:24','2026-01-25 19:04:17','list',1,'8E27B7F53F2D021DE191FB39E1FE333E','list_create',NULL),
('292CDBA90A51784B622628F39E9D5091','Drop','2025-03-24 20:29:35','2026-01-25 19:04:48','list',2,'8E27B7F53F2D021DE191FB39E1FE333E','list_drop',NULL),
('35835011BCC2EEAF679CCB36EBE5B157','Vista Inicial','2026-03-30 07:27:52','2026-03-30 07:27:52','list',0,'2AAF5FB75C18B38E851D52C913976F89','setinicial',NULL),
('387EDB4D717661057B1E577139709099','Publicar','2025-10-19 18:02:50','2025-10-19 18:02:50','form',0,'B5C1929F74F23B89F862B0D372CD71D1','publish',NULL),
('38CA81847E17F80EE5F04C0684B24BAA','Configurar Secciones','2025-08-27 07:12:29','2025-08-27 07:12:29','form',NULL,'35A30F1BCCCE6D3B8D512FAEAFCD6A01','configure',NULL),
('432998949C5A16A96652325FB39CC910','Crear columnas','2025-03-09 20:28:37','2025-03-09 20:28:37','form',4,'8A7584A9F47A9E6BD168FE208A4CBA9D','create_cols',NULL),
('5047BAFC1F10B6396A7283D51096B5D0','Load Script','2025-03-09 22:25:28','2025-03-15 19:48:03','form',0,'A9BC1252645E7B10B92A1C75E8D6E4EF','load',NULL),
('5D95615E442D95C5E92077DDA3CA30E4','Importar Columnas','2025-03-09 20:27:16','2025-03-09 20:27:16','form',2,'8A7584A9F47A9E6BD168FE208A4CBA9D','load',NULL),
('6ECA28BEE83F41B0DDF99697D577C076','Drop','2025-03-24 20:29:35','2025-03-24 20:29:35','form',2,'744B2497EDAF0D610DA0D599DAF7F1CF','drop',NULL),
('737C4CC9C070A230767C76EF1BD7F992','Recuperar','2025-10-19 18:11:42','2025-10-19 18:11:42','form',1,'B5C1929F74F23B89F862B0D372CD71D1','load',NULL),
('7BF6C1F5FD9011FFC6999EA37924F980','Drop','2025-03-24 20:29:35','2026-01-25 19:04:29','form',2,'8E27B7F53F2D021DE191FB39E1FE333E','drop',NULL),
('9410C63C2CBDFE9B1A9F665A1825C7EF','Test','2025-03-24 20:35:48','2025-03-24 20:35:48','form',1,'2AAF5FB75C18B38E851D52C913976F89','test',NULL),
('995AEFB75905CDCCB6A156B3DA7A53EB','Cargar Plantilla','2025-03-09 22:22:24','2025-03-09 22:25:42','form',1,'A5C38664EA80732ED4E9625464F1253C','template',NULL),
('99C4F37EFF44BEB2B145C0A393FC3E89','Copiar a Portapapeles','2026-03-23 16:03:56','2026-03-23 16:03:56','script_form',0,'68BE6D4857B45CC219DBA380485C0FBF','copiar',NULL),
('B86D1BDB9CA64D1C6E5B0BB4F188D762','Load Plugin','2025-03-09 22:25:28','2025-03-09 22:25:38','form',0,'A5C38664EA80732ED4E9625464F1253C','load',NULL),
('BA198790E6E8238A80E649FD92663BB4','Create','2025-03-24 20:29:24','2025-03-24 20:29:24','form',1,'744B2497EDAF0D610DA0D599DAF7F1CF','create',NULL),
('BC216FE10CD34360C0E3EA1427EF0428','Drop Table','2025-03-09 20:27:44','2025-03-09 20:27:44','form',3,'8A7584A9F47A9E6BD168FE208A4CBA9D','drop',NULL),
('C6FB0E990F799744D5A00A2B48773199','Publicar','2025-03-09 22:22:52','2025-03-09 22:25:42','form',2,'A5C38664EA80732ED4E9625464F1253C','publish',NULL),
('C901665882D7BAFB5577E10EBF88ED54','Drop','2025-03-24 20:29:35','2025-03-26 11:55:51','list',2,'744B2497EDAF0D610DA0D599DAF7F1CF','list_drop',NULL),
('CDB06044450DF768C0E2C54DED90557F','Prueba','2025-03-19 12:07:35','2025-03-19 12:07:35','form',0,'F2E98165F53B6ECAD8E23D49268D731A','test',NULL),
('CDE0488FA3CAAA22F126C792A756DCBA','Ejecutar','2025-04-28 09:10:18','2025-04-28 09:10:18','form',1,'C36B36838A064DEBA5AC90B2361920CC','ejecutar',NULL),
('CFE647ADA3F7C484BE3C6A045FE745C4','Create','2025-03-24 20:29:24','2026-01-25 19:03:56','form',1,'8E27B7F53F2D021DE191FB39E1FE333E','create',NULL),
('DB1AC7302EAB5FE2DDBDE6B313404D7D','Publicar','2025-03-09 22:22:52','2025-03-15 19:48:22','form',2,'A9BC1252645E7B10B92A1C75E8D6E4EF','publish',NULL),
('E1441CACAF45E79F50FFCDF01E772D43','Drop Column','2025-03-09 22:18:21','2025-03-09 22:18:21','form',1,'BA0C16DF30A8A623EE49338EDBEFAB38','drop',NULL),
('F0B532DDAF8241B297F5382666E6E8EF','Create','2025-03-24 20:29:24','2025-03-26 11:55:29','list',1,'744B2497EDAF0D610DA0D599DAF7F1CF','list_create',NULL),
('FF377B7D98EB8648175E0534F910E675','Cambiar Contraseña','2025-04-23 16:09:16','2025-04-23 16:09:16','form',1,'79A1C516742E7B156ABC70C8AA6BED88','change',NULL);
/*!40000 ALTER TABLE `app_buttons` ENABLE KEYS */;
UNLOCK TABLES;

--
-- Table structure for table `app_dominios`
--

DROP TABLE IF EXISTS `app_dominios`;
/*!40101 SET @saved_cs_client     = @@character_set_client */;
/*!40101 SET character_set_client = utf8mb4 */;
CREATE TABLE `app_dominios` (
  `id` char(32) NOT NULL,
  `nombre` varchar(100) NOT NULL,
  `fecha_creacion` timestamp NULL DEFAULT current_timestamp(),
  `fecha_modificacion` timestamp NULL DEFAULT current_timestamp() ON UPDATE current_timestamp(),
  PRIMARY KEY (`id`)
) ENGINE=InnoDB DEFAULT CHARSET=utf8mb3 COLLATE=utf8mb3_general_ci;
/*!40101 SET character_set_client = @saved_cs_client */;

--
-- Dumping data for table `app_dominios`
--

LOCK TABLES `app_dominios` WRITE;
/*!40000 ALTER TABLE `app_dominios` DISABLE KEYS */;
INSERT INTO `app_dominios` VALUES
('03B653DA190FD80418D96A6036A5FA0C','VIEW_TYPE','2025-04-21 07:13:38','2025-04-21 07:13:38'),
('064F319344909AC3C32D37BACD4D3D02','CHART_TYPE','2025-04-21 07:13:38','2025-04-21 07:13:38'),
('19162AB4098B1D5188D298AAA3DCAED4','SI_NO','2025-04-21 07:13:38','2025-04-21 07:13:38'),
('1B8C9613E2D31EC0F88185B0E0944F23','CONTROL_WIDTH','2025-04-21 07:13:38','2025-04-21 07:13:38'),
('21EF67E4961D5520B510BB7B12EDCE27','FORM_TYPE','2025-04-22 09:34:35','2025-04-22 09:34:35'),
('2501E42DFA5A70BB0EC5537277DCF13F','MOV_DIARIO_CAT','2025-04-21 07:13:38','2025-04-21 07:13:38'),
('2BB662787969163CAEA88081FCA445FD','ESTADO_TAREA','2025-04-21 07:13:38','2025-04-21 07:13:38'),
('32D1C9A2575CFF475A88270E2D86778F','TIPO_FASE_PROCESO','2025-09-08 18:41:09','2025-09-08 18:41:09'),
('33B58BE7423415F281511E0014CC8F93','ENTITY_TYPE','2025-04-21 07:13:38','2025-04-21 07:13:38'),
('38B254DB46046B287DEF3B3FFC211416','PROD_COMP_STATUS','2025-04-21 07:13:38','2025-04-21 07:13:38'),
('3B790071A5C7DB97720467A84A4D8DF3','SCRIPT_TYPE','2025-04-21 07:13:38','2025-04-21 07:13:38'),
('3E20284C127A906F042D9E5A8F36476C','BUTTON_TYPE','2025-04-21 07:13:38','2025-04-21 07:13:38'),
('67E0B62AFBE89F389C0E3908077462F2','FORM_ITEM','2025-04-21 07:13:38','2025-04-21 07:13:38'),
('7F12217D645D764295E996038BD113D4','PLUGIN_TYPE','2025-04-21 07:13:38','2025-04-21 07:13:38'),
('84674DA52513C0D1D7500E22C2E89D08','SIGNO_DIARIO','2025-04-21 07:13:38','2025-04-21 07:13:38'),
('8BD5739DA78A753F13CC9B0BFDEA3EC1','RELATION_VEH','2025-04-21 07:13:38','2025-04-21 07:13:38'),
('A9901F094091A4784148DF50F222AB2F','COLUMN_TYPE','2025-04-21 07:13:38','2025-04-21 07:13:38'),
('AAA60E047C0CDF3BBAE06C746D5405D9','ESTADOS','2025-04-21 07:13:38','2025-04-21 07:13:38'),
('AEFFD15C9CC655255EB2232524392C18','RPT_QUERY_RESULT','2025-04-21 07:13:38','2025-04-21 07:13:38'),
('C795A6C19C7D54E52A2CC9C1ABE439F7','ESTADO_PEDIDO','2025-04-21 11:33:52','2025-08-26 11:19:18'),
('D239E4D7EE368E8581DCE8F206DA9EC7','CONTROL_TYPE','2025-04-21 07:13:38','2025-04-21 07:13:38'),
('D591A31E763158BD1B92B0480AA38543','INDEX_TYPE','2026-01-25 18:56:06','2026-01-25 18:56:06'),
('E959957AC528E2B3E18AD04C8705377B','TIPO_PRODUCTO','2025-04-21 07:13:38','2025-04-21 07:13:38'),
('E98AB9DDDDAAD1B01B4B6D35403A6E80','TIPO_DIARIO','2025-04-21 07:13:38','2025-04-21 07:13:38'),
('F4123D4A9CCDBBB6E7C966FF02E418FB','ESTADO_OFERTA','2025-04-21 11:33:52','2025-04-21 11:33:52');
/*!40000 ALTER TABLE `app_dominios` ENABLE KEYS */;
UNLOCK TABLES;

--
-- Table structure for table `app_empresas`
--

DROP TABLE IF EXISTS `app_empresas`;
/*!40101 SET @saved_cs_client     = @@character_set_client */;
/*!40101 SET character_set_client = utf8mb4 */;
CREATE TABLE `app_empresas` (
  `id` char(32) NOT NULL,
  `nombre` varchar(100) DEFAULT NULL,
  `fecha_creacion` timestamp NULL DEFAULT current_timestamp(),
  `fecha_modificacion` timestamp NULL DEFAULT current_timestamp() ON UPDATE current_timestamp(),
  `empresa` varchar(100) DEFAULT NULL,
  `email` varchar(50) DEFAULT NULL,
  `nif` varchar(20) DEFAULT NULL,
  `telefono` varchar(50) DEFAULT NULL,
  `direccion1` varchar(255) DEFAULT NULL,
  `direccion2` varchar(255) DEFAULT NULL,
  `ciudad` varchar(100) DEFAULT NULL,
  `region` varchar(50) DEFAULT NULL,
  `codpostal` varchar(20) DEFAULT NULL,
  `logo` varchar(255) DEFAULT NULL,
  PRIMARY KEY (`id`)
) ENGINE=InnoDB DEFAULT CHARSET=utf8mb3 COLLATE=utf8mb3_general_ci;
/*!40101 SET character_set_client = @saved_cs_client */;

--
-- Dumping data for table `app_empresas`
--

LOCK TABLES `app_empresas` WRITE;
/*!40000 ALTER TABLE `app_empresas` DISABLE KEYS */;
INSERT INTO `app_empresas` VALUES
('2CE02C8F67B3E10A61A5DA1192D6E3C2',NULL,'2026-03-29 11:47:44','2026-03-29 19:32:40','The Saint Software','contacto@thesaint.net','Z22558877','555 968741',NULL,'C/ Polinesia 10','Sevilla','Sevilla','41001','/entity_files/app_empresas/iIxR_the_saint_logo.png'),
('8F2DE39C4BBC13D62626B871371718EC',NULL,'2026-03-23 19:38:22','2026-03-24 11:36:59','Simple App Consulting','a.sanjuan.1@gmail.com','12345678Z','555 918273','Calle Sierpes, 45, 1ºC','(Zona Centro)','Sevilla','Sevilla','41000','/entity_files/app_empresas/yhpJ_logo.jpg');
/*!40000 ALTER TABLE `app_empresas` ENABLE KEYS */;
UNLOCK TABLES;

--
-- Table structure for table `app_empresas_usuarios`
--

DROP TABLE IF EXISTS `app_empresas_usuarios`;
/*!40101 SET @saved_cs_client     = @@character_set_client */;
/*!40101 SET character_set_client = utf8mb4 */;
CREATE TABLE `app_empresas_usuarios` (
  `id` char(32) NOT NULL,
  `fecha_creacion` timestamp NULL DEFAULT current_timestamp(),
  `fecha_modificacion` timestamp NULL DEFAULT current_timestamp() ON UPDATE current_timestamp(),
  `id_usuario` char(32) DEFAULT NULL,
  `id_empresa` char(32) DEFAULT NULL,
  PRIMARY KEY (`id`)
) ENGINE=InnoDB DEFAULT CHARSET=utf8mb3 COLLATE=utf8mb3_general_ci;
/*!40101 SET character_set_client = @saved_cs_client */;

--
-- Dumping data for table `app_empresas_usuarios`
--

LOCK TABLES `app_empresas_usuarios` WRITE;
/*!40000 ALTER TABLE `app_empresas_usuarios` DISABLE KEYS */;
INSERT INTO `app_empresas_usuarios` VALUES
('19464B1007CDB898F90003CDB7B9AE11','2026-03-29 19:04:41','2026-03-29 19:04:41','ED4B7E942E8CAA1836F247F2E4F73EBA','2CE02C8F67B3E10A61A5DA1192D6E3C2'),
('482E7C671E14FEB42F842779C2F19431','2026-03-29 11:45:46','2026-03-29 11:45:46','ED4B7E942E8CAA1836F247F2E4F73EBA','8F2DE39C4BBC13D62626B871371718EC'),
('FE646C7BD48CB5C61D9C5F16AE834C2F','2026-03-27 14:15:02','2026-03-27 14:15:02','590A4A27433A5C3A85D4939810302137','8F2DE39C4BBC13D62626B871371718EC');
/*!40000 ALTER TABLE `app_empresas_usuarios` ENABLE KEYS */;
UNLOCK TABLES;

--
-- Table structure for table `app_entities`
--

DROP TABLE IF EXISTS `app_entities`;
/*!40101 SET @saved_cs_client     = @@character_set_client */;
/*!40101 SET character_set_client = utf8mb4 */;
CREATE TABLE `app_entities` (
  `id` char(32) NOT NULL,
  `entity` varchar(50) NOT NULL,
  `singular_name` varchar(100) NOT NULL,
  `plural_name` varchar(100) NOT NULL,
  `descripcion` varchar(255) DEFAULT NULL,
  `id_module` char(32) DEFAULT NULL,
  `mostrar_menu` int(11) DEFAULT NULL,
  `campo_principal` varchar(50) DEFAULT NULL,
  `tipo_entidad` varchar(20) DEFAULT NULL,
  `icon` varchar(50) DEFAULT NULL,
  `orden` int(11) DEFAULT NULL,
  PRIMARY KEY (`id`),
  UNIQUE KEY `ix_entity_unique` (`entity`),
  KEY `FK_app_entities_app_modules` (`id_module`),
  CONSTRAINT `FK_app_entities_app_modules` FOREIGN KEY (`id_module`) REFERENCES `app_modules` (`id`)
) ENGINE=InnoDB DEFAULT CHARSET=utf8mb3 COLLATE=utf8mb3_general_ci;
/*!40101 SET character_set_client = @saved_cs_client */;

--
-- Dumping data for table `app_entities`
--

LOCK TABLES `app_entities` WRITE;
/*!40000 ALTER TABLE `app_entities` DISABLE KEYS */;
INSERT INTO `app_entities` VALUES
('05AF0FD523FA0720A9A13883EA3F9328','ventas_solicitudes','Solicitud','Solicitudes',NULL,'2BAA56D57128A664AD18DF268E31E49E',1,'cliente','table','fa-circle-question',0),
('10E08475520D5CC7603685D7A6338443','app_proceso_tramites','Tramite','Trámites','Ejecuciones de los procesos de entidad. Un registro por cada ejecución.','881AE76B343D3FA19490ED05B852349A',1,'nombre','table',NULL,0),
('1B3F721BFCC5F62CCE53549FD27C35D6','app_form_tabs','Pestaña de Formulario','Pestañas de Formularios',NULL,'0E4B1126153FCBE256A6C781AD88E055',0,'nombre','table',NULL,8),
('20AB28F839675213390C76A55A267945','app_transiciones_proceso','Transición','Transiciones de proceso',NULL,'881AE76B343D3FA19490ED05B852349A',0,'nombre','table',NULL,0),
('2AAF5FB75C18B38E851D52C913976F89','app_views','Vista','Vistas',NULL,'0E4B1126153FCBE256A6C781AD88E055',0,'name','table',NULL,15),
('2FE54B9A5C2315738AB4209C7F9CF1AB','app_teams','Equipo','Equipos','Tabla para organizar usuarios en equipos a los que poder asignar trámites','FFD24C35C8D97E14CC5727399391C723',1,'equipo','table','fa-user-group',5),
('35A30F1BCCCE6D3B8D512FAEAFCD6A01','app_forms','Formulario','Formularios',NULL,'0E4B1126153FCBE256A6C781AD88E055',1,'nombre','table','fa-laptop',2),
('383D9E6BA1659044E079B71BCE51FE19','app_form_areas','Area Formulario','Areas Formularios',NULL,'0E4B1126153FCBE256A6C781AD88E055',0,'nombre','table',NULL,8),
('3CF1E2021536FE5F6A1E975A2CEEDA01','app_dominios','Dominio','Dominios',NULL,'0E4B1126153FCBE256A6C781AD88E055',1,'nombre','table','fa-caret-down',8),
('3D87D8B6639DF0D570E9AB08F03853FD','app_proyectos','Proyecto','Proyectos','Tabla de proyectos y tareas simple','4B43BFABE3539607068B45A4209298B6',1,'nombre','table','fa-rectangle-list',NULL),
('488561E4956B42F22BBD6C4DF6E1C67A','app_secuencias_numeraciones','Secuencia','Secuencias',NULL,'0E4B1126153FCBE256A6C781AD88E055',0,'anio','table','fa-hashtag',15),
('490484A9474D03AB69738B7FC05D057C','ventas_ofertas','Oferta de Ventas','Ofertas de Venta','Ofertas de venta','2BAA56D57128A664AD18DF268E31E49E',1,'codigo','table','fa-file-lines',-1),
('4AA656B01E4CC29891C6BB33A495B42E','app_fases_proceso','Fase del proceso','Fases del proceso',NULL,'881AE76B343D3FA19490ED05B852349A',0,'nombre','table',NULL,0),
('68BE6D4857B45CC219DBA380485C0FBF','keypass','KeyPass','KeyPass','Almacenamiento de pass','FFD24C35C8D97E14CC5727399391C723',1,'nombre','table','fa-unlock',6),
('6D6F9BEDBFD9D59CB53DAAFB6D5FD116','app_roles_usuarios','Asignación de usuario a rol','Asignaciones de usuarios a roles','Relación n:n de usuarios y roles','FFD24C35C8D97E14CC5727399391C723',0,NULL,'table','fa-user-tag',4),
('7358E0983B0D29080F4A52510854211B','app_optionsets','Optionset','Optionsets',NULL,'0E4B1126153FCBE256A6C781AD88E055',0,'descripcion','table','fa-caret-down',8),
('744B2497EDAF0D610DA0D599DAF7F1CF','app_relations','Relación','Relaciones','Relaciones entre tablas.','0E4B1126153FCBE256A6C781AD88E055',1,'name','table','fa-right-left',6),
('7535F4201F546632A5522B98C33EB9E8','impuestos','Impuesto','Impuestos','Tabla de tipos de impuestos','A527688A7570A8A58A1DA2BB62518C7E',1,'nombre','table','fa-percent',0),
('79A1C516742E7B156ABC70C8AA6BED88','cambio_pwd_usuario','Cambio de contraseña','Cambio de contraseña',NULL,'FFD24C35C8D97E14CC5727399391C723',1,NULL,'action','fa-asterisk',4),
('7D2C9C0CF3B893CA6EC55DC070198D44','productos','Producto','Productos',NULL,'A527688A7570A8A58A1DA2BB62518C7E',1,'nombre','table','fa-box',0),
('801702C306589191B3D37121137E9449','app_user_controls','Control de Formulario','Controles Formulario',NULL,'0E4B1126153FCBE256A6C781AD88E055',0,'dbcolumn','table',NULL,7),
('8A7584A9F47A9E6BD168FE208A4CBA9D','app_entities','Entidad','Entidades',NULL,'0E4B1126153FCBE256A6C781AD88E055',1,'entity','table','fa-table',1),
('8CD7AC1F9330314D645F44BFAD6749C4','ventas_ofertas_lineas','Línea de Oferta','Líneas de ofertas',NULL,'2BAA56D57128A664AD18DF268E31E49E',0,'Concepto','table',NULL,0),
('8E27B7F53F2D021DE191FB39E1FE333E','app_indexes','Indice de BBDD','Indices de BBDD',NULL,'0E4B1126153FCBE256A6C781AD88E055',1,'nombre','table','fa-list-alt',7),
('927B4B2178AA3CFE5FCF935A7E391068','app_permisos_entidad','Permiso entidad','Permisos entidades',NULL,'FFD24C35C8D97E14CC5727399391C723',0,'nombre','table',NULL,4),
('A2E724802474447FBEC81BEC164A8874','familias_productos','Familia de Producto','Familias de Producto','Dato maestro de familias de productos','A527688A7570A8A58A1DA2BB62518C7E',1,'familia','table',NULL,0),
('A5C38664EA80732ED4E9625464F1253C','app_plugins','Plugin','Plugins','Código personalizado de entidad','0E4B1126153FCBE256A6C781AD88E055',1,'filename','table','fa-code',3),
('A68EEE98E6B4784D4DFFC8BD9102F849','app_graphics','Grafica','Gráficas de datos',NULL,'0E4B1126153FCBE256A6C781AD88E055',1,'name','table','fa-chart-simple',15),
('A9BC1252645E7B10B92A1C75E8D6E4EF','app_scripts','Script','Scripts','Código personalizado de entidad','0E4B1126153FCBE256A6C781AD88E055',1,'filename','table','fa-scroll',5),
('AAF9DC82ED5D22043CC3AE2A9FF0825F','app_numeraciones','Numeración','Numeraciones',NULL,'0E4B1126153FCBE256A6C781AD88E055',1,'nombre','table','fa-hashtag',15),
('ADFECBA489ED9C6AC1E43F0980D503A3','ventas_cuentas','Cliente','Clientes','Tabla para Empresas ','2BAA56D57128A664AD18DF268E31E49E',1,'nombre','table','fa-landmark',0),
('AE00BE37D35639F34D0549EBA5B455FB','app_empresas','Empresa','Empresas','Tabla para Empresas de la organización','FFD24C35C8D97E14CC5727399391C723',1,'empresa','table','fa-building-un',2),
('B0D9EB0533F678EA863976D6C156CD0E','app_form_sections','Sección de formulario','Secciones formulario',NULL,'0E4B1126153FCBE256A6C781AD88E055',0,'nombre','table',NULL,15),
('B441B8665B9EABC7B180A757E687305B','apikeys','Api Key','API Keys',NULL,'FFD24C35C8D97E14CC5727399391C723',1,'apikey','table','fa-key',7),
('B5C1929F74F23B89F862B0D372CD71D1','app_plugin_library','Librería de Código','Librerías de código','Librerías de código PHP con lógica de negocio','0E4B1126153FCBE256A6C781AD88E055',1,'filename','table','fa-code',4),
('BA0C16DF30A8A623EE49338EDBEFAB38','app_entity_columns','Columna','Columnas',NULL,'0E4B1126153FCBE256A6C781AD88E055',0,'label','table',NULL,8),
('BA7DBD3B1AD6A8EF5F9480A409E749B1','app_empresas_usuarios','Asignación de usuario a empresa','Asignaciones de usuarios a empresas','Relación n:n de usuarios y empresas','FFD24C35C8D97E14CC5727399391C723',0,NULL,'table','fa-user-tag',4),
('BAEE82C788A6272E749AB4DE5661FEF6','app_tareas_proyectos','Tarea de Proyecto','Tareas de Proyecto','Tareas del proyecto simples (to-do)','4B43BFABE3539607068B45A4209298B6',0,'nombre','table',NULL,NULL),
('C0F34C980D8AC44DAB5B7148A9669AD8','ventas_pedidos','Pedido de Ventas','Pedidos de Venta','Pedidos de venta','2BAA56D57128A664AD18DF268E31E49E',1,'codigo','table','fa-file-lines',-1),
('C36B36838A064DEBA5AC90B2361920CC','consultas','Consulta','Consultas',NULL,'0E4B1126153FCBE256A6C781AD88E055',1,'nombre','table','fa-database',8),
('CC4FC092381ABB28C3EF1F6F7160FC83','app_buttons','Botón de aplicación','Botones de aplicación',NULL,'0E4B1126153FCBE256A6C781AD88E055',0,'nombre','table',NULL,9),
('D0C612375F9E63892267287FC23D366E','config','Parámetro','Parámetros',NULL,'881AE76B343D3FA19490ED05B852349A',1,'param','table','fa-sliders',NULL),
('D15D4315C5B64BB2E6E17E0A4EBEB319','app_modules','Módulo','Módulos',NULL,'0E4B1126153FCBE256A6C781AD88E055',1,'module','table','fa-folder-open',0),
('D549E0FA5CB115B1904768FC95526F79','app_proceso_entidad','Proceso de entidad','Procesos de entidad','Secuencia de estados para facilitar la tramitación y secuencia de un estado a otro mediante transiciones permitidas.','881AE76B343D3FA19490ED05B852349A',1,'nombre','table','fa-circle-nodes',1),
('D8E58E608DB593F4EA32FC4605A2065E','ventas_pedidos_lineas','Línea de Pedido','Líneas de Pedido',NULL,'2BAA56D57128A664AD18DF268E31E49E',0,'Concepto','table',NULL,0),
('E4FE6D68F9B641C7958DD0221D953E3C','app_report_templates','Plantilla de informe','Informes','Tabla para almacenar informes pdf','0E4B1126153FCBE256A6C781AD88E055',1,'nombre','table','fa-file-code',9),
('E6DCE1A15EDC95C41F18041C935F9C8A','app_wiki','Artículo Wiki','Wikipedia','Artículos de wikipedia','4B43BFABE3539607068B45A4209298B6',1,'titulo','table','fa-book',0),
('E7F8AB4799E0C27385B9F2ACBFEFF04C','usuarios','Usuario','Usuarios',NULL,'FFD24C35C8D97E14CC5727399391C723',1,'login','table','fa-user',1),
('EB91FB64FE2288577B09EA24D0BB03C7','app_roles','Rol de seguridad','Roles de seguridad',NULL,'FFD24C35C8D97E14CC5727399391C723',1,'nombre','table','fa-shield',3),
('F2E98165F53B6ECAD8E23D49268D731A','app_report_queries','Consulta de Informe','Consultas de Informes',NULL,'0E4B1126153FCBE256A6C781AD88E055',0,'nombre','table',NULL,8);
/*!40000 ALTER TABLE `app_entities` ENABLE KEYS */;
UNLOCK TABLES;

--
-- Table structure for table `app_entity_columns`
--

DROP TABLE IF EXISTS `app_entity_columns`;
/*!40101 SET @saved_cs_client     = @@character_set_client */;
/*!40101 SET character_set_client = utf8mb4 */;
CREATE TABLE `app_entity_columns` (
  `id` char(32) NOT NULL,
  `id_entity` char(32) NOT NULL,
  `dbcolumn` varchar(50) NOT NULL,
  `type` varchar(50) NOT NULL,
  `max` int(11) NOT NULL,
  `label` varchar(50) NOT NULL,
  `hidden` tinyint(1) DEFAULT NULL,
  `value` varchar(255) DEFAULT NULL,
  `disabled` int(11) DEFAULT NULL,
  `lookup_table` varchar(50) DEFAULT NULL,
  `lookup_column` varchar(50) DEFAULT NULL,
  `lookup_description` varchar(50) DEFAULT NULL,
  `formula` text DEFAULT NULL,
  `dominio` varchar(20) DEFAULT NULL,
  `orden` int(11) DEFAULT NULL,
  `user_control` varchar(20) DEFAULT NULL,
  `required` int(11) DEFAULT NULL,
  PRIMARY KEY (`id`),
  KEY `FK_app_entity_columns_app_entities` (`id_entity`),
  CONSTRAINT `FK_app_entity_columns_app_entities` FOREIGN KEY (`id_entity`) REFERENCES `app_entities` (`id`)
) ENGINE=InnoDB DEFAULT CHARSET=utf8mb3 COLLATE=utf8mb3_general_ci;
/*!40101 SET character_set_client = @saved_cs_client */;

--
-- Dumping data for table `app_entity_columns`
--

LOCK TABLES `app_entity_columns` WRITE;
/*!40000 ALTER TABLE `app_entity_columns` DISABLE KEYS */;
INSERT INTO `app_entity_columns` VALUES
('008119E44A74B3DCF8F810A468EA3BE8','488561E4956B42F22BBD6C4DF6E1C67A','id_numeracion','guid',50,'Numeracion',0,NULL,0,'app_numeraciones','id','nombre',NULL,NULL,1,'lookup',0),
('04186C1D35A6D91C67B7CD1A3B15EF6C','C0F34C980D8AC44DAB5B7148A9669AD8','id_cuenta','guid',50,'Cliente',0,NULL,0,'ventas_cuentas','id','nombre',NULL,NULL,2,'lookup',1),
('048388108F82F3A1AA0061C6410A6269','7358E0983B0D29080F4A52510854211B','descripcion','text',100,'descripcion',0,NULL,0,NULL,NULL,NULL,NULL,NULL,4,NULL,1),
('04F6C3630E3257F6C3004CBA7373DD75','10E08475520D5CC7603685D7A6338443','id_proceso','guid',50,'Proceso',0,NULL,0,'app_proceso_entidad','id','nombre',NULL,NULL,2,'lookup',0),
('051A3564AEFB4F9917384C332144C20F','C0F34C980D8AC44DAB5B7148A9669AD8','notas','textarea',50,'Notas a Pie',0,NULL,0,NULL,NULL,NULL,NULL,NULL,0,NULL,0),
('05283E163573FF789F179DEBDA0E5CDD','F2E98165F53B6ECAD8E23D49268D731A','id','guid',0,'id_consulta',1,NULL,0,NULL,NULL,NULL,NULL,NULL,0,NULL,0),
('053EDC6905EBBA697AD088F10E7C222B','AE00BE37D35639F34D0549EBA5B455FB','fecha_creacion','datetime',0,'fecha_creacion',0,NULL,1,NULL,NULL,NULL,NULL,NULL,100,NULL,0),
('075CBF67E8362A653C64808F283DBB44','AE00BE37D35639F34D0549EBA5B455FB','direccion1','text',255,'Dirección 1',0,NULL,0,NULL,NULL,NULL,NULL,NULL,6,NULL,0),
('07CCB9051436EB3B3DCB8B4701A9B94F','B5C1929F74F23B89F862B0D372CD71D1','code','textarea',50,'Codigo PHP',0,NULL,0,NULL,NULL,NULL,NULL,NULL,5,'phpcode',0),
('099C182FAEF4B39E1B6D5082198B1297','D549E0FA5CB115B1904768FC95526F79','id_entity','guid',50,'Entidad',0,NULL,0,'app_entities','id','entity',NULL,NULL,1,'lookup',1),
('09A5379F9FC664B5ABDB04184A3513DF','801702C306589191B3D37121137E9449','nombre','text',50,'Nombre Control',0,NULL,0,NULL,NULL,NULL,NULL,NULL,9,NULL,0),
('0A72C5E33B5F642ECAB5F87CF9D6BBE8','D549E0FA5CB115B1904768FC95526F79','fecha_modificacion','datetime',0,'fecha_modificacion',0,NULL,1,NULL,NULL,NULL,NULL,NULL,102,NULL,0),
('0A817C661F0D8482F6D3F4950538F278','7358E0983B0D29080F4A52510854211B','color','color',20,'Color',0,'#FFFFFF',0,NULL,NULL,NULL,NULL,NULL,5,NULL,0),
('0AB683F1FCD9987A7D9B339ADCAF1EAA','7D2C9C0CF3B893CA6EC55DC070198D44','id','guid',32,'id',1,NULL,0,NULL,NULL,NULL,NULL,NULL,0,NULL,0),
('0ACA25CA28EA1B7E306C4A0BC2918EE6','8A7584A9F47A9E6BD168FE208A4CBA9D','id_module','guid',0,'id_module',0,NULL,0,'app_modules','id','module',NULL,NULL,1,'lookup',1),
('0B68F73959A6409F8A3B2662C1DA9541','8CD7AC1F9330314D645F44BFAD6749C4','fecha_modificacion','datetime',0,'fecha_modificacion',0,NULL,1,NULL,NULL,NULL,NULL,NULL,102,NULL,0),
('0B6C8CC74CEFBD961E2036C8E6A61DB4','10E08475520D5CC7603685D7A6338443','id_fase','guid',50,'Fase actual',0,NULL,0,'app_fases_proceso','id','nombre',NULL,NULL,2,'lookup',0),
('0B92D03AB4711654F50CB2C1DBC4B6C2','BA0C16DF30A8A623EE49338EDBEFAB38','disabled','int',0,'disabled',0,'0',0,'','','','','SI_NO',9,'option',NULL),
('0B9ADD896E1C2C8B369B5BAB322FE289','79A1C516742E7B156ABC70C8AA6BED88','pwd','password',50,'Contraseña',0,NULL,0,NULL,NULL,NULL,NULL,NULL,1,NULL,1),
('0BCB9235AD48540715BD0917DB37288A','ADFECBA489ED9C6AC1E43F0980D503A3','direccion1','text',255,'Dirección 1',0,NULL,0,NULL,NULL,NULL,NULL,NULL,6,NULL,0),
('0C14D1D7C87A9BFAA97B2DE72DC8BCF0','B441B8665B9EABC7B180A757E687305B','apikey','text',50,'apikey',0,'',0,'','','','','',1,'',1),
('0CE54EB90EE5A0DBC10CAF2379AC5D2E','7D2C9C0CF3B893CA6EC55DC070198D44','peso','decimal',50,'Peso (Kg)',0,NULL,0,NULL,NULL,NULL,NULL,NULL,8,NULL,0),
('0CEEE4ED98CEE285B8FB8F552A42FD36','79A1C516742E7B156ABC70C8AA6BED88','pwd2','password',50,'Repetir Contraseña',0,NULL,0,NULL,NULL,NULL,NULL,NULL,2,NULL,1),
('0F6CBF2661D83CA5C1F902273A13C79D','BA0C16DF30A8A623EE49338EDBEFAB38','lookup_table','text',50,'lookup_table',0,NULL,0,NULL,NULL,NULL,'select entity as codigo, entity as nombre from app_entities order by entity',NULL,10,'option',0),
('105462139BFE9EC8827E8D703AE4CEA1','8A7584A9F47A9E6BD168FE208A4CBA9D','entity','text',50,'entity',0,NULL,0,NULL,NULL,NULL,NULL,NULL,2,NULL,1),
('1169106F2BFD7CE0149A16D70CBC1198','D549E0FA5CB115B1904768FC95526F79','nombre','text',100,'nombre',0,NULL,0,NULL,NULL,NULL,NULL,NULL,5,NULL,NULL),
('123F45039323E4CBE0A51BADADC0AE07','D8E58E608DB593F4EA32FC4605A2065E','fecha_modificacion','datetime',0,'fecha_modificacion',0,NULL,1,NULL,NULL,NULL,NULL,NULL,102,NULL,0),
('12D27095E593CC287B7FE3C931219B8F','801702C306589191B3D37121137E9449','orden','int',50,'orden',0,'0',0,NULL,NULL,NULL,NULL,NULL,6,NULL,1),
('133D558F526FD64217DFC486425045F6','35A30F1BCCCE6D3B8D512FAEAFCD6A01','filas','int',50,'Filas',0,NULL,0,NULL,NULL,NULL,NULL,NULL,5,NULL,0),
('16015F4C4C539C512BB689D3D648733E','A68EEE98E6B4784D4DFFC8BD9102F849','id','int',0,'id',1,NULL,0,NULL,NULL,NULL,NULL,NULL,0,NULL,NULL),
('16B294987D4A82A1F5F2B2F75BF8B56F','35A30F1BCCCE6D3B8D512FAEAFCD6A01','id_entity','guid',50,'Entidad',0,NULL,0,'app_entities','id','entity',NULL,NULL,1,'lookup',0),
('1733D3AA7AA1186198905A41B824CC91','35A30F1BCCCE6D3B8D512FAEAFCD6A01','fecha_modificacion','datetime',0,'fecha_modificacion',0,NULL,1,NULL,NULL,NULL,NULL,NULL,6,NULL,NULL),
('17741AB005DAF8A03C4DE6B24F506834','ADFECBA489ED9C6AC1E43F0980D503A3','ciudad','text',100,'Ciudad',0,NULL,0,NULL,NULL,NULL,NULL,NULL,8,NULL,0),
('1782F4DA3C4E0C59E0C9F9F74183C22B','2AAF5FB75C18B38E851D52C913976F89','tipo','text',50,'Tipo',0,'public',0,NULL,NULL,NULL,NULL,'VIEW_TYPE',4,'option',1),
('180D377079DF4C79173E0603A2827923','E6DCE1A15EDC95C41F18041C935F9C8A','fecha_modificacion','datetime',0,'fecha_modificacion',0,NULL,1,NULL,NULL,NULL,NULL,NULL,100,NULL,0),
('18CB04916911DAA012A32AD6A58918FE','D8E58E608DB593F4EA32FC4605A2065E','id_pedido','guid',50,'Pedido',0,NULL,0,'ventas_pedidos','id','codigo',NULL,NULL,1,'lookup',0),
('1981750057589DFEF3EA8CB12DD39027','05AF0FD523FA0720A9A13883EA3F9328','direccion','text',255,'Direccion Envio',0,NULL,0,NULL,NULL,NULL,NULL,NULL,0,NULL,1),
('19B27F8EE11DDF56EEDA6F76FA4BB09E','1B3F721BFCC5F62CCE53549FD27C35D6','orden','int',50,'orden',0,NULL,0,NULL,NULL,NULL,NULL,NULL,3,NULL,1),
('1B1D6A3D57BFF5F7A61009801904E101','AE00BE37D35639F34D0549EBA5B455FB','logo','file',50,'Logo',0,NULL,0,NULL,NULL,NULL,NULL,NULL,99,'image',0),
('1CEA84B59A37705CA687030CB87E2F61','EB91FB64FE2288577B09EA24D0BB03C7','is_admin','int',50,'Es Super Admin',0,NULL,0,NULL,NULL,NULL,NULL,'SI_NO',2,'option',0),
('1D525AD2031A91948D1BC357372AD188','488561E4956B42F22BBD6C4DF6E1C67A','id','guid',32,'id',1,NULL,0,NULL,NULL,NULL,NULL,NULL,0,NULL,0),
('1DF00572672CB61771932158F0058674','8E27B7F53F2D021DE191FB39E1FE333E','index_type','text',50,'Tipo Indice',0,'btree',0,NULL,NULL,NULL,NULL,'INDEX_TYPE',4,'option',1),
('1F2E8C0524DFF2865B65DFFEBFBD5B36','BA0C16DF30A8A623EE49338EDBEFAB38','formula','textarea',65535,'formula',0,'',0,'','','','','',14,'',NULL),
('1FA2CCE77827F73BD9DC84BC79A78F20','05AF0FD523FA0720A9A13883EA3F9328','productos','textarea',255,'Productos',0,NULL,0,NULL,NULL,NULL,NULL,NULL,0,'richtext_simple',0),
('2093A0FEAC99A7BA2D76E0CADD3C60EF','05AF0FD523FA0720A9A13883EA3F9328','gastos_envio_sn','int',50,'LLeva gastos de envio',0,'1',0,NULL,NULL,NULL,NULL,'SI_NO',0,'option',0),
('2187000B6132A519C002708DE459A846','79A1C516742E7B156ABC70C8AA6BED88','id_usuario','guid',50,'Usuario',0,NULL,0,'usuarios','id','login',NULL,NULL,0,'lookup',0),
('218E96609B1E3E6640F4946C1C6F2F34','744B2497EDAF0D610DA0D599DAF7F1CF','on_delete','text',50,'On Delete',0,'restrict',0,NULL,NULL,NULL,NULL,'RELATION_VEH',5,'option',0),
('21CA73F51180BD82F3F8EAEEFF63B930','744B2497EDAF0D610DA0D599DAF7F1CF','id','guid',32,'id',1,NULL,0,NULL,NULL,NULL,NULL,NULL,0,NULL,0),
('2370ED703553EDB043F5F920B63CB807','AAF9DC82ED5D22043CC3AE2A9FF0825F','fecha_creacion','datetime',0,'fecha_creacion',0,NULL,1,NULL,NULL,NULL,NULL,NULL,100,NULL,0),
('243F6DA2998F296DEBEE67B79BF65AD1','AE00BE37D35639F34D0549EBA5B455FB','direccion2','text',255,'Dirección 2',0,NULL,0,NULL,NULL,NULL,NULL,NULL,6,NULL,0),
('24983E5C08DF89D077414B1C939237A7','7D2C9C0CF3B893CA6EC55DC070198D44','tipo_producto','text',20,'Tipo Producto',0,NULL,0,NULL,NULL,NULL,NULL,'TIPO_PRODUCTO',1,'option',1),
('24C302230F8A5ABC02241443BCF0AB9A','20AB28F839675213390C76A55A267945','nombre','text',100,'nombre',0,NULL,0,NULL,NULL,NULL,NULL,NULL,2,NULL,NULL),
('257B116D130B24B2AB31B175BB984776','B441B8665B9EABC7B180A757E687305B','id','int',0,'id',1,NULL,0,NULL,NULL,NULL,NULL,NULL,0,NULL,NULL),
('264660FEF90E0245F393026B7F468614','BAEE82C788A6272E749AB4DE5661FEF6','fecha_creacion','datetime',0,'fecha_creacion',0,NULL,1,NULL,NULL,NULL,NULL,NULL,6,NULL,NULL),
('268B6A96C07D76E9477DE9EB3408FB20','B0D9EB0533F678EA863976D6C156CD0E','fecha_creacion','datetime',0,'fecha_creacion',0,NULL,1,NULL,NULL,NULL,NULL,NULL,100,NULL,0),
('2849166AB8438CDDD7DE630D6E02065A','A68EEE98E6B4784D4DFFC8BD9102F849','order_by','text',255,'order_by',0,NULL,0,NULL,NULL,NULL,NULL,NULL,5,NULL,1),
('28B61B66554F25018F50B6601C59993A','D8E58E608DB593F4EA32FC4605A2065E','total_linea','decimal',50,'Total Línea',0,'0',1,NULL,NULL,NULL,NULL,NULL,10,NULL,0),
('28ED6D3A6440C7E4F3F19FFA31772EA9','1B3F721BFCC5F62CCE53549FD27C35D6','id_form','guid',50,'Formulario',0,NULL,0,'app_forms','id','nombre',NULL,NULL,1,'lookup',0),
('2B177EB602A56D9C7A3710A075ACAA3E','383D9E6BA1659044E079B71BCE51FE19','id','int',0,'id',1,'',0,'','','','','',1,'',NULL),
('2B3230F1D37673209FB55F4AE6E9C039','05AF0FD523FA0720A9A13883EA3F9328','cliente','text',50,'Cliente',0,NULL,0,NULL,NULL,NULL,NULL,NULL,0,NULL,1),
('2B93C916C146926E3136E31D0A1C6BEF','8E27B7F53F2D021DE191FB39E1FE333E','estado','int',50,'Estado',0,'0',0,NULL,NULL,NULL,NULL,'ESTADOS',5,'option',1),
('2BEDEDBCBA71774D58441F91EE92C41D','801702C306589191B3D37121137E9449','id_seccion','guid',0,'id_seccion',0,NULL,0,'app_form_sections','id','nombre',NULL,NULL,1,'lookup',0),
('2D8CA88BF7CFD5095F2A8B88C4D0E3B1','927B4B2178AA3CFE5FCF935A7E391068','id_entity','guid',50,'Entidad',0,NULL,0,'app_entities','id','entity',NULL,NULL,1,'lookup',0),
('2E2C41208165B270DD4A2CC88C832365','AAF9DC82ED5D22043CC3AE2A9FF0825F','fecha_modificacion','datetime',0,'fecha_modificacion',0,NULL,1,NULL,NULL,NULL,NULL,NULL,99,NULL,0),
('2E49A81448599B9E47CFD7DDC2BEAEE9','AE00BE37D35639F34D0549EBA5B455FB','fecha_modificacion','datetime',0,'fecha_modificacion',0,NULL,1,NULL,NULL,NULL,NULL,NULL,101,NULL,0),
('2E4F8E41BF7B0000DE283CD8B0FCBFA0','AAF9DC82ED5D22043CC3AE2A9FF0825F','siguiente','int',50,'Siguiente',0,'1',0,NULL,NULL,NULL,NULL,NULL,4,NULL,1),
('304FF6F23774DF9F27F069ED82483817','7D2C9C0CF3B893CA6EC55DC070198D44','ancho','decimal',50,'Ancho (cm)',0,NULL,0,NULL,NULL,NULL,NULL,NULL,8,NULL,0),
('31926586DD9D876700DEE20CEF642514','3D87D8B6639DF0D570E9AB08F03853FD','pendientes','calc',50,'Pendientes',0,NULL,0,NULL,NULL,NULL,'select count(0) from app_tareas_proyectos where id_proyecto = {id} and estado_tarea=0',NULL,0,NULL,0),
('32BA9A3A3A20A9A44BFC2A0FCA591DB9','488561E4956B42F22BBD6C4DF6E1C67A','fecha_creacion','datetime',0,'fecha_creacion',0,NULL,1,NULL,NULL,NULL,NULL,NULL,100,NULL,0),
('344DD7CA539D858D852810428822AE28','4AA656B01E4CC29891C6BB33A495B42E','id_proceso','guid',50,'Proceso',0,NULL,0,'app_proceso_entidad','id','nombre',NULL,NULL,1,'lookup',1),
('348D8D58696A0D95556B5CA1FC605E5C','E7F8AB4799E0C27385B9F2ACBFEFF04C','email','text',50,'Email',0,NULL,0,NULL,NULL,NULL,NULL,NULL,0,NULL,0),
('350F73FB17439AAA51C7D796E6003996','8CD7AC1F9330314D645F44BFAD6749C4','Concepto','textarea',100,'Concepto',0,NULL,0,NULL,NULL,NULL,NULL,NULL,4,'richtext_simple',0),
('3523A3F5BD2558E8499F058EF16D5B6C','7D2C9C0CF3B893CA6EC55DC070198D44','alto','decimal',50,'Alto (cm)',0,NULL,0,NULL,NULL,NULL,NULL,NULL,9,NULL,0),
('35FD4E83FDBD3FBB9289BFB0F7E3F237','490484A9474D03AB69738B7FC05D057C','titulo','text',255,'Título',0,NULL,0,NULL,NULL,NULL,NULL,NULL,0,NULL,1),
('36487126766920E92BA8C0BD3A0D77B1','8CD7AC1F9330314D645F44BFAD6749C4','total_linea','decimal',50,'Total Línea',0,'0',1,NULL,NULL,NULL,NULL,NULL,10,NULL,0),
('364891F9D32373F98767B5A10A08C5A7','744B2497EDAF0D610DA0D599DAF7F1CF','id_entity','guid',50,'Entidad',0,NULL,0,'app_entities','id','entity',NULL,NULL,2,'lookup',0),
('36547D9CFFF7FCA072AA1240458D56B6','8A7584A9F47A9E6BD168FE208A4CBA9D','campo_principal','text',50,'Campo principal',0,NULL,0,NULL,NULL,NULL,NULL,NULL,6,NULL,0),
('37672112F7F2808E74555B438EBA5062','8CD7AC1F9330314D645F44BFAD6749C4','impuesto','decimal',50,'% Impuesto',0,'0',0,NULL,NULL,NULL,NULL,NULL,7,NULL,0),
('379BA802A8DBDDDDFA2782A27661567C','ADFECBA489ED9C6AC1E43F0980D503A3','codpostal','text',20,'Código Postal',0,NULL,0,NULL,NULL,NULL,NULL,NULL,10,NULL,0),
('394B483571C764B39E5C044CF9C41750','B0D9EB0533F678EA863976D6C156CD0E','id_area','guid',50,'Area',0,NULL,0,'app_form_areas','id','nombre',NULL,NULL,2,'lookup',0),
('3A2009F12CC2CC90F2F2B9A57B7131FC','D8E58E608DB593F4EA32FC4605A2065E','descuento','decimal',50,'% Descuento',0,'0',0,NULL,NULL,NULL,NULL,NULL,6,NULL,0),
('3A2BCEA460B4799A55E5E60B5B220EA4','BA7DBD3B1AD6A8EF5F9480A409E749B1','id_usuario','guid',50,'Usuario',0,NULL,0,'usuarios','id','login',NULL,NULL,1,'lookup',0),
('3A50B505585C98540EF0B2FABEF2DC7D','AE00BE37D35639F34D0549EBA5B455FB','id','guid',32,'id',1,NULL,0,NULL,NULL,NULL,NULL,NULL,1,NULL,0),
('3AA385CF06153417560C621EF3BDBE04','490484A9474D03AB69738B7FC05D057C','fecha_modificacion','datetime',0,'fecha_modificacion',0,NULL,1,NULL,NULL,NULL,NULL,NULL,99,NULL,0),
('3B17A39F7AB257CBA7CD8D4970AB627C','4AA656B01E4CC29891C6BB33A495B42E','id','guid',32,'id',1,NULL,0,NULL,NULL,NULL,NULL,NULL,0,NULL,0),
('3B7CD21CBAF0D2C5BD93297BA4717CFA','927B4B2178AA3CFE5FCF935A7E391068','read_access','int',50,'Lectura',0,'1',0,NULL,NULL,NULL,NULL,'SI_NO',3,'option',0),
('3C28170CEB20FFA15AE274756D265AD4','05AF0FD523FA0720A9A13883EA3F9328','status','status',50,'status',0,'1',0,NULL,NULL,NULL,NULL,NULL,0,NULL,0),
('3E68C9A375668D406129F7633AF524A9','D15D4315C5B64BB2E6E17E0A4EBEB319','id','int',0,'id',1,NULL,0,NULL,NULL,NULL,NULL,NULL,0,NULL,NULL),
('3E94E7317C82A353D8A63C871778E004','BAEE82C788A6272E749AB4DE5661FEF6','estado_tarea','int',50,'Estado Tarea',0,'0',0,NULL,NULL,NULL,NULL,'ESTADO_TAREA',2,'option',1),
('3EA6DC5C05AAE19469D8ABFEA3407DFD','7535F4201F546632A5522B98C33EB9E8','fecha_creacion','datetime',0,'fecha_creacion',0,NULL,1,NULL,NULL,NULL,NULL,NULL,4,NULL,NULL),
('3EB6F3D181DD229C153840085DC2940E','C36B36838A064DEBA5AC90B2361920CC','query','textarea',65535,'query',0,NULL,0,NULL,NULL,NULL,NULL,NULL,3,NULL,0),
('3FE1376B953E0882E4FCC85B29D0BB67','490484A9474D03AB69738B7FC05D057C','total_neto','decimal',4,'Total Neto',0,'0',1,NULL,NULL,NULL,NULL,NULL,3,NULL,0),
('3FE7FA07C2AACCEC05927454811DECC9','D8E58E608DB593F4EA32FC4605A2065E','status','status',50,'status',0,'1',0,NULL,NULL,NULL,NULL,NULL,0,NULL,0),
('4184D37FDDA94B7E4DF2CD11A9B4287C','E7F8AB4799E0C27385B9F2ACBFEFF04C','pwd','password',50,'pwd',0,'',0,'','','','','',2,NULL,NULL),
('4291A43C8C35F755C3BF73F46706D59B','383D9E6BA1659044E079B71BCE51FE19','id_form','guid',50,'Formulario',0,NULL,0,'app_forms','id','nombre',NULL,NULL,1,'lookup',0),
('42F715D2C8B9938DB0F309440C91192A','801702C306589191B3D37121137E9449','height','int',50,'Alto (px)',0,NULL,0,NULL,NULL,NULL,NULL,NULL,3,NULL,0),
('438621935ECE6001F94B5CC93A3E819A','490484A9474D03AB69738B7FC05D057C','estado','int',50,'Estado',0,'0',0,NULL,NULL,NULL,NULL,'ESTADO_OFERTA',0,'option',0),
('43CF770B611D90450A793798935E2F21','68BE6D4857B45CC219DBA380485C0FBF','nombre','text',100,'nombre',0,NULL,0,NULL,NULL,NULL,NULL,NULL,1,NULL,NULL),
('43F7F2CFF128F8F2F8CC4F623CA66678','35A30F1BCCCE6D3B8D512FAEAFCD6A01','fecha_creacion','datetime',0,'fecha_creacion',0,NULL,1,NULL,NULL,NULL,NULL,NULL,7,NULL,NULL),
('44B487070F007CC3AC0038FDC2D6ABA4','AAF9DC82ED5D22043CC3AE2A9FF0825F','prefijo','text',10,'Prefijo',0,NULL,0,NULL,NULL,NULL,NULL,NULL,2,NULL,0),
('44CCE0E301BFAD70DE6B6960F2CB5418','AE00BE37D35639F34D0549EBA5B455FB','telefono','text',50,'Teléfono',0,NULL,0,NULL,NULL,NULL,NULL,NULL,5,NULL,0),
('462404B0F006928F6716259EE69C7AD1','C0F34C980D8AC44DAB5B7148A9669AD8','importe_total','decimal',4,'Importe Total',0,'0',1,NULL,NULL,NULL,NULL,NULL,6,NULL,0),
('4637121CBCB2721E62911713904A09FE','3CF1E2021536FE5F6A1E975A2CEEDA01','fecha_modificacion','datetime',0,'fecha_modificacion',0,NULL,1,NULL,NULL,NULL,NULL,NULL,2,NULL,NULL),
('469C4D73236962E0C1BD547C9052A23E','C0F34C980D8AC44DAB5B7148A9669AD8','fecha_pedido','date',50,'Fecha Pedido',0,NULL,0,NULL,NULL,NULL,NULL,NULL,0,NULL,0),
('4722D05E2795D7A3E7EE7AEFFDEDB41F','D8E58E608DB593F4EA32FC4605A2065E','impuestos','decimal',50,'Impuestos',0,'0',1,NULL,NULL,NULL,NULL,NULL,7,NULL,0),
('478D1FE22374BC9DC711E6581AAD6685','927B4B2178AA3CFE5FCF935A7E391068','insert_access','int',50,'Inserción',0,'1',0,NULL,NULL,NULL,NULL,'SI_NO',3,'option',0),
('4892532F077ACF2692FF6D044696951A','EB91FB64FE2288577B09EA24D0BB03C7','id','guid',32,'id',1,NULL,0,NULL,NULL,NULL,NULL,NULL,0,NULL,0),
('498BFF16EADF561EA9AA603B876FD4B1','B5C1929F74F23B89F862B0D372CD71D1','estado','int',0,'Estado',0,NULL,0,NULL,NULL,NULL,NULL,'ESTADOS',1,'option',NULL),
('49BF946251D2B2E960F036BA6B975F83','A68EEE98E6B4784D4DFFC8BD9102F849','tipo','text',50,'Tipo',0,'public',0,NULL,NULL,NULL,NULL,'CHART_TYPE',3,'option',1),
('49E2D4FB671F7166D8FDCD53A718CEF1','A2E724802474447FBEC81BEC164A8874','id','guid',32,'id',1,NULL,0,NULL,NULL,NULL,NULL,NULL,0,NULL,0),
('4A339C7E35C17E0A17EB95179D4EBB7B','35A30F1BCCCE6D3B8D512FAEAFCD6A01','tipo','text',50,'Tipo',0,'main',0,NULL,NULL,NULL,NULL,'FORM_TYPE',3,'option',1),
('4A74075DBBB7FBB99D5AF28DF2D6B946','8E27B7F53F2D021DE191FB39E1FE333E','name','text',100,'nombre',0,NULL,0,NULL,NULL,NULL,NULL,NULL,2,NULL,0),
('4ABC0743D0BD84431221376BBBA2E279','7358E0983B0D29080F4A52510854211B','id','int',0,'id',1,NULL,0,NULL,NULL,NULL,NULL,NULL,0,NULL,0),
('4B2E8B053F961A0D82F2CAA73F475E29','7535F4201F546632A5522B98C33EB9E8','codigo','text',20,'Codigo',0,NULL,0,NULL,NULL,NULL,NULL,NULL,1,NULL,1),
('4C81FEE1C5FE913083B20FAAE226CFC0','801702C306589191B3D37121137E9449','id_vista','guid',0,'id_vista',0,NULL,0,'app_views','id','name',NULL,NULL,6,'lookup',0),
('4DA557FDF7AFDB6627640CFC83AA5474','488561E4956B42F22BBD6C4DF6E1C67A','anio','int',50,'Año',0,NULL,0,NULL,NULL,NULL,NULL,NULL,3,NULL,0),
('4DD88B453FD5ACBFEEFE2EB9C12A02BA','B0D9EB0533F678EA863976D6C156CD0E','orden','int',50,'orden',0,NULL,0,NULL,NULL,NULL,NULL,NULL,6,NULL,0),
('4FEAFBA4E3F3B4D5936E768E7E7837CE','D8E58E608DB593F4EA32FC4605A2065E','total_impuestos','decimal',50,'Total Impuestos',0,'0',1,NULL,NULL,NULL,NULL,NULL,9,NULL,0),
('502970DD07C1F31BEC9FB40FD05AE756','927B4B2178AA3CFE5FCF935A7E391068','id','guid',32,'id',0,NULL,0,NULL,NULL,NULL,NULL,NULL,0,NULL,NULL),
('50CB16140D24B2918DB28A4114F0A452','4AA656B01E4CC29891C6BB33A495B42E','tipo_fase','int',50,'Tipo de fase',0,NULL,0,NULL,NULL,NULL,NULL,'TIPO_FASE_PROCESO',2,'option',0),
('515066872386D82A1F9F7543CE8A91D4','7D2C9C0CF3B893CA6EC55DC070198D44','id_familia','guid',50,'Familia',0,NULL,0,'familias_productos','id','familia',NULL,NULL,0,'lookup',1),
('51591F90528598FA22FB97129D140A7A','AAF9DC82ED5D22043CC3AE2A9FF0825F','nombre','text',100,'nombre',0,NULL,0,NULL,NULL,NULL,NULL,NULL,1,NULL,NULL),
('516DBB7F38F72D0E9EB79496E13C600E','E7F8AB4799E0C27385B9F2ACBFEFF04C','foto','file',255,'Foto',0,NULL,0,NULL,NULL,NULL,NULL,NULL,0,'image',0),
('519457F6C694D82CAA63909639DF3652','CC4FC092381ABB28C3EF1F6F7160FC83','orden','int',50,'Orden',0,NULL,0,NULL,NULL,NULL,NULL,NULL,4,NULL,0),
('525F12F514050C5A2C5F59929F73C83F','BA0C16DF30A8A623EE49338EDBEFAB38','id_entity','guid',0,'id_entity',0,NULL,0,'app_entities','id','entity',NULL,NULL,1,'lookup',0),
('532D84FD241ED9041F1B31197BB05282','D15D4315C5B64BB2E6E17E0A4EBEB319','folder','text',50,'folder',0,'',0,'','','','','',2,NULL,NULL),
('5415EE1CA2F29AAC220B3B5AE9B3AF3B','ADFECBA489ED9C6AC1E43F0980D503A3','email','text',50,'Email',0,NULL,0,NULL,NULL,NULL,NULL,NULL,3,NULL,0),
('54F62615BC2494D205753B9D4B65DAF3','68BE6D4857B45CC219DBA380485C0FBF','id','guid',32,'id',1,NULL,0,NULL,NULL,NULL,NULL,NULL,0,NULL,0),
('565A54040A435E7555B7F18CF132AA30','8A7584A9F47A9E6BD168FE208A4CBA9D','plural_name','text',100,'plural_name',0,NULL,0,NULL,NULL,NULL,NULL,NULL,5,NULL,1),
('585A7111B34607C37D8CA91CABD94F5A','D8E58E608DB593F4EA32FC4605A2065E','precio','decimal',50,'Precio',0,'0',0,NULL,NULL,NULL,NULL,NULL,5,NULL,0),
('58C192CECEA8A5E1280F51584D699CE5','35A30F1BCCCE6D3B8D512FAEAFCD6A01','id','int',0,'id',1,NULL,0,NULL,NULL,NULL,NULL,NULL,0,NULL,NULL),
('5AFD0172372D192EDC0EA35916CDAE18','D15D4315C5B64BB2E6E17E0A4EBEB319','module','text',50,'module',0,NULL,0,NULL,NULL,NULL,NULL,NULL,1,NULL,NULL),
('5D111782B9D5CB77C336B8C9CDF29220','05AF0FD523FA0720A9A13883EA3F9328','foto','file',50,'Foto',0,NULL,0,NULL,NULL,NULL,NULL,NULL,0,'image',0),
('5E2AD291F50E76D76F3362020AF6CB95','2AAF5FB75C18B38E851D52C913976F89','search_fields','text',255,'search_fields',0,NULL,0,NULL,NULL,NULL,NULL,NULL,7,NULL,NULL),
('5FF5E7F2F71283789276A3B753448150','BA0C16DF30A8A623EE49338EDBEFAB38','type','text',50,'type',0,'text',0,NULL,NULL,NULL,NULL,'COLUMN_TYPE',4,'option',1),
('606747611C9CE93FC943E68DEA2D1B6F','20AB28F839675213390C76A55A267945','id_fase_inicio','guid',50,'Fase inicio',0,NULL,0,'app_fases_proceso','id','nombre',NULL,NULL,3,'lookup',1),
('60FE3ED7829AFDD0D461F4CE971B8534','8CD7AC1F9330314D645F44BFAD6749C4','total_neto','decimal',50,'Total Neto',0,'0',1,NULL,NULL,NULL,NULL,NULL,8,NULL,0),
('61363E28042037CC142B94692235B15E','2AAF5FB75C18B38E851D52C913976F89','id','int',0,'id',1,NULL,0,NULL,NULL,NULL,NULL,NULL,0,NULL,NULL),
('6216C3C42C39FBAFE2EA54A50C992690','7D2C9C0CF3B893CA6EC55DC070198D44','ean_code','text',50,'EAN',0,NULL,0,NULL,NULL,NULL,NULL,NULL,4,NULL,0),
('62D83372A4CF0737BD0457F634822F31','AE00BE37D35639F34D0549EBA5B455FB','nif','text',20,'NIF/CIF',0,NULL,0,NULL,NULL,NULL,NULL,NULL,4,NULL,0),
('63F417ED3169B62961B924995F01A41E','BA0C16DF30A8A623EE49338EDBEFAB38','dominio','text',20,'dominio',0,'',0,'','','','','',15,'',NULL),
('646FDDBA0E46E2291C1B5331CA681CEE','2FE54B9A5C2315738AB4209C7F9CF1AB','fecha_creacion','datetime',0,'fecha_creacion',0,NULL,1,NULL,NULL,NULL,NULL,NULL,NULL,NULL,NULL),
('64C2DC32B7C483950EA096AFD53F87FD','EB91FB64FE2288577B09EA24D0BB03C7','description','text',255,'Descripcion',0,NULL,0,NULL,NULL,NULL,NULL,NULL,3,NULL,0),
('6518643140F77ED9D7E58820A1446119','8E27B7F53F2D021DE191FB39E1FE333E','columnas','text',100,'Columnas',0,NULL,0,NULL,NULL,NULL,NULL,NULL,3,NULL,1),
('657DC8EDDF7E2CFDBFC8C8C7F657DD3B','10E08475520D5CC7603685D7A6338443','nombre','text',100,'nombre',0,NULL,0,NULL,NULL,NULL,NULL,NULL,1,NULL,NULL),
('664CF65F09D7104D7226D47F00D0C562','E6DCE1A15EDC95C41F18041C935F9C8A','titulo','text',100,'titulo',0,NULL,0,NULL,NULL,NULL,NULL,NULL,1,NULL,NULL),
('6659694367C002E435F503AD1A1D2EA8','BA0C16DF30A8A623EE49338EDBEFAB38','value','text',255,'Valor por defecto',0,NULL,0,NULL,NULL,NULL,NULL,NULL,8,NULL,0),
('689F81F1A89FF27D308DEAFC98D0A041','8A7584A9F47A9E6BD168FE208A4CBA9D','icon','text',50,'Fontawesome icon',0,NULL,0,NULL,NULL,NULL,NULL,NULL,9,NULL,0),
('6904F3642CD04FC516E270B87ABF076D','7358E0983B0D29080F4A52510854211B','codigo','text',20,'codigo',0,NULL,0,NULL,NULL,NULL,NULL,NULL,3,NULL,1),
('694A8AD337B6269277B3057291E0B460','8CD7AC1F9330314D645F44BFAD6749C4','id','guid',32,'id',1,NULL,0,NULL,NULL,NULL,NULL,NULL,0,NULL,0),
('6A97C7E8807E94F6862A4B5957804E22','D8E58E608DB593F4EA32FC4605A2065E','id','guid',32,'id',1,NULL,0,NULL,NULL,NULL,NULL,NULL,0,NULL,0),
('6B138532E42DB92DEB6391F07D36FBDE','AAF9DC82ED5D22043CC3AE2A9FF0825F','anual','int',50,'Anual',0,NULL,0,NULL,NULL,NULL,NULL,'SI_NO',3,'option',0),
('6C6CA17C961CD5801C2A682AF1618357','801702C306589191B3D37121137E9449','id_resource','guid',50,'Recurso',0,NULL,0,'app_plugin_library','id','filename',NULL,NULL,12,'lookup',0),
('6D3390F460D07227F866DE224ECC2C35','8CD7AC1F9330314D645F44BFAD6749C4','fecha_creacion','datetime',0,'fecha_creacion',0,NULL,1,NULL,NULL,NULL,NULL,NULL,102,NULL,0),
('6E27B5ACDC04AC6CA819D8906F46BB58','D8E58E608DB593F4EA32FC4605A2065E','fecha_creacion','datetime',0,'fecha_creacion',0,NULL,1,NULL,NULL,NULL,NULL,NULL,102,NULL,0),
('6EF24F4C7E3CD63AC58566197CD3B38F','490484A9474D03AB69738B7FC05D057C','fecha_creacion','datetime',0,'fecha_creacion',0,NULL,1,NULL,NULL,NULL,NULL,NULL,100,NULL,0),
('6F9D0B0EAE7A1782E46900E9C7C6D4A7','2FE54B9A5C2315738AB4209C7F9CF1AB','fecha_modificacion','datetime',0,'fecha_modificacion',0,NULL,1,NULL,NULL,NULL,NULL,NULL,NULL,NULL,NULL),
('71FFC9809EF315BE2BDC4A87CE55E4A5','7D2C9C0CF3B893CA6EC55DC070198D44','nombre','text',100,'nombre',0,NULL,0,NULL,NULL,NULL,NULL,NULL,2,NULL,NULL),
('723D1BBF9E39DD6698392F062D659971','ADFECBA489ED9C6AC1E43F0980D503A3','id','guid',32,'id',1,NULL,0,NULL,NULL,NULL,NULL,NULL,1,NULL,0),
('72700F99DB66EE6D1314C7AC6970A18F','35A30F1BCCCE6D3B8D512FAEAFCD6A01','columnas','int',50,'Columnas',0,NULL,0,NULL,NULL,NULL,NULL,NULL,4,NULL,0),
('731AC190C9A28152CA3BF29571032F78','6D6F9BEDBFD9D59CB53DAAFB6D5FD116','id_rol','guid',50,'Rol',0,NULL,0,'app_roles','id','nombre',NULL,NULL,2,'lookup',0),
('744BF2D0B196A9BB49CC283622841BE8','490484A9474D03AB69738B7FC05D057C','fecha_oferta','date',50,'Fecha Oferta',0,NULL,0,NULL,NULL,NULL,NULL,NULL,0,NULL,0),
('74DEEFEDC0787AE2772863B1F6C122C4','C36B36838A064DEBA5AC90B2361920CC','es_notificacion','int',0,'es_notificacion',0,NULL,0,NULL,NULL,NULL,NULL,'SI_NO',2,'option',0),
('74F3A23BF5B7E31527E494A61AA48FEC','490484A9474D03AB69738B7FC05D057C','importe_total','decimal',4,'Importe Total',0,'0',1,NULL,NULL,NULL,NULL,NULL,6,NULL,0),
('751F1B53126108CC56D7A46367E1C57B','C0F34C980D8AC44DAB5B7148A9669AD8','valido_hasta','date',50,'Valido Hasta',0,NULL,0,NULL,NULL,NULL,NULL,NULL,0,NULL,0),
('77175612A9007D3E863CE5274D86D40C','E7F8AB4799E0C27385B9F2ACBFEFF04C','nombre','text',50,'Nombre',0,NULL,0,NULL,NULL,NULL,NULL,NULL,0,NULL,0),
('782FEDC3B818A6C89BA5A0120CB0DC9B','3D87D8B6639DF0D570E9AB08F03853FD','iniciadas','calc',50,'Iniciadas',0,NULL,0,NULL,NULL,NULL,'select count(0) from app_tareas_proyectos where id_proyecto = {id} and estado_tarea=1',NULL,0,NULL,0),
('792DEDBEE46777B70E2B04B0367B9571','D0C612375F9E63892267287FC23D366E','id','guid',0,'id_param',1,NULL,0,NULL,NULL,NULL,NULL,NULL,1,NULL,0),
('7A4B3F632E9E53ED5F2B5021966163B2','2AAF5FB75C18B38E851D52C913976F89','inicial','int',50,'Vista inicial',0,'0',0,NULL,NULL,NULL,NULL,'SI_NO',1,'option',0),
('7AAFCF1E9275BE34067D80441DFB556F','E6DCE1A15EDC95C41F18041C935F9C8A','id','guid',32,'id',1,NULL,0,NULL,NULL,NULL,NULL,NULL,0,NULL,0),
('7F0D1CE60713426CB03230DEDB4C19ED','EB91FB64FE2288577B09EA24D0BB03C7','nombre','text',100,'nombre',0,NULL,0,NULL,NULL,NULL,NULL,NULL,1,NULL,NULL),
('80A7703BC2DFF40B2337A3C85B297B67','7D2C9C0CF3B893CA6EC55DC070198D44','imagen','file',50,'imagen',0,NULL,0,NULL,NULL,NULL,NULL,NULL,11,'image',0),
('8101B026AC810E0BA5E5F2F88BA054F0','C36B36838A064DEBA5AC90B2361920CC','id','guid',0,'id_consulta',1,NULL,0,NULL,NULL,NULL,NULL,NULL,0,NULL,0),
('813576E2891421E12E54C16BD4313E2F','A9BC1252645E7B10B92A1C75E8D6E4EF','filename','text',60,'filename',0,NULL,0,NULL,NULL,NULL,NULL,NULL,4,NULL,NULL),
('81769125D1C48B0D965529A0F7090C6D','F2E98165F53B6ECAD8E23D49268D731A','id_template','guid',50,'Plantilla',0,NULL,0,'app_report_templates','id','nombre',NULL,NULL,0,'lookup',0),
('81C5ED6920B49942BCD93E887B922D07','ADFECBA489ED9C6AC1E43F0980D503A3','region','text',50,'Region',0,NULL,0,NULL,NULL,NULL,NULL,NULL,9,NULL,0),
('82D4AAEA516B3F6063098DBB31B5D28E','A5C38664EA80732ED4E9625464F1253C','code','textarea',50,'Codigo PHP',0,NULL,0,NULL,NULL,NULL,NULL,NULL,5,'phpcode',0),
('8396E0A4930113D0D583F641037208A8','744B2497EDAF0D610DA0D599DAF7F1CF','name','text',100,'name',0,NULL,0,NULL,NULL,NULL,NULL,NULL,1,NULL,0),
('839CA396B8CAAAD22F6AC080C7EF8ED2','927B4B2178AA3CFE5FCF935A7E391068','write_access','int',50,'Escritura',0,'1',0,NULL,NULL,NULL,NULL,'SI_NO',4,'option',0),
('83B89C2E2C859D87509A56062F24462C','ADFECBA489ED9C6AC1E43F0980D503A3','nif','text',20,'NIF/CIF',0,NULL,0,NULL,NULL,NULL,NULL,NULL,4,NULL,0),
('86095496C75C2F2E4CD6948B6E9B37AB','BA0C16DF30A8A623EE49338EDBEFAB38','id','int',0,'id',1,NULL,0,NULL,NULL,NULL,NULL,NULL,0,NULL,0),
('8673FEA7E7B175DE2563BDFFB385DEFE','10E08475520D5CC7603685D7A6338443','fecha_modificacion','datetime',0,'fecha_modificacion',0,NULL,1,NULL,NULL,NULL,NULL,NULL,100,NULL,0),
('868716C27D9B1EBC732AB3BC8D48FB62','8A7584A9F47A9E6BD168FE208A4CBA9D','tipo_entidad','text',20,'Tipo Entidad',0,'table',0,NULL,NULL,NULL,NULL,'ENTITY_TYPE',3,'option',1),
('86D7ABFB7059397D9AE683E12089C948','CC4FC092381ABB28C3EF1F6F7160FC83','id','guid',32,'id',1,NULL,0,NULL,NULL,NULL,NULL,NULL,0,NULL,0),
('872A193ABF8F1CBD2728F0D225A6BBA0','68BE6D4857B45CC219DBA380485C0FBF','usuario','text',100,'usuario',0,NULL,0,NULL,NULL,NULL,NULL,NULL,2,NULL,0),
('87E2DAB62A36AED72339293FEC8C5381','801702C306589191B3D37121137E9449','id_grafico','guid',0,'id_grafico',0,NULL,0,'app_graphics','id','name',NULL,NULL,6,'lookup',0),
('88C6B792907C6C365CBBD38FD5218139','C36B36838A064DEBA5AC90B2361920CC','nombre','text',100,'nombre',0,NULL,0,NULL,NULL,NULL,NULL,NULL,1,NULL,NULL),
('88FB98A28E5EAAA863C3EAB71992F2AD','8E27B7F53F2D021DE191FB39E1FE333E','id_entity','guid',50,'Entidad',0,NULL,0,'app_entities','id','entity',NULL,NULL,1,'lookup',1),
('8966A2AF6D0695A6FE0A0DC77EC271E2','8CD7AC1F9330314D645F44BFAD6749C4','cantidad','decimal',50,'Cantidad',0,'1',0,NULL,NULL,NULL,NULL,NULL,5,NULL,0),
('89773996BF97764AD05164DBF42C40A5','4AA656B01E4CC29891C6BB33A495B42E','valor','text',50,'valor',0,NULL,0,NULL,NULL,NULL,NULL,NULL,4,NULL,1),
('8B22C80B47C4ADD0D1610765DF1F791B','CC4FC092381ABB28C3EF1F6F7160FC83','icon','text',50,'Fontawesome icon',0,NULL,0,NULL,NULL,NULL,NULL,NULL,5,NULL,0),
('8B7FDEAC9888C2C3EA865EA523D3D8A2','7D2C9C0CF3B893CA6EC55DC070198D44','coste','decimal',50,'Coste',0,'0',0,NULL,NULL,NULL,NULL,NULL,6,NULL,0),
('8CD13FA361A66225B4A49D8E9C3274C5','A5C38664EA80732ED4E9625464F1253C','estado','int',0,'Estado',0,'',0,'','','','','ESTADOS',1,'option',NULL),
('8CDB42F46CB7AE0233FA2AD7349B9FBB','4AA656B01E4CC29891C6BB33A495B42E','fecha_creacion','datetime',0,'fecha_creacion',0,NULL,1,NULL,NULL,NULL,NULL,NULL,99,NULL,0),
('8CDB72A0737D96990FC76A50F04B8AF8','8CD7AC1F9330314D645F44BFAD6749C4','impuestos','decimal',50,'Impuestos',0,'0',1,NULL,NULL,NULL,NULL,NULL,7,NULL,0),
('8DA6F4D3D1B407CA834E26B806357555','4AA656B01E4CC29891C6BB33A495B42E','orden','int',50,'orden',0,NULL,0,NULL,NULL,NULL,NULL,NULL,3,NULL,0),
('8E6AF424A8678C2D60A36A7B178AD422','488561E4956B42F22BBD6C4DF6E1C67A','fecha_modificacion','datetime',0,'fecha_modificacion',0,NULL,1,NULL,NULL,NULL,NULL,NULL,99,NULL,0),
('8EA75ADB3588073F3BA26CE7B541CC52','68BE6D4857B45CC219DBA380485C0FBF','fecha_creacion','datetime',0,'fecha_creacion',0,NULL,1,NULL,NULL,NULL,NULL,NULL,5,NULL,NULL),
('8ED7C3DB4C10A6CBFF6176EECDB2D921','E7F8AB4799E0C27385B9F2ACBFEFF04C','apellidos','text',50,'Apellidos',0,NULL,0,NULL,NULL,NULL,NULL,NULL,0,NULL,0),
('8F94C313BBC49874CDF15AE6C88F4D2B','05AF0FD523FA0720A9A13883EA3F9328','cif','text',50,'CIF',0,NULL,0,NULL,NULL,NULL,NULL,NULL,0,NULL,1),
('900A5D2E31AFC80D15460003A2F0A9A0','3CF1E2021536FE5F6A1E975A2CEEDA01','id','guid',32,'id',1,NULL,0,NULL,NULL,NULL,NULL,NULL,0,NULL,0),
('9065F52A5E8B6AB4966B1EE53871E73E','A68EEE98E6B4784D4DFFC8BD9102F849','query','textarea',65535,'query',0,NULL,0,NULL,NULL,NULL,NULL,NULL,4,NULL,NULL),
('90C8DCB18A4A9916C6472C7C7B8B5841','A68EEE98E6B4784D4DFFC8BD9102F849','label_field','text',255,'Label field',0,NULL,0,NULL,NULL,NULL,NULL,NULL,6,NULL,1),
('91BA25859A993A21AD55C58C782D2DA0','801702C306589191B3D37121137E9449','label','text',50,'Label de la vista',0,NULL,0,NULL,NULL,NULL,NULL,NULL,8,NULL,0),
('91FB9BCD634B119BEA89CD16045617B7','8CD7AC1F9330314D645F44BFAD6749C4','orden','int',50,'Orden',0,NULL,0,NULL,NULL,NULL,NULL,NULL,2,NULL,0),
('9212F033FD4760DA6424E94F04260850','05AF0FD523FA0720A9A13883EA3F9328','fecha_modificacion','datetime',0,'fecha_modificacion',0,NULL,1,NULL,NULL,NULL,NULL,NULL,99,NULL,0),
('9375BBE70E95B2E1C7B1A2A877410797','AE00BE37D35639F34D0549EBA5B455FB','codpostal','text',20,'Código Postal',0,NULL,0,NULL,NULL,NULL,NULL,NULL,10,NULL,0),
('93A8F3861B9E24E0B5D2300CBA443013','7358E0983B0D29080F4A52510854211B','id_dominio','guid',50,'Dominio',0,NULL,0,'app_dominios','id','nombre',NULL,NULL,1,'lookup',1),
('93BEFB82CCAE9C6E3C76AB6BE07B1CB9','BAEE82C788A6272E749AB4DE5661FEF6','nombre','text',100,'nombre',0,NULL,0,NULL,NULL,NULL,NULL,NULL,4,NULL,1),
('94336BA3230ED4B6981E8BF7125B02A0','C0F34C980D8AC44DAB5B7148A9669AD8','id_empresa','guid',50,'Empresa',0,NULL,0,'app_empresas','id','empresa',NULL,NULL,8,'lookup',1),
('94522D916DBFCAA578EF968FBA6DF83C','2AAF5FB75C18B38E851D52C913976F89','query','textarea',65535,'query',0,NULL,0,NULL,NULL,NULL,NULL,NULL,5,NULL,NULL),
('95017DF70A3E1244CDC0695684401C26','B5C1929F74F23B89F862B0D372CD71D1','filename','text',60,'filename',0,NULL,0,NULL,NULL,NULL,NULL,NULL,4,NULL,NULL),
('962541EFCEF43DB8434B246D9139FDFB','4AA656B01E4CC29891C6BB33A495B42E','fecha_modificacion','datetime',0,'fecha_modificacion',0,NULL,1,NULL,NULL,NULL,NULL,NULL,100,NULL,0),
('96DBB0FD7C9B3F15BB339DDE52B79555','E7F8AB4799E0C27385B9F2ACBFEFF04C','id','guid',0,'id',1,NULL,0,NULL,NULL,NULL,NULL,NULL,0,NULL,0),
('971193E07DDD8FAD23206BACF11B5849','C0F34C980D8AC44DAB5B7148A9669AD8','titulo','text',255,'Título',0,NULL,0,NULL,NULL,NULL,NULL,NULL,0,NULL,1),
('97D665B044F3359C132285AA3B68D27F','7535F4201F546632A5522B98C33EB9E8','id','guid',32,'id',1,NULL,0,NULL,NULL,NULL,NULL,NULL,0,NULL,0),
('97E6810200B7C8B83F44108103DAAD31','2AAF5FB75C18B38E851D52C913976F89','up_down_field','text',50,'up_down_field',0,NULL,0,NULL,NULL,NULL,NULL,NULL,10,NULL,0),
('996A99FBD00731EAD0F7BC73BF50A066','BAEE82C788A6272E749AB4DE5661FEF6','fecha_modificacion','datetime',0,'fecha_modificacion',0,NULL,1,NULL,NULL,NULL,NULL,NULL,7,NULL,NULL),
('997C8CD741D3E1A2BC5A85CDFBA16DAD','927B4B2178AA3CFE5FCF935A7E391068','id_rol','guid',50,'Rol',0,NULL,0,'app_roles','id','nombre',NULL,NULL,2,'lookup',0),
('999E6C68878F4986034F1D37ACBC7858','BAEE82C788A6272E749AB4DE5661FEF6','descripcion','textarea',500,'Descripción',0,NULL,0,NULL,NULL,NULL,NULL,NULL,5,'richtext_simple',0),
('99D173B47084C7613A42AA360C4BCC1F','2AAF5FB75C18B38E851D52C913976F89','image_fields','text',100,'Campos Imagen',0,NULL,0,NULL,NULL,NULL,NULL,NULL,9,NULL,0),
('99D86ED4499F59843C661B71B18400B3','7358E0983B0D29080F4A52510854211B','dominio','text',50,'cod_dominio',0,NULL,0,NULL,NULL,NULL,NULL,NULL,0,NULL,0),
('99EE8BB75826A53EB21A650A93AFA930','B0D9EB0533F678EA863976D6C156CD0E','label','text',100,'Label',0,NULL,0,NULL,NULL,NULL,NULL,NULL,4,NULL,0),
('9A00787CB5B8EF5CD86122A37F79EC10','A9BC1252645E7B10B92A1C75E8D6E4EF','code','textarea',50,'Codigo Script',0,NULL,0,NULL,NULL,NULL,NULL,NULL,5,'javascript',0),
('9AC94D9008A3C825BA8CBD8ACDCB92EA','6D6F9BEDBFD9D59CB53DAAFB6D5FD116','id_usuario','guid',50,'Usuario',0,NULL,0,'usuarios','id','login',NULL,NULL,1,'lookup',0),
('9B04B0BBC7A832E7656FB815C0C6B2C8','68BE6D4857B45CC219DBA380485C0FBF','fecha_modificacion','datetime',0,'fecha_modificacion',0,NULL,1,NULL,NULL,NULL,NULL,NULL,5,NULL,NULL),
('9B2EBD4000CD4B75A0773E7667A32EBC','A2E724802474447FBEC81BEC164A8874','fecha_modificacion','datetime',0,'fecha_modificacion',0,NULL,1,NULL,NULL,NULL,NULL,NULL,NULL,NULL,NULL),
('9B73328C793D1E706C39F8691268824C','D0C612375F9E63892267287FC23D366E','param','text',50,'param',0,NULL,0,NULL,NULL,NULL,NULL,NULL,2,NULL,NULL),
('9BF24EC2645550BD7E142B8C1C470052','ADFECBA489ED9C6AC1E43F0980D503A3','telefono','text',50,'Teléfono',0,NULL,0,NULL,NULL,NULL,NULL,NULL,5,NULL,0),
('9DC567A6C1E0B9893CFD6D3796F52A3A','D8E58E608DB593F4EA32FC4605A2065E','orden','int',50,'Orden',0,NULL,0,NULL,NULL,NULL,NULL,NULL,2,NULL,0),
('9DE7BA61374DD6EEE3E02067706131E5','7D2C9C0CF3B893CA6EC55DC070198D44','precio','decimal',50,'Precio',0,'0',0,NULL,NULL,NULL,NULL,NULL,5,NULL,0),
('9E0F6D246C87A12D425394E8C49E4D8B','A5C38664EA80732ED4E9625464F1253C','filename','text',60,'filename',0,NULL,0,NULL,NULL,NULL,NULL,NULL,4,NULL,0),
('9F1FC74B2D5F4C9B645CE375AC342131','2AAF5FB75C18B38E851D52C913976F89','name','text',255,'name',0,NULL,0,NULL,NULL,NULL,NULL,NULL,2,NULL,1),
('9F5B4BD0DED4D9407FB1EBF909DD903C','C0F34C980D8AC44DAB5B7148A9669AD8','codigo','text',100,'codigo',0,NULL,1,NULL,NULL,NULL,NULL,NULL,1,NULL,0),
('9FD750A8402BDD8A83D58DFA98BF5FB2','490484A9474D03AB69738B7FC05D057C','valido_hasta','date',50,'Valido Hasta',0,NULL,0,NULL,NULL,NULL,NULL,NULL,0,NULL,0),
('A0029EACAD3521FB5944C1E1848FBDA8','801702C306589191B3D37121137E9449','view_column_rel','text',50,'view_column_rel',0,'',0,'','','','','',7,'',NULL),
('A20B177C9DDAAD4914B6EF2767B63552','D15D4315C5B64BB2E6E17E0A4EBEB319','orden','int',50,'Orden',0,'0',0,NULL,NULL,NULL,NULL,NULL,2,NULL,1),
('A2144D921F3BB4DF9B7FA8D3985DAD25','8A7584A9F47A9E6BD168FE208A4CBA9D','singular_name','text',100,'singular_name',0,NULL,0,NULL,NULL,NULL,NULL,NULL,4,NULL,1),
('A30368C75F8F36AA2E6C1D011649236F','F2E98165F53B6ECAD8E23D49268D731A','query','textarea',65535,'query',0,NULL,0,NULL,NULL,NULL,NULL,NULL,3,NULL,NULL),
('A448CAB64532B911491DA3F555E8386D','D549E0FA5CB115B1904768FC95526F79','status','status',50,'status',0,NULL,0,NULL,NULL,NULL,NULL,'ESTADOS',2,'option',0),
('A61EB2294E9F2F77F58D2C554BD75174','744B2497EDAF0D610DA0D599DAF7F1CF','on_update','text',50,'On Update',0,'restrict',0,NULL,NULL,NULL,NULL,'RELATION_VEH',6,'option',0),
('A74A99BA573A1FB76C5CF1BCDD00AAE4','E7F8AB4799E0C27385B9F2ACBFEFF04C','login','text',50,'login',0,NULL,0,NULL,NULL,NULL,NULL,NULL,1,NULL,1),
('A8199873BD1288C9ABCC60E59896CC26','4AA656B01E4CC29891C6BB33A495B42E','nombre','text',100,'nombre',0,NULL,0,NULL,NULL,NULL,NULL,NULL,1,NULL,NULL),
('A98268F9D96492B6A891F77AF81B870C','20AB28F839675213390C76A55A267945','id_proceso','guid',50,'Proceso',0,NULL,0,'app_proceso_entidad','id','nombre',NULL,NULL,1,'lookup',1),
('AA74F02D1441B9FB55D111FAA67212E1','A2E724802474447FBEC81BEC164A8874','fecha_creacion','datetime',0,'fecha_creacion',0,NULL,1,NULL,NULL,NULL,NULL,NULL,NULL,NULL,NULL),
('AA80C09D3CEF8E375DB781F8F0607A55','1B3F721BFCC5F62CCE53549FD27C35D6','id','int',0,'id',1,NULL,0,NULL,NULL,NULL,NULL,NULL,1,NULL,NULL),
('AA897F7A5687FCCB21FF5975B85E75E3','C0F34C980D8AC44DAB5B7148A9669AD8','fecha_modificacion','datetime',0,'fecha_modificacion',0,NULL,1,NULL,NULL,NULL,NULL,NULL,99,NULL,0),
('AB6692540A79D5108CE089A295532237','BAEE82C788A6272E749AB4DE5661FEF6','id','guid',32,'id',1,NULL,0,NULL,NULL,NULL,NULL,NULL,0,NULL,0),
('ABF9FC61FAC3CC7C97F7027A8E301225','A5C38664EA80732ED4E9625464F1253C','id','int',0,'id',1,'',0,'','','','','',0,'',NULL),
('AD2E38F0B318793E2E65E20FC8032449','801702C306589191B3D37121137E9449','id','guid',0,'id',1,NULL,0,NULL,NULL,NULL,NULL,NULL,0,NULL,0),
('AD868FD1E73C84AA0320DED9B4D84D84','C0F34C980D8AC44DAB5B7148A9669AD8','fecha_prevista_entrega','date',50,'Fecha Prevista Entrega',0,NULL,0,NULL,NULL,NULL,NULL,NULL,0,NULL,0),
('AE4BAB429A8B16B5881B7B484F46F608','D8E58E608DB593F4EA32FC4605A2065E','cantidad','decimal',50,'Cantidad',0,'1',0,NULL,NULL,NULL,NULL,NULL,5,NULL,0),
('AE6BE5D7FECF0E6242305B9701BA2E6A','7D2C9C0CF3B893CA6EC55DC070198D44','code','text',50,'Codigo',0,NULL,0,NULL,NULL,NULL,NULL,NULL,3,NULL,0),
('AEC625B95A2432B9A2760A831C65F92B','8CD7AC1F9330314D645F44BFAD6749C4','id_producto','guid',50,'Producto',0,NULL,0,'productos','id','nombre',NULL,NULL,3,'lookup',0),
('B050FAE5A339D4EC896564F25A778482','BA0C16DF30A8A623EE49338EDBEFAB38','user_control','text',20,'User Control',0,'',0,'','','','','CONTROL_TYPE',17,'option',NULL),
('B24621A48B4212A64AAA8B68F34C8294','C0F34C980D8AC44DAB5B7148A9669AD8','estado','int',50,'Estado',0,'0',0,NULL,NULL,NULL,NULL,'ESTADO_PEDIDO',0,'option',0),
('B27D61A8A4D766F02DA9344341938ADA','3D87D8B6639DF0D570E9AB08F03853FD','fecha_creacion','datetime',0,'fecha_creacion',0,NULL,1,NULL,NULL,NULL,NULL,NULL,2,NULL,NULL),
('B37FE1833F9C50FC104FB0B531E3BA4A','2FE54B9A5C2315738AB4209C7F9CF1AB','equipo','text',100,'equipo',0,NULL,0,NULL,NULL,NULL,NULL,NULL,NULL,NULL,NULL),
('B3C482BFCA9363B68198A31DBE928D04','3CF1E2021536FE5F6A1E975A2CEEDA01','nombre','text',100,'nombre',0,NULL,0,NULL,NULL,NULL,NULL,NULL,1,NULL,NULL),
('B41133C098ECE41588494ABA65276BD6','490484A9474D03AB69738B7FC05D057C','id_cuenta','guid',50,'Cliente',0,NULL,0,'ventas_cuentas','id','nombre',NULL,NULL,2,'lookup',1),
('B48597C0C7C04C389012AFFCCDA73168','7535F4201F546632A5522B98C33EB9E8','nombre','text',100,'nombre',0,NULL,0,NULL,NULL,NULL,NULL,NULL,2,NULL,NULL),
('B4C03213064D4FF7247DE63457EAC350','7D2C9C0CF3B893CA6EC55DC070198D44','id_impuesto','guid',50,'Impuesto',0,NULL,0,'impuestos','id','nombre',NULL,NULL,7,'lookup',1),
('B55C04D0D5E7C3E1A6EA5DEFD823A53C','E6DCE1A15EDC95C41F18041C935F9C8A','contenido','textarea',50,'contenido',0,NULL,0,NULL,NULL,NULL,NULL,NULL,2,'richtext',0),
('B600746D187B87F7B8210DE96FF1B723','B0D9EB0533F678EA863976D6C156CD0E','nombre','text',100,'nombre',0,NULL,0,NULL,NULL,NULL,NULL,NULL,3,NULL,0),
('B634CA9DA5B2566A56FA5B356A04FB25','20AB28F839675213390C76A55A267945','id','guid',32,'id',1,NULL,0,NULL,NULL,NULL,NULL,NULL,0,NULL,0),
('B7023829DBA2E4E8BD620F9A42A09CFA','490484A9474D03AB69738B7FC05D057C','notas','textarea',50,'Notas a Pie',0,NULL,0,NULL,NULL,NULL,NULL,NULL,0,'richtext_simple',0),
('B73DD97512F12C9EB38BC7B1EDA6AFC9','35A30F1BCCCE6D3B8D512FAEAFCD6A01','nombre','text',100,'nombre',0,'',0,'','','','','',2,'',NULL),
('B78D3479DF8383560A2C9F28967F91AF','ADFECBA489ED9C6AC1E43F0980D503A3','fecha_creacion','datetime',0,'fecha_creacion',0,NULL,1,NULL,NULL,NULL,NULL,NULL,100,NULL,0),
('B82A397361F037FB6236387E684D7B28','AAF9DC82ED5D22043CC3AE2A9FF0825F','longitud','int',50,'Longitud',0,'6',0,NULL,NULL,NULL,NULL,NULL,5,NULL,1),
('B86819B926CC5BD19EDB2EA28F9D830E','A2E724802474447FBEC81BEC164A8874','familia','text',100,'familia',0,NULL,0,NULL,NULL,NULL,NULL,NULL,NULL,NULL,NULL),
('B9B5F0F037CD7EA35A31E806C9D394C3','F2E98165F53B6ECAD8E23D49268D731A','resultado','text',50,'Resultado',0,'multiple',0,NULL,NULL,NULL,NULL,'RPT_QUERY_RESULT',2,'option',0),
('BA0F85F0310223021BC022C12A7FCBD6','383D9E6BA1659044E079B71BCE51FE19','nombre','text',100,'nombre',0,'',0,'','','','','',2,'',NULL),
('BA14A6C1B11D793689E6C5D0DFBD71AB','A9BC1252645E7B10B92A1C75E8D6E4EF','id','int',0,'id',1,NULL,0,NULL,NULL,NULL,NULL,NULL,0,NULL,NULL),
('BAADED9D19808B9F0EF135B9F8D77645','A68EEE98E6B4784D4DFFC8BD9102F849','id_entity','guid',0,'Entidad',0,NULL,0,'app_entities','id','entity',NULL,NULL,2,'lookup',0),
('BC345A6FC8D039628841F63E4D87DC1C','B0D9EB0533F678EA863976D6C156CD0E','fecha_modificacion','datetime',0,'fecha_modificacion',0,NULL,1,NULL,NULL,NULL,NULL,NULL,100,NULL,0),
('BC555AB97F0846D6F734B8BC171A79CF','D8E58E608DB593F4EA32FC4605A2065E','id_producto','guid',50,'Producto',0,NULL,0,'productos','id','nombre',NULL,NULL,3,'lookup',0),
('BCB086C23149070550AAC65DD566FCEB','ADFECBA489ED9C6AC1E43F0980D503A3','direccion2','text',255,'Dirección 2',0,NULL,0,NULL,NULL,NULL,NULL,NULL,6,NULL,0),
('BCD20D12F44C41E66BFA4C64565B7A15','BA7DBD3B1AD6A8EF5F9480A409E749B1','id_empresa','guid',50,'Empresa',0,NULL,0,'app_empresas','id','empresa',NULL,NULL,2,'lookup',1),
('BD46D36CA389FFE59C9AD1EB4E35072D','10E08475520D5CC7603685D7A6338443','id','guid',32,'id',1,NULL,0,NULL,NULL,NULL,NULL,NULL,0,NULL,0),
('BDAB276DF070057EF735BBDFB882446B','8CD7AC1F9330314D645F44BFAD6749C4','total_impuestos','decimal',50,'Total Impuestos',0,'0',1,NULL,NULL,NULL,NULL,NULL,9,NULL,0),
('BDE6227ABA74321345D4E73F59D0BAFF','BA0C16DF30A8A623EE49338EDBEFAB38','lookup_description','text',50,'lookup_description',0,'',0,'','','','','',12,'',NULL),
('BE8A72030E8AFA9840D7B46A4DA8C3CF','AE00BE37D35639F34D0549EBA5B455FB','region','text',50,'Region',0,NULL,0,NULL,NULL,NULL,NULL,NULL,9,NULL,0),
('BE96DE1038963580D47D13EE2F37A5F4','E6DCE1A15EDC95C41F18041C935F9C8A','fecha_creacion','datetime',0,'fecha_creacion',0,NULL,1,NULL,NULL,NULL,NULL,NULL,99,NULL,0),
('BFA84A41CCFBDE0EC6F4BA765BC54C5F','801702C306589191B3D37121137E9449','control_type','text',50,'control_type',0,'',0,'','','','','FORM_ITEM',4,'option',NULL),
('C08B188E5D0A0BB7650C297A4501CADD','C0F34C980D8AC44DAB5B7148A9669AD8','fecha_creacion','datetime',0,'fecha_creacion',0,NULL,1,NULL,NULL,NULL,NULL,NULL,100,NULL,0),
('C1610763D8CF060F21BE30C60430F186','4AA656B01E4CC29891C6BB33A495B42E','estado_registro','int',50,'Estado del registro',0,'1',0,NULL,NULL,NULL,NULL,'ESTADOS',5,'option',0),
('C3143DA3D2043789C7635B6144EECDC5','7535F4201F546632A5522B98C33EB9E8','fecha_modificacion','datetime',0,'fecha_modificacion',0,NULL,1,NULL,NULL,NULL,NULL,NULL,4,NULL,NULL),
('C3831B9EDA32DC87882C1498FB632A83','C36B36838A064DEBA5AC90B2361920CC','query_json','textarea',50,'Consulta JSON',0,NULL,1,NULL,NULL,NULL,NULL,NULL,4,NULL,0),
('C3A38D52FBD2E42D2495291F2335D9D7','10E08475520D5CC7603685D7A6338443','fecha_creacion','datetime',0,'fecha_creacion',0,NULL,1,NULL,NULL,NULL,NULL,NULL,101,NULL,0),
('C3F5822A170EF5DFA9A7561CFB66FAD5','8A7584A9F47A9E6BD168FE208A4CBA9D','descripcion','text',255,'descripcion',0,NULL,0,NULL,NULL,NULL,NULL,NULL,7,NULL,0),
('C4191F8980100FA42458A7407528D366','490484A9474D03AB69738B7FC05D057C','codigo','text',100,'codigo',0,NULL,1,NULL,NULL,NULL,NULL,NULL,1,NULL,0),
('C41F7C798F654BDD510CFDD035B1596C','BA0C16DF30A8A623EE49338EDBEFAB38','max','int',0,'max',0,'50',0,NULL,NULL,NULL,NULL,NULL,5,NULL,0),
('C4F561DBB3528BB4F4560B98494555B6','D8E58E608DB593F4EA32FC4605A2065E','Concepto','textarea',100,'Concepto',0,NULL,0,NULL,NULL,NULL,NULL,NULL,4,'richtext_simple',0),
('C51F365BFDF6A4FDD1F63CE05CCE232C','C0F34C980D8AC44DAB5B7148A9669AD8','total_impuestos','decimal',4,'Total impuestos',0,'0',1,NULL,NULL,NULL,NULL,NULL,5,NULL,0),
('C6F6A8305773285D999DEA316746E12B','BA0C16DF30A8A623EE49338EDBEFAB38','required','int',50,'Requerido',0,'0',0,'','','','','SI_NO',18,'option',0),
('C8883FB7BD0C046EE2AB05914CC764FA','20AB28F839675213390C76A55A267945','fecha_modificacion','datetime',0,'fecha_modificacion',0,NULL,1,NULL,NULL,NULL,NULL,NULL,6,NULL,NULL),
('C8DDD40466BA20A47A5E6F242CF156AE','D549E0FA5CB115B1904768FC95526F79','fecha_creacion','datetime',0,'fecha_creacion',0,NULL,1,NULL,NULL,NULL,NULL,NULL,103,NULL,0),
('CA3A5E007667A39FE74E5E1A4BA212A8','05AF0FD523FA0720A9A13883EA3F9328','gastos_envio','decimal',50,'gastos de envio',0,'14',0,NULL,NULL,NULL,NULL,NULL,0,NULL,0),
('CA47D6EF7CC1D897B29A2804CBAFC1AE','801702C306589191B3D37121137E9449','custom_section','text',50,'Codigo seccion custom',0,NULL,0,NULL,NULL,NULL,NULL,NULL,11,NULL,0),
('CA6F63AB1819626FB0A149C7480238AC','2AAF5FB75C18B38E851D52C913976F89','id_entity','guid',0,'Entidad',0,NULL,0,'app_entities','id','entity',NULL,NULL,3,'lookup',0),
('CAE5F5A0E5F61A357E30BAC4E807A9EE','AE00BE37D35639F34D0549EBA5B455FB','ciudad','text',100,'Ciudad',0,NULL,0,NULL,NULL,NULL,NULL,NULL,8,NULL,0),
('CB56FB3399CBE517F8694FDADE4C0D8F','CC4FC092381ABB28C3EF1F6F7160FC83','type','text',50,'Tipo Botón',0,NULL,0,NULL,NULL,NULL,NULL,'BUTTON_TYPE',3,'option',1),
('CC040103CB642F9A81B9C3F7C9CFF6B1','D549E0FA5CB115B1904768FC95526F79','id','guid',32,'id',1,NULL,0,NULL,NULL,NULL,NULL,NULL,0,NULL,0),
('CCEADD71BD46A3E8530ADBE79AE80968','490484A9474D03AB69738B7FC05D057C','id','guid',32,'id',1,NULL,0,NULL,NULL,NULL,NULL,NULL,0,NULL,0),
('CD94D0AFFAC7E94DD4349B3162C6B231','E4FE6D68F9B641C7958DD0221D953E3C','nombre','text',100,'nombre',0,NULL,0,NULL,NULL,NULL,NULL,NULL,2,NULL,NULL),
('CDB1AFBC072ECC4C4CA864DAA4A39DE3','3CF1E2021536FE5F6A1E975A2CEEDA01','fecha_creacion','datetime',0,'fecha_creacion',0,NULL,1,NULL,NULL,NULL,NULL,NULL,2,NULL,NULL),
('CEEDDDD32AED6122B1745F9339A53722','490484A9474D03AB69738B7FC05D057C','total_impuestos','decimal',4,'Total impuestos',0,'0',1,NULL,NULL,NULL,NULL,NULL,5,NULL,0),
('CF963C04652F3DE133153130BE97FB18','8CD7AC1F9330314D645F44BFAD6749C4','precio','decimal',50,'Precio',0,'0',0,NULL,NULL,NULL,NULL,NULL,5,NULL,0),
('D1729CD46477556327E1018F7AA676A7','383D9E6BA1659044E079B71BCE51FE19','id_tab','guid',50,'Pestaña',0,NULL,0,'app_form_tabs','id','nombre',NULL,NULL,4,'lookup',0),
('D18A5EC8C568D9F5CF5E60EB0E2A0A9E','7535F4201F546632A5522B98C33EB9E8','porcentaje','decimal',50,'Porcentaje',0,'0',0,NULL,NULL,NULL,NULL,NULL,2,NULL,1),
('D1D6B9A0289B1404DFE6BCED5FB305EF','A5C38664EA80732ED4E9625464F1253C','id_entity','guid',0,'id_entity',0,NULL,0,'app_entities','id','entity',NULL,NULL,2,'lookup',0),
('D1DF70790A761A93DE7781A6EDEB7E41','6D6F9BEDBFD9D59CB53DAAFB6D5FD116','id','guid',32,'id',1,NULL,0,NULL,NULL,NULL,NULL,NULL,0,NULL,0),
('D286E264C9B4D1E7DD8EB1DAB76D1631','E4FE6D68F9B641C7958DD0221D953E3C','id_entity','guid',50,'Entidad',0,NULL,0,'app_entities','id','entity',NULL,NULL,1,'lookup',0),
('D324AC47D40063FCC5A90197A47DEF15','05AF0FD523FA0720A9A13883EA3F9328','id','guid',32,'id',1,NULL,0,NULL,NULL,NULL,NULL,NULL,0,NULL,0),
('D378154B3F4DA8A59CAE7251434567F4','AE00BE37D35639F34D0549EBA5B455FB','email','text',50,'Email',0,NULL,0,NULL,NULL,NULL,NULL,NULL,3,NULL,0),
('D395B824C5A4E2E1527F85E8BC868300','BA0C16DF30A8A623EE49338EDBEFAB38','hidden','int',0,'Hidden (Primary key)',0,'0',0,NULL,NULL,NULL,NULL,'SI_NO',7,'option',0),
('D3BB66C4FB185C04E08DD02EA3B5D777','B5C1929F74F23B89F862B0D372CD71D1','id_module','guid',0,'id_module',0,NULL,0,'app_modules','id','module',NULL,NULL,2,'lookup',0),
('D40F734DF62EA3954FBB8467EA58D720','490484A9474D03AB69738B7FC05D057C','status','status',50,'Estado del registro',0,'1',0,NULL,NULL,NULL,NULL,'ESTADOS',0,'option',0),
('D4ABB04AA2C4B3F11883D22EAA327F3A','801702C306589191B3D37121137E9449','dbcolumn','text',50,'dbcolumn',0,NULL,0,'app_entity_columns',NULL,NULL,'select cols.dbcolumn, cols.dbcolumn as descripcion\r\nfrom app_entity_columns as cols\r\ninner join app_forms as f on cols.id_entity = f.id_entity\r\ninner join app_form_areas as a on f.id = a.id_form\r\ninner join app_form_sections as  s on a.id = s.id_area\r\nwhere s.id = {id_seccion}\r\norder by dbcolumn',NULL,5,'option',0),
('D4B839C589DF662B937F085EAA20FC17','F2E98165F53B6ECAD8E23D49268D731A','nombre','text',100,'nombre',0,NULL,0,NULL,NULL,NULL,NULL,NULL,1,NULL,NULL),
('D4D7F8132A7DF3B625C31B306150C7CF','C0F34C980D8AC44DAB5B7148A9669AD8','total_neto','decimal',4,'Total Neto',0,'0',1,NULL,NULL,NULL,NULL,NULL,3,NULL,0),
('D55EF063DCBF36C4310C771963272185','D8E58E608DB593F4EA32FC4605A2065E','total_neto','decimal',50,'Total Neto',0,'0',1,NULL,NULL,NULL,NULL,NULL,8,NULL,0),
('D63FFE51FB524829A471D12C71E778A3','A9BC1252645E7B10B92A1C75E8D6E4EF','id_entity','guid',0,'id_entity',0,NULL,0,'app_entities','id','entity',NULL,NULL,2,'lookup',0),
('D69E0E88F9778DF5E4F9103A68DF2DD5','1B3F721BFCC5F62CCE53549FD27C35D6','nombre','text',100,'nombre',0,NULL,0,NULL,NULL,NULL,NULL,NULL,2,NULL,NULL),
('D6B20F6632E50051BB574C90AF5AAA75','BA0C16DF30A8A623EE49338EDBEFAB38','label','text',50,'label',0,NULL,0,NULL,NULL,NULL,NULL,NULL,2,NULL,1),
('D6FF02271FFE678A935C34BCE88E7B41','2AAF5FB75C18B38E851D52C913976F89','order_by','text',255,'order_by',0,NULL,0,NULL,NULL,NULL,NULL,NULL,6,NULL,1),
('D738319CA9E5E91D05A839FC29DA7099','BA0C16DF30A8A623EE49338EDBEFAB38','dbcolumn','text',50,'column',0,NULL,0,NULL,NULL,NULL,NULL,NULL,3,NULL,1),
('D824A1CD5627190F4EC3E80FE4F871B1','801702C306589191B3D37121137E9449','width','text',20,'Ancho',0,'col-100',0,NULL,NULL,NULL,NULL,'CONTROL_WIDTH',2,'option',1),
('D85DACCB5AD57DA6493EE1801A0E90A3','D549E0FA5CB115B1904768FC95526F79','campo_entidad','text',50,'Campo entidad',0,NULL,0,NULL,NULL,NULL,NULL,NULL,3,NULL,0),
('D91B6B428A4159B3308BE2AE37804E3F','ADFECBA489ED9C6AC1E43F0980D503A3','nombre','text',100,'nombre',0,NULL,0,NULL,NULL,NULL,NULL,NULL,2,NULL,1),
('D94658EB1445294F9FF0653939404BCA','05AF0FD523FA0720A9A13883EA3F9328','fecha_creacion','datetime',0,'fecha_creacion',0,NULL,1,NULL,NULL,NULL,NULL,NULL,NULL,NULL,NULL),
('D97A8EC4DEF3828215E9A89985F7BC04','CC4FC092381ABB28C3EF1F6F7160FC83','nombre','text',100,'nombre',0,NULL,0,NULL,NULL,NULL,NULL,NULL,2,NULL,NULL),
('D9864342D7E6237A14911CF75D81D7BE','A68EEE98E6B4784D4DFFC8BD9102F849','name','text',255,'name',0,NULL,0,NULL,NULL,NULL,NULL,NULL,1,NULL,1),
('DA1A35DD1BAEDD3B711F8E2B14B17E3A','744B2497EDAF0D610DA0D599DAF7F1CF','id_related_entity','guid',50,'Entidad Relacionada',0,NULL,0,'app_entities','id','entity',NULL,NULL,4,'lookup',0),
('DA48F52AEC4F935357B557253C1267E3','744B2497EDAF0D610DA0D599DAF7F1CF','field','text',50,'Campo',0,NULL,0,NULL,NULL,NULL,NULL,NULL,3,NULL,1),
('DA7503D557BACE45BCC5BBD17843E9BC','3D87D8B6639DF0D570E9AB08F03853FD','terminadas','calc',50,'Terminadas',0,NULL,0,NULL,NULL,NULL,'select count(0) from app_tareas_proyectos where id_proyecto = {id} and estado_tarea=2',NULL,0,NULL,0),
('DABF845C3B0E6376D6846F1E5DC1A2B2','A9BC1252645E7B10B92A1C75E8D6E4EF','estado','int',0,'Estado',0,NULL,0,NULL,NULL,NULL,NULL,'ESTADOS',1,'option',NULL),
('DC1F7940851A92F51ABCBC28127C3E30','7D2C9C0CF3B893CA6EC55DC070198D44','descripcion','textarea',50,'Descripcion',0,NULL,0,NULL,NULL,NULL,NULL,NULL,10,'richtext',0),
('DDD24A3D20389017B1B2032AC6C5361E','B5C1929F74F23B89F862B0D372CD71D1','id','int',0,'id',1,NULL,0,NULL,NULL,NULL,NULL,NULL,0,NULL,NULL),
('DF8F6E1751464897A30EECD7B82C5D5C','8E27B7F53F2D021DE191FB39E1FE333E','id','guid',32,'id',1,NULL,0,NULL,NULL,NULL,NULL,NULL,0,NULL,0),
('DFCA57E120375C6F1D6C82CE27B5526B','ADFECBA489ED9C6AC1E43F0980D503A3','fecha_modificacion','datetime',0,'fecha_modificacion',0,NULL,1,NULL,NULL,NULL,NULL,NULL,101,NULL,0),
('E05165E02389207BA5F8FF6BCD50EFE0','8A7584A9F47A9E6BD168FE208A4CBA9D','orden','int',50,'Orden',0,'0',0,NULL,NULL,NULL,NULL,NULL,99,NULL,0),
('E0DB474DEDA1B714D10472BD2290FA74','8CD7AC1F9330314D645F44BFAD6749C4','id_oferta','guid',50,'Oferta',0,NULL,0,'ventas_ofertas','id','codigo',NULL,NULL,1,'lookup',0),
('E1CEF5AEF7179A212BE86EADED0EF4FD','A9BC1252645E7B10B92A1C75E8D6E4EF','type','text',20,'Tipo Script',0,'form',0,NULL,NULL,NULL,NULL,'SCRIPT_TYPE',2,'option',1),
('E2D8EAE66882203E8F042EADECB80076','927B4B2178AA3CFE5FCF935A7E391068','delete_access','int',50,'Borrado',0,'1',0,NULL,NULL,NULL,NULL,'SI_NO',5,'option',0),
('E34B28377AA83CF3715B2961E9A11346','8A7584A9F47A9E6BD168FE208A4CBA9D','mostrar_menu','int',0,'Mostrar en Menu',0,'1',0,'','','','','SI_NO',8,'option',NULL),
('E4136BD6658D967C7F27EC0B1F963948','D0C612375F9E63892267287FC23D366E','value','text',500,'value',0,NULL,0,NULL,NULL,NULL,NULL,NULL,3,NULL,NULL),
('E44F6F477806E54599907B934A710807','BA0C16DF30A8A623EE49338EDBEFAB38','orden','int',0,'Orden',0,'0',0,NULL,NULL,NULL,NULL,NULL,16,NULL,1),
('E4B127FA074B2AA174581824D7EA83CC','20AB28F839675213390C76A55A267945','id_fase_fin','guid',50,'Fase fin',0,NULL,0,'app_fases_proceso','id','nombre',NULL,NULL,4,'lookup',1),
('E57A29B9BC9925DD65E8282FC0ED131F','B0D9EB0533F678EA863976D6C156CD0E','id','int',0,'id',1,NULL,0,NULL,NULL,NULL,NULL,NULL,1,NULL,0),
('E589AB942CEC8359A89EAF573F8FC021','BA0C16DF30A8A623EE49338EDBEFAB38','lookup_column','text',50,'lookup_column',0,NULL,0,NULL,NULL,NULL,'select dbcolumn as codigo , dbcolumn as nombre from app_entity_columns c\r\nleft join app_entities e on c.id_entity = e.id\r\nwhere e.entity = {lookup_table} ',NULL,11,'option',0),
('E711CC35ACF09B890287D84C07CABF55','3D87D8B6639DF0D570E9AB08F03853FD','id','guid',32,'id',1,NULL,0,NULL,NULL,NULL,NULL,NULL,0,NULL,0),
('E74B98635608D064169034F418E310F1','3D87D8B6639DF0D570E9AB08F03853FD','nombre','text',100,'nombre',0,NULL,0,NULL,NULL,NULL,NULL,NULL,1,NULL,1),
('E75DA06E428C6D8E6B5D6CCB0E1687C5','C0F34C980D8AC44DAB5B7148A9669AD8','status','status',50,'Estado del registro',0,'1',0,NULL,NULL,NULL,NULL,'ESTADOS',0,'option',0),
('E78C9A5C395D9E400865614B4349D058','E4FE6D68F9B641C7958DD0221D953E3C','template','textarea',50,'Plantilla',0,NULL,0,NULL,NULL,NULL,NULL,NULL,3,'richtext',0),
('E7EBE6479E4A44251A0EF58D77A66DB8','383D9E6BA1659044E079B71BCE51FE19','orden','int',50,'orden',0,NULL,0,NULL,NULL,NULL,NULL,NULL,3,NULL,1),
('E8A251BFDD710B65C40DE90580AE7036','10E08475520D5CC7603685D7A6338443','id_registro','text',50,'ID registro',0,NULL,0,'app_proceso_entidad','id','nombre',NULL,NULL,3,NULL,0),
('E92D3201347F0075C063441376C981B3','3D87D8B6639DF0D570E9AB08F03853FD','fecha_modificacion','datetime',0,'fecha_modificacion',0,NULL,1,NULL,NULL,NULL,NULL,NULL,2,NULL,NULL),
('E9CFBC4FF777806765B7FC25737FA6DB','20AB28F839675213390C76A55A267945','fecha_creacion','datetime',0,'fecha_creacion',0,NULL,1,NULL,NULL,NULL,NULL,NULL,6,NULL,NULL),
('EA964D54E94BCADD3431CE11F9385943','BA7DBD3B1AD6A8EF5F9480A409E749B1','id','guid',32,'id',1,NULL,0,NULL,NULL,NULL,NULL,NULL,0,NULL,0),
('EB8CEDE9311C417F5E37464A49334106','7535F4201F546632A5522B98C33EB9E8','recargo','decimal',50,'Recargo',0,'0',0,NULL,NULL,NULL,NULL,NULL,3,NULL,1),
('EC83F7191E68CAB530603412BDE50E85','A68EEE98E6B4784D4DFFC8BD9102F849','data_field','text',255,'Data field',0,NULL,0,NULL,NULL,NULL,NULL,NULL,6,NULL,1),
('ECA880B48B892D0CD992D884D3366A5B','8A7584A9F47A9E6BD168FE208A4CBA9D','id','int',0,'id',1,NULL,0,NULL,NULL,NULL,NULL,NULL,0,NULL,0),
('ED167E68EA6CCB3B00824A24DDC505E7','488561E4956B42F22BBD6C4DF6E1C67A','siguiente','int',50,'Siguiente',0,'1',0,NULL,NULL,NULL,NULL,NULL,4,NULL,1),
('ED540FEC3D2B8FD9CFC5377D9CD5274D','C0F34C980D8AC44DAB5B7148A9669AD8','id','guid',32,'id',1,NULL,0,NULL,NULL,NULL,NULL,NULL,0,NULL,0),
('ED734C9C6047F531C0D575BB0B4FB5E4','8CD7AC1F9330314D645F44BFAD6749C4','status','status',50,'status',0,NULL,0,NULL,NULL,NULL,NULL,'ESTADOS',0,'option',0),
('EF8DFD093EDBDCF06CC5B58AD2B272FA','8CD7AC1F9330314D645F44BFAD6749C4','descuento','decimal',50,'% Descuento',0,'0',0,NULL,NULL,NULL,NULL,NULL,6,NULL,0),
('F049E4BB9E49790AB0873E630551265E','BAEE82C788A6272E749AB4DE5661FEF6','orden','int',50,'Orden',0,'0',0,NULL,NULL,NULL,NULL,NULL,3,NULL,1),
('F0963C4F82E89A4E02CC7B96CAC73EF2','CC4FC092381ABB28C3EF1F6F7160FC83','code','text',50,'Operation',0,NULL,0,NULL,NULL,NULL,NULL,NULL,1,NULL,1),
('F35CCD94A77E52D7AE9DB0E50D432808','AAF9DC82ED5D22043CC3AE2A9FF0825F','id','guid',32,'id',1,NULL,0,NULL,NULL,NULL,NULL,NULL,0,NULL,0),
('F56CE8FCD39D93FA1A74570F97ECA08E','AE00BE37D35639F34D0549EBA5B455FB','empresa','text',100,'Empresa',0,NULL,0,NULL,NULL,NULL,NULL,NULL,2,NULL,1),
('F5A90C627B2CE669DEDA264DE20C40A0','B0D9EB0533F678EA863976D6C156CD0E','width','int',50,'Ancho',0,'100',0,NULL,NULL,NULL,NULL,NULL,5,NULL,0),
('F62B3716151D4C167CB01DF20BC5926E','490484A9474D03AB69738B7FC05D057C','id_empresa','guid',50,'Empresa',0,NULL,0,'app_empresas','id','empresa',NULL,NULL,8,'lookup',1),
('F80FFAF2CC0DB810179728554C7F8AD2','2FE54B9A5C2315738AB4209C7F9CF1AB','id','guid',32,'id',1,NULL,0,NULL,NULL,NULL,NULL,NULL,0,NULL,0),
('F89C9659C60159862681E82A9DD96A9F','D8E58E608DB593F4EA32FC4605A2065E','impuesto','decimal',50,'% Impuesto',0,'0',0,NULL,NULL,NULL,NULL,NULL,7,NULL,0),
('F9A8842BD039B4615CEF98D9122B12FE','E4FE6D68F9B641C7958DD0221D953E3C','id','guid',32,'id',1,NULL,0,NULL,NULL,NULL,NULL,NULL,0,NULL,0),
('FB195C59B129EFDC5F3A4D454EF5B737','C0F34C980D8AC44DAB5B7148A9669AD8','id_oferta','guid',50,'Oferta',0,NULL,0,'ventas_ofertas','id','codigo',NULL,NULL,0,'lookup',0),
('FC05C909CEC8F2B6CFD79F2F0E3838E0','CC4FC092381ABB28C3EF1F6F7160FC83','id_entity','guid',50,'Entidad',0,NULL,0,'app_entities','id','entity',NULL,NULL,0,'lookup',1),
('FC4E526531E87A0B37B415C7DA9B8AFC','68BE6D4857B45CC219DBA380485C0FBF','pwd','secret',100,'pwd',0,NULL,0,NULL,NULL,NULL,NULL,NULL,3,NULL,0),
('FCBE69876DD497C63E8ACD622783EC3B','744B2497EDAF0D610DA0D599DAF7F1CF','estado','int',50,'Estado',0,'0',0,NULL,NULL,NULL,NULL,'ESTADOS',0,'option',1),
('FDE727595FF31C9EB6B7019E4F45D850','BAEE82C788A6272E749AB4DE5661FEF6','id_proyecto','guid',50,'Proyecto',0,NULL,0,'app_proyectos','id','nombre',NULL,NULL,1,'lookup',1);
/*!40000 ALTER TABLE `app_entity_columns` ENABLE KEYS */;
UNLOCK TABLES;

--
-- Table structure for table `app_fases_proceso`
--

DROP TABLE IF EXISTS `app_fases_proceso`;
/*!40101 SET @saved_cs_client     = @@character_set_client */;
/*!40101 SET character_set_client = utf8mb4 */;
CREATE TABLE `app_fases_proceso` (
  `id` char(32) NOT NULL,
  `nombre` varchar(100) DEFAULT NULL,
  `fecha_creacion` timestamp NULL DEFAULT current_timestamp(),
  `fecha_modificacion` timestamp NULL DEFAULT current_timestamp() ON UPDATE current_timestamp(),
  `id_proceso` char(32) DEFAULT NULL,
  `valor` varchar(50) DEFAULT NULL,
  `orden` int(11) DEFAULT NULL,
  `tipo_fase` int(11) DEFAULT NULL,
  `estado_registro` int(11) DEFAULT NULL,
  PRIMARY KEY (`id`)
) ENGINE=InnoDB DEFAULT CHARSET=utf8mb3 COLLATE=utf8mb3_general_ci;
/*!40101 SET character_set_client = @saved_cs_client */;

--
-- Dumping data for table `app_fases_proceso`
--

LOCK TABLES `app_fases_proceso` WRITE;
/*!40000 ALTER TABLE `app_fases_proceso` DISABLE KEYS */;
INSERT INTO `app_fases_proceso` VALUES
('03C6DC89CBF9BCA85717DA87B7CD7789','Facturado','2025-09-17 16:24:34','2026-06-19 08:49:02','1DDE9C45D0C99024ACA7F9C98AD8FEF1','3',3,1,0),
('27C7A68F331CE1727B703A8D9FDD4DC2','Borrador','2025-09-17 16:24:34','2025-09-23 11:25:14','1DDE9C45D0C99024ACA7F9C98AD8FEF1','0',0,0,1),
('5FC77654D12C165D3E8F31A4B8BA489B','Confirmada','2025-09-08 18:47:12','2025-09-25 16:36:05','F16B54E64435670CEF531775394C4628','2',2,1,0),
('6FEE52135C37B80BD401F9E50C1B4D96','Valoracion','2025-09-24 12:29:24','2025-09-24 12:29:24','45638ECFBE5174C38B169DE2C67BDE87','0',0,0,1),
('749D81942CC297E4CC319C8968CE0223','Cancelado','2025-09-17 16:24:34','2026-06-19 08:48:56','1DDE9C45D0C99024ACA7F9C98AD8FEF1','4',2,1,0),
('7A73484116A62791AB23D24A81673579','Finalizado','2025-09-24 12:29:24','2026-06-13 18:05:49','45638ECFBE5174C38B169DE2C67BDE87','2',3,1,0),
('80FCA66FD4BCE032AC33C59EDB309474','Ejecucion','2025-09-24 12:29:24','2025-11-27 18:12:58','45638ECFBE5174C38B169DE2C67BDE87','1',2,2,1),
('A83C80BF506BB6FE3C63EAC35E276685','Borrador','2025-09-08 18:43:42','2025-09-22 18:07:04','F16B54E64435670CEF531775394C4628','0',0,0,1),
('B7075A4B475EB10E8D91A50B29BB2BD1','Aprobación','2025-11-27 18:12:40','2025-11-27 18:12:40','45638ECFBE5174C38B169DE2C67BDE87','1',1,2,1),
('C312D5CFC82D8CE6C7384E83B3D30A50','Presentada','2025-09-08 18:45:48','2025-09-25 15:53:07','F16B54E64435670CEF531775394C4628','1',1,2,0),
('D09C09AC9A7962A727691ECA027F9892','Confirmado','2025-09-17 16:24:34','2026-06-19 08:45:19','1DDE9C45D0C99024ACA7F9C98AD8FEF1','1',1,2,0),
('E8B7813D77D35EE89A71F78BA9247870','Cancelada','2025-09-08 18:47:12','2025-09-25 16:36:11','F16B54E64435670CEF531775394C4628','3',3,1,0);
/*!40000 ALTER TABLE `app_fases_proceso` ENABLE KEYS */;
UNLOCK TABLES;

--
-- Table structure for table `app_form_areas`
--

DROP TABLE IF EXISTS `app_form_areas`;
/*!40101 SET @saved_cs_client     = @@character_set_client */;
/*!40101 SET character_set_client = utf8mb4 */;
CREATE TABLE `app_form_areas` (
  `id` char(32) NOT NULL,
  `nombre` varchar(100) NOT NULL,
  `fecha_creacion` timestamp NULL DEFAULT current_timestamp(),
  `fecha_modificacion` timestamp NULL DEFAULT current_timestamp() ON UPDATE current_timestamp(),
  `id_form` char(32) DEFAULT NULL,
  `orden` int(11) DEFAULT NULL,
  `id_tab` char(32) DEFAULT NULL,
  PRIMARY KEY (`id`),
  KEY `FK_app_form_areas_app_forms` (`id_form`),
  CONSTRAINT `FK_app_form_areas_app_forms` FOREIGN KEY (`id_form`) REFERENCES `app_forms` (`id`) ON DELETE CASCADE
) ENGINE=InnoDB DEFAULT CHARSET=utf8mb3 COLLATE=utf8mb3_general_ci;
/*!40101 SET character_set_client = @saved_cs_client */;

--
-- Dumping data for table `app_form_areas`
--

LOCK TABLES `app_form_areas` WRITE;
/*!40000 ALTER TABLE `app_form_areas` DISABLE KEYS */;
INSERT INTO `app_form_areas` VALUES
('032EEE764D35029F3A93C7184BA26353','consultas superior','2025-02-07 18:50:52','2025-02-07 18:53:19','7AE81C0BE12654B2AF9E715003BF6FEF',0,NULL),
('164C24947F3713276439853405657098','ventas_ofertas_lineas 0','2025-04-22 13:02:31','2025-04-22 13:02:31','F6BED08898B4A8320F8A5D05BBFF04FD',0,NULL),
('1A16C60BAE4DC6DD3AC5BCB0B6D57B73','app_entity_columns 0','2026-06-23 07:24:45','2026-06-23 07:24:45','2C5DCEA62B9337034B882756A947AC22',0,NULL),
('1A53DAD00EF1761F50225AE5360D8CA0','app_tareas_proyectos top','2025-04-16 15:06:03','2026-03-16 14:58:24','56C5AAE517137C408EA9D1A6A8CDBC3D',0,NULL),
('1B196421D751398776744121AA607DBE','app_scripts 0','2025-03-16 15:55:13','2025-03-16 15:55:13','5A62D12650EF47B38D0DCCD649347C42',0,NULL),
('1B8DDF46A0D14C2E8A0C35022EFA2B66','app_forms 0','2026-03-10 15:59:21','2026-03-10 16:46:57','BC9FD625AA1AAA4E1A858ED18704B741',0,NULL),
('2A8C4D686FA710FE892DE0A7A6FFD9B1','app_wiki 0','2026-03-25 15:44:54','2026-03-25 15:44:54','D2967E1D62977B7B8F1D21242714A0A0',0,NULL),
('2B79A6D7A8C55E011B2FEE022B175813','ventas_ofertas_pedidos','2026-03-10 17:50:12','2026-03-10 17:50:12','A9AEDA35D404A3E063F47A85642CE33C',2,'AC3A4202BF0C77C1B1B4C7607C4C230F'),
('31E3F50B20528A5D3BE38915BFE9B885','ventas_ofertas 0','2025-05-15 15:23:29','2025-05-15 15:23:29','98220C38FB7F4BB7C7816DC5C34876B3',0,NULL),
('354712760C7754BD61F2E53D035F10D3','form editor listados','2026-03-10 16:08:34','2026-03-10 16:08:34','BC9FD625AA1AAA4E1A858ED18704B741',1,NULL),
('50993BBBA84AF2A0A5CE15D2004CDD45','area app_entities bottom 2','2025-03-26 12:23:56','2026-03-10 18:43:10','3DCB9AF8BD88B4F993AE50FB84520FCB',3,'40B3958927680D6750F8230AB7565882'),
('52000199B569E767072B7D8D7646F83E','ventas_ofertas 1','2025-05-15 15:23:29','2025-05-15 15:23:29','98220C38FB7F4BB7C7816DC5C34876B3',1,NULL),
('551674BFEE26E5A5E514F00EE8D4CAEF','Proceso entidad 1','2025-09-22 18:14:36','2025-09-22 18:14:36','CE409535AAD9F9A8070CA4C60DDC469B',1,NULL),
('56DA5B38AF79B82005CDD62180133537','app_plugins 1','2025-03-09 22:28:42','2025-03-09 22:28:42','A93185BCA7170E971830F97FF9E76446',1,NULL),
('57DF88297156BB70188ED29CDC56AB08','ventas_ofertas lineas','2025-05-15 15:23:29','2026-03-10 17:54:36','A9AEDA35D404A3E063F47A85642CE33C',1,'88BF51FE3E719F7511E2B7DFA876E3DB'),
('5AC10DC03E68A753B80B22003861F3E8','usuarios 0','2025-04-24 18:48:06','2025-04-24 18:48:06','AED000F0A837976F6773AAD6C4A3B8D5',0,NULL),
('5E065B9DAD19D8C238F7B6B843AEA0C9','app_numeraciones 0','2026-06-13 17:04:32','2026-06-13 17:04:32','9414504665549AE801D53C08B9D1E134',0,NULL),
('5EFC7414E521A00AF9EC2174AC35D2CE','batch_progress 1','2025-02-07 18:28:01','2025-02-07 18:28:01',NULL,1,NULL),
('61D73748CC00E82B30F69197CA4DFCE0','app_roles 0','2025-03-10 18:10:15','2026-03-20 09:21:12','29F8EAF32CD24E5F3877024B7B34AE4B',0,'2197CACD808A728463A0E7310AD1718F'),
('6610B2BFAE4C3E3B636B225B3D9E5B54','area app_entities bottom','2025-03-26 12:08:24','2026-03-10 18:40:31','3DCB9AF8BD88B4F993AE50FB84520FCB',1,'9CBEBD44E7187DB53F039B482E75482B'),
('66AAD3D3F2B965FB68404D3B531202D2','app_report_queries 0','2025-03-19 12:08:54','2025-03-19 12:08:54','926F82EE92808C261E1DE78338FF8687',0,NULL),
('6E5958F39A34A2AA264E677758A3C3BA','app_plugins 1','2025-03-09 22:28:42','2025-03-09 22:28:42','C589F8ED35DC2EB2ED5A6736487B8863',1,NULL),
('6EA6CE216BE45FE2B3CC4EF1B3B885F5','ventas_solicitudes 0','2026-06-22 18:08:16','2026-06-22 18:08:16','CA6849A95CF8B28AFE1DD1145A26B64D',0,NULL),
('753C0D02823A8CCBDFA15F7D2757F055','app_proceso_entidad 0','2025-09-05 12:59:39','2025-09-05 12:59:39','CE409535AAD9F9A8070CA4C60DDC469B',0,NULL),
('7BEF87474BF0642C22297F0E5A536043','app_roles_usuarios 0','2026-03-20 09:14:17','2026-03-20 09:14:17','CAC7AD65FBCE65EF1607E6348E68412D',0,NULL),
('913FAB4C0707E26B391EE01BC92C0065','batch_progress 0','2025-02-07 18:28:01','2025-02-07 18:28:01',NULL,0,NULL),
('92BFD4720DF8D510EB16DA5BFA0F7A32','ventas_pedidos_lineas 0','2026-06-19 12:27:14','2026-06-19 12:27:14','CD5A0904BD8E5876F811D2B04F37EFDB',0,NULL),
('994AAB54217AB0EB631E5F949598963B','Area entity relaciones','2026-03-26 10:27:59','2026-03-26 10:34:00','3DCB9AF8BD88B4F993AE50FB84520FCB',3,'0E4081B20E97FE6161184807F44DAD01'),
('A7C0CBDDD5C0FD2FD9205DA125904C21','app_proyectos 1','2025-02-12 18:06:47','2025-02-12 18:06:47','BCE2A27B173FD877BE47B0C68D3E9535',1,NULL),
('AC732B018F7E61D09B145A754527B4D3','usuarios 0','2025-04-23 16:11:32','2025-04-23 16:11:32','2FEF46F218091F778361BBD331349ECE',0,NULL),
('B335DFEE0B6F85571DC846C3C9B7D402','consultas inferior','2025-02-07 18:53:05','2025-02-07 18:53:55','7AE81C0BE12654B2AF9E715003BF6FEF',0,NULL),
('BA3C2FD0D64B446BB3182F11AC111913','ventas_cuentas 0','2025-08-27 07:13:33','2025-08-27 07:13:33','FB636ED4284E3E824A0F7509081149E4',0,NULL),
('BA50351FB749A826D493F8A420B45F85','app_plugins 0','2025-03-09 22:28:42','2025-03-09 22:28:42','C589F8ED35DC2EB2ED5A6736487B8863',0,NULL),
('CA55F78662678097710686F150B35C23','keypass 0','2025-08-22 11:17:24','2025-08-22 11:17:24','6112E9359626A27D2BF71505A7633228',0,NULL),
('CEF19142F0C6CA84BEEC978886F8ED10','Empresas 0','2025-08-27 07:13:33','2026-03-23 20:01:11','73498568365CBE6B9E124F2DCF8F2B37',0,NULL),
('D2F342FF56841C6FB85C35D5DFD16A50','app_scripts 1','2025-03-16 15:55:13','2025-03-16 15:55:13','5A62D12650EF47B38D0DCCD649347C42',1,NULL),
('D46B3232D38977CE9109EBA26FBD6737','app_dominios 0','2025-04-21 07:16:04','2025-04-21 07:16:04','5FAFAD0C7C5A8BB660E7D2063585C304',0,NULL),
('D55F84F1CACCD2E508AAC4417AA77FA1','app_plugins 0','2025-03-09 22:28:42','2025-03-09 22:28:42','A93185BCA7170E971830F97FF9E76446',0,NULL),
('D6627192E06AC13CA19556E610D1D823','miembros del rol','2026-03-20 09:21:55','2026-03-20 09:21:55','29F8EAF32CD24E5F3877024B7B34AE4B',1,'22EA9D2D7E8AC25AF622AEB0D8872B30'),
('D758456D8E811346103E5C52EFB716B6','area app_entities bottom 3','2025-03-26 12:23:56','2026-03-10 18:42:42','3DCB9AF8BD88B4F993AE50FB84520FCB',2,'DE8F04BF8FE5DEE371B4E9D009377D2A'),
('D890E179F5E484E992C298E6DA6BAB49','app_reports 0','2025-03-17 15:28:05','2025-03-17 15:28:05','BFEAA45A73FD275E111B7EB607A8EED3',0,NULL),
('DE002243B358247A0C85CBC3D1070841','app_proyectos 0','2025-02-12 18:06:47','2025-02-12 18:06:47','BCE2A27B173FD877BE47B0C68D3E9535',0,NULL),
('DE9ECF3A501B1F045AD2592A9CE7315F','Area entity indices','2026-03-26 10:34:41','2026-03-26 10:34:41','3DCB9AF8BD88B4F993AE50FB84520FCB',4,'14FD9B4A0B143A4AA47991760E1381D1'),
('DF7056AD8EA1B917269084E58FB05AE4','keypass 0','2025-08-22 11:15:06','2025-08-22 11:15:06','E063563B01ADD70B7CDA3A72F2FB8E8A',0,NULL),
('E7DAD99548A18B091BD5E6B2607990BA','area app_entities Top','2025-03-09 19:19:29','2026-03-10 18:44:28','3DCB9AF8BD88B4F993AE50FB84520FCB',0,'9CBEBD44E7187DB53F039B482E75482B'),
('EC7EB8E6D88F94D1065EC354753229DD','app_tareas_proyectos bottom','2026-03-16 14:57:59','2026-03-16 14:58:43','56C5AAE517137C408EA9D1A6A8CDBC3D',0,NULL),
('F4C437FF0974A1613379F2653DCC1655','productos 1','2025-04-16 18:50:04','2025-04-16 18:50:04','17F4AB7707B1576C1E15E4A8EA95DC63',1,NULL),
('F77B6BA4DC7FE7985519445A90215DE7','app_empresas_usuarios 0','2026-03-27 14:12:42','2026-03-27 14:12:42','A64997DF3EBCD67353D23AEC72212FCC',0,NULL),
('F7B47273D03CD9F5384B939AB49DF338','productos 0','2025-04-16 18:50:04','2025-04-16 18:50:04','17F4AB7707B1576C1E15E4A8EA95DC63',0,NULL),
('FE668AC20F66006BBC782197F3081FC6','ventas_ofertas 0','2025-05-15 15:23:29','2026-06-20 15:59:04','A9AEDA35D404A3E063F47A85642CE33C',0,'88BF51FE3E719F7511E2B7DFA876E3DB');
/*!40000 ALTER TABLE `app_form_areas` ENABLE KEYS */;
UNLOCK TABLES;

--
-- Table structure for table `app_form_sections`
--

DROP TABLE IF EXISTS `app_form_sections`;
/*!40101 SET @saved_cs_client     = @@character_set_client */;
/*!40101 SET character_set_client = utf8mb4 */;
CREATE TABLE `app_form_sections` (
  `id` char(32) NOT NULL,
  `nombre` varchar(100) NOT NULL,
  `fecha_creacion` timestamp NULL DEFAULT current_timestamp(),
  `fecha_modificacion` timestamp NULL DEFAULT current_timestamp() ON UPDATE current_timestamp(),
  `width` int(11) DEFAULT NULL,
  `id_area` char(32) DEFAULT NULL,
  `label` varchar(100) DEFAULT NULL,
  `orden` int(11) DEFAULT NULL,
  PRIMARY KEY (`id`),
  KEY `FK_app_form_sections_app_form_areas` (`id_area`),
  CONSTRAINT `FK_app_form_sections_app_form_areas` FOREIGN KEY (`id_area`) REFERENCES `app_form_areas` (`id`) ON DELETE CASCADE
) ENGINE=InnoDB DEFAULT CHARSET=utf8mb3 COLLATE=utf8mb3_general_ci;
/*!40101 SET character_set_client = @saved_cs_client */;

--
-- Dumping data for table `app_form_sections`
--

LOCK TABLES `app_form_sections` WRITE;
/*!40000 ALTER TABLE `app_form_sections` DISABLE KEYS */;
INSERT INTO `app_form_sections` VALUES
('00F5EEC9C07FDD59CC9F9B7365AE214F','area app_entities bottom 2 0','2025-03-26 12:24:21','2025-03-26 12:24:21',50,'50993BBBA84AF2A0A5CE15D2004CDD45',NULL,0),
('01651B4E5A0E587144F34C242C2F71EC','app_tareas_proyectos 0 0','2026-03-16 14:57:59','2026-03-16 15:01:35',100,'EC7EB8E6D88F94D1065EC354753229DD',NULL,0),
('08AE869790426C9D298F45D75A034598','Proceso entidad 1 1','2025-09-22 18:30:03','2025-09-22 18:30:19',50,'551674BFEE26E5A5E514F00EE8D4CAEF',NULL,1),
('0B7D1D366A32383ADD55DF419EEB528C','productos 1 0','2025-04-16 18:50:04','2025-04-16 18:56:14',100,'F4C437FF0974A1613379F2653DCC1655',NULL,0),
('10C8010829E45639B38AE52F1DDA1890','ventas_ofertas pedidos','2025-05-15 15:23:29','2026-03-10 17:52:52',100,'2B79A6D7A8C55E011B2FEE022B175813',NULL,0),
('14020683A56A4A49D4E633D37E3A7590','area app_entities bottom 3  izda','2025-04-10 17:25:41','2025-04-10 17:25:41',50,'D758456D8E811346103E5C52EFB716B6',NULL,0),
('1711556FB7406999C5EF9E62F3080879','productos 0 0','2025-04-16 18:50:04','2025-04-16 18:56:45',50,'F7B47273D03CD9F5384B939AB49DF338',NULL,0),
('18EECFCA76911C0DAAF66425B212AF34','ventas_cuentas dcha','2026-03-23 20:19:36','2026-03-23 20:19:36',50,'BA3C2FD0D64B446BB3182F11AC111913',NULL,1),
('198629C3F580BE032545B72FE3FA3383','app_wiki 0 0','2026-03-25 15:44:54','2026-03-25 15:46:54',100,'2A8C4D686FA710FE892DE0A7A6FFD9B1',NULL,0),
('1ED436397DE15F37E77586B00F4F079F','consultas superior 0','2025-02-07 18:50:52','2025-03-06 19:29:17',50,'032EEE764D35029F3A93C7184BA26353',NULL,0),
('22C0E3D6D6C8056C9CCCC37EF9BA8AD6','Area entity relaciones izda','2026-03-26 10:28:26','2026-03-26 10:36:59',100,'994AAB54217AB0EB631E5F949598963B',NULL,0),
('23011B0CDE8AAB0C7870A80A5CCA3C4B','ventas_ofertas_lineas 0 0','2025-04-22 13:02:31','2025-08-18 09:59:20',50,'164C24947F3713276439853405657098','General',0),
('2A7B1EDC7D57E231AB6EDB40B5192E4D','app_scripts 0 1','2025-03-16 15:55:13','2025-03-16 15:57:35',50,'1B196421D751398776744121AA607DBE',NULL,1),
('2E73599A40FDE2A80879430F0444300E','seccion miembros rol','2026-03-20 09:22:13','2026-03-20 09:22:13',100,'D6627192E06AC13CA19556E610D1D823',NULL,0),
('33C59B986AEA68275967B188A72850BD','ventas_solicitudes 0 0','2026-06-22 18:08:16','2026-06-23 07:07:40',50,'6EA6CE216BE45FE2B3CC4EF1B3B885F5',NULL,0),
('38316B53C0C4CF0627A950593678FD8E','app_forms 0 0','2026-03-10 15:59:21','2026-03-10 16:40:39',50,'1B8DDF46A0D14C2E8A0C35022EFA2B66',NULL,0),
('38E5C7E007C70ADA864575468370F85D','Area entity indices 0','2026-03-26 10:35:01','2026-03-26 10:35:01',100,'DE9ECF3A501B1F045AD2592A9CE7315F',NULL,0),
('3BE2BB20C62E4E7791F65C84F89292C4','app_numeraciones 0 0','2026-06-13 17:04:32','2026-06-15 15:40:31',50,'5E065B9DAD19D8C238F7B6B843AEA0C9',NULL,0),
('3C41BAB8AEF90F2BF9E0E941C068A16C','area app_entities bottom 1','2025-03-09 19:19:29','2025-04-10 17:28:18',50,'6610B2BFAE4C3E3B636B225B3D9E5B54',NULL,1),
('3CCE984864934802D8126504D1F124EC','ventas_ofertas 0 0','2025-05-15 15:23:29','2025-05-15 15:31:01',50,'FE668AC20F66006BBC782197F3081FC6',NULL,0),
('3EB0BB7D782480CEB7368FF4B61CD7B0','ventas_ofertas 0 1','2025-05-15 15:23:29','2025-05-15 15:30:46',50,'FE668AC20F66006BBC782197F3081FC6',NULL,1),
('40C727444D4F729FE02873740F690FEA','ventas_solicitudes 0 1','2026-06-22 18:08:16','2026-06-23 07:08:38',50,'6EA6CE216BE45FE2B3CC4EF1B3B885F5',NULL,1),
('47B5283D5C0CE3D5D7A6D5B9902B7D11','app_plugins 0 1','2025-03-09 22:28:42','2025-03-09 22:36:31',50,'BA50351FB749A826D493F8A420B45F85',NULL,1),
('4E4E13CBCC75002B06EEF382389921C8','Listado 1','2026-03-10 16:09:25','2026-03-10 16:09:25',50,'354712760C7754BD61F2E53D035F10D3',NULL,0),
('4E9709167C9C543DC8D37C93B655657E','ventas_ofertas 1 0','2025-05-15 15:23:29','2025-05-15 15:31:25',100,'52000199B569E767072B7D8D7646F83E',NULL,0),
('5B31E61FBB94580A0216A8FC60CCCDC4','app_tareas_proyectos 0 0','2025-04-16 15:06:03','2025-04-16 15:08:40',50,'1A53DAD00EF1761F50225AE5360D8CA0',NULL,0),
('6153CFCE700EED3A17F449E798F0BEFA','app_entity_columns 0 0','2026-06-23 07:24:45','2026-06-23 07:30:33',33,'1A16C60BAE4DC6DD3AC5BCB0B6D57B73','Definicion',0),
('629A9B1C6A884E263C24BA6D9D9384D3','ventas_empresa dcha','2025-08-27 07:13:33','2026-03-23 19:42:24',50,'CEF19142F0C6CA84BEEC978886F8ED10',NULL,0),
('635CA7CD4C2DBBD043D317A2E988CBDC','app_tareas_proyectos 0 1','2025-04-16 15:06:03','2025-04-16 15:08:50',50,'1A53DAD00EF1761F50225AE5360D8CA0',NULL,1),
('67D7B2D5E22AC7EDBDB0FEC24A238E7A','area app_entities bottom 3  dcha','2025-04-10 17:25:41','2025-04-10 17:35:07',50,'D758456D8E811346103E5C52EFB716B6',NULL,1),
('6D7AB63BD7B0C58367744AF926400BC5','app_proyectos 1 0','2025-02-12 18:06:47','2025-02-26 08:21:36',100,'A7C0CBDDD5C0FD2FD9205DA125904C21',NULL,0),
('6E5F1CD88EBCFD84C10ECDC4A03DE3F7','app_plugins 0 0','2025-03-09 22:28:42','2025-03-09 22:36:20',50,'D55F84F1CACCD2E508AAC4417AA77FA1',NULL,0),
('70E30EC1C0D1EE43E05F57DFAEDF75D4','area app_entities bottom 0','2025-03-26 12:08:24','2025-03-26 12:18:44',50,'6610B2BFAE4C3E3B636B225B3D9E5B54',NULL,0),
('735E3E38874D597964AE1613463A97C0','app_entity_columns 0 2','2026-06-23 07:24:45','2026-06-23 07:32:13',33,'1A16C60BAE4DC6DD3AC5BCB0B6D57B73','Control',2),
('73A8FFAD3DE8740E3903C4EB65805EBA','app_plugins 0 0','2025-03-09 22:28:42','2025-03-09 22:36:20',50,'BA50351FB749A826D493F8A420B45F85',NULL,0),
('743C0E4E92842F94926D004E952A611A','app_proyectos 0 0','2025-02-12 18:06:47','2025-02-26 08:21:17',100,'DE002243B358247A0C85CBC3D1070841','Datos del proyecto',0),
('753DE3B35B73AC82B882FD7C02D74F5B','consultas inferior','2025-02-07 18:53:05','2025-03-06 19:29:39',100,'B335DFEE0B6F85571DC846C3C9B7D402',NULL,0),
('79C8F54C5FE8595BD9E3D5DFCB7F67BB','app_plugins 0 1','2025-03-09 22:28:42','2025-03-09 22:36:31',50,'D55F84F1CACCD2E508AAC4417AA77FA1',NULL,1),
('861EA97A5A6D2699AE7E09F8C21E9425','ventas_pedidos_lineas 0 1','2026-06-19 12:27:14','2026-06-19 12:33:45',50,'92BFD4720DF8D510EB16DA5BFA0F7A32',NULL,1),
('8A8A8669BA755EA68E406BFA966E6C69','area app_entities Top 0','2025-03-09 19:19:29','2025-08-22 18:01:17',50,'E7DAD99548A18B091BD5E6B2607990BA',NULL,0),
('8E1110C1CC66235A0309BC403950C568','usuarios 0 0','2025-04-24 18:48:06','2025-04-24 18:53:31',100,'5AC10DC03E68A753B80B22003861F3E8',NULL,0),
('9702FBAE41A77B08077F27F35398DC63','app_empresas_usuarios 0 0','2026-03-27 14:12:42','2026-03-27 14:15:38',100,'F77B6BA4DC7FE7985519445A90215DE7',NULL,0),
('97C2E5E60FD570207AF62A4B663DAC40','ventas_ofertas_lineas 0 1','2025-04-22 13:02:31','2025-08-18 09:59:30',50,'164C24947F3713276439853405657098','Totales',1),
('98F3BD47234AB59BFA9177F468DF41FF','usuarios y roles','2025-04-23 16:11:32','2026-03-20 09:08:08',50,'AC732B018F7E61D09B145A754527B4D3',NULL,1),
('9AB3B2873A5CE5864A5D2C38438C3310','app_plugins 1 0','2025-03-09 22:28:42','2025-03-09 22:39:10',100,'56DA5B38AF79B82005CDD62180133537',NULL,0),
('9B91232CD1EF6ECFEFDC22AF7AB0FB64','app_report_queries 0 0','2025-03-19 12:08:54','2025-03-19 12:08:54',100,'66AAD3D3F2B965FB68404D3B531202D2','app_report_queries 0 0',0),
('9D62FBDD595B6337DDF6BF1937466FB0','app_roles_usuarios 0 0','2026-03-20 09:14:17','2026-03-20 09:14:30',100,'7BEF87474BF0642C22297F0E5A536043',NULL,0),
('9D67E486961A4CBCA59700CE32256316','app_plugins 1 0','2025-03-09 22:28:42','2025-03-09 22:39:10',100,'6E5958F39A34A2AA264E677758A3C3BA',NULL,0),
('A1186A13B9C7ABFF390DCAF53FA2AB43','keypass 0 0','2025-08-22 11:15:06','2025-08-22 11:16:56',100,'DF7056AD8EA1B917269084E58FB05AE4',NULL,0),
('A19E42FE7292E986B967E09C6C391A09','app_forms 0 1','2026-03-10 15:59:21','2026-03-10 16:41:10',50,'1B8DDF46A0D14C2E8A0C35022EFA2B66',NULL,0),
('A71C440A387F3533C2E93A18F6230324','app_scripts 1 0','2025-03-16 15:55:13','2025-03-16 16:00:21',100,'D2F342FF56841C6FB85C35D5DFD16A50',NULL,0),
('A91C29904CB08E04EF2F30C599C67606','Listado 2','2026-03-10 16:09:25','2026-03-10 16:09:41',50,'354712760C7754BD61F2E53D035F10D3',NULL,0),
('AB0ABDFDA78C901CE6A16B96341BC852','app_proceso_entidad 0 0','2025-09-05 12:59:39','2025-09-22 19:00:33',50,'753C0D02823A8CCBDFA15F7D2757F055',NULL,0),
('AF0007B58E3F4A7103CB21B2A4840128','app_dominios 0 0','2025-04-21 07:16:04','2025-04-21 07:27:39',100,'D46B3232D38977CE9109EBA26FBD6737',NULL,0),
('B025294746427F4AE90AE99579799523','ventas_ofertas 1 0','2025-05-15 15:23:29','2025-05-15 15:31:25',100,'57DF88297156BB70188ED29CDC56AB08',NULL,0),
('B70A1BBA5B1592A74E4CE0DEA7AF97CA','consultas superior 1','2025-02-07 18:50:52','2025-03-06 19:29:23',50,'032EEE764D35029F3A93C7184BA26353',NULL,1),
('B71CC519A8B9D7155E1B08DBA5D4681A','app_roles 0 0','2025-03-10 18:10:15','2025-03-10 20:51:50',100,'61D73748CC00E82B30F69197CA4DFCE0',NULL,0),
('B7B6CD8CC7CAB3149F89BBDF4DF1184E','app_scripts 0 0','2025-03-16 15:55:13','2025-03-16 15:57:31',50,'1B196421D751398776744121AA607DBE',NULL,0),
('BB55F11CD0F97689F43967E2FA093CC4','productos 0 1','2025-04-16 18:50:04','2025-04-16 18:56:55',50,'F7B47273D03CD9F5384B939AB49DF338',NULL,1),
('BDFCBACAFFDB41F727C5B8367381DF2C','Proceso entidad 1 0','2025-09-22 18:15:39','2025-09-22 18:31:56',50,'551674BFEE26E5A5E514F00EE8D4CAEF',NULL,0),
('BE116E97CD8680F311009F7C6524E28A','ventas_ofertas 0 1','2025-05-15 15:23:29','2025-09-20 18:20:25',30,'31E3F50B20528A5D3BE38915BFE9B885',NULL,1),
('BE842878675192696A6AC1741569B167','area app_entities Top 1','2025-03-26 12:15:02','2025-08-22 18:01:02',50,'E7DAD99548A18B091BD5E6B2607990BA',NULL,1),
('D171F5BC9CAE2360E6FCFBE3BB28CBA4','ventas_pedidos_lineas 0 0','2026-06-19 12:27:14','2026-06-19 12:33:53',50,'92BFD4720DF8D510EB16DA5BFA0F7A32',NULL,0),
('D5A5880AB7D3912B8A47CB485766EE72','app_reports 0 0','2025-03-17 15:28:05','2025-04-29 07:03:18',100,'D890E179F5E484E992C298E6DA6BAB49',NULL,0),
('DCD31305D8ED714614818C1E7DB91353','usuarios 0 0','2025-04-23 16:11:32','2026-03-20 09:07:36',50,'AC732B018F7E61D09B145A754527B4D3',NULL,0),
('E46E6B47CF9A6F671E1F886074EFE5F7','ventas_cuentas izda','2025-08-27 07:13:33','2026-03-23 20:19:08',50,'BA3C2FD0D64B446BB3182F11AC111913',NULL,0),
('E552A216E6549588DE85EBE71DDDBD96','app_entity_columns 0 1','2026-06-23 07:24:45','2026-06-23 07:32:02',33,'1A16C60BAE4DC6DD3AC5BCB0B6D57B73','Restricciones',1),
('E64B7D0AD7FE212B168C92528538D79D','area app_entities bottom 2 1','2025-03-26 12:24:21','2026-03-10 18:46:25',50,'50993BBBA84AF2A0A5CE15D2004CDD45',NULL,-1),
('E73E6E4A2CDA530135CE5F428ABB9575','keypass 0 0','2025-08-22 11:17:24','2025-08-22 11:19:31',100,'CA55F78662678097710686F150B35C23',NULL,0),
('EB992AF0D14C2C32531BB339C78B3D75','app_proceso_entidad 0 1','2025-09-05 12:59:39','2025-09-22 19:00:39',50,'753C0D02823A8CCBDFA15F7D2757F055',NULL,1),
('F3DF855871A896C536F7D3C48016A65B','seccion empresa dcha','2026-03-23 19:41:49','2026-03-23 19:43:16',50,'CEF19142F0C6CA84BEEC978886F8ED10',NULL,1),
('F8B77DF5B7D1EAFCDA870066697EA7BB','ventas_ofertas 0 0','2025-05-15 15:23:29','2025-09-20 18:20:35',70,'31E3F50B20528A5D3BE38915BFE9B885',NULL,0),
('FBB5C0932AA1D2D6332403A91E10F015','app_numeraciones 0 1','2026-06-13 17:04:32','2026-06-15 15:40:36',50,'5E065B9DAD19D8C238F7B6B843AEA0C9',NULL,1);
/*!40000 ALTER TABLE `app_form_sections` ENABLE KEYS */;
UNLOCK TABLES;

--
-- Table structure for table `app_form_tabs`
--

DROP TABLE IF EXISTS `app_form_tabs`;
/*!40101 SET @saved_cs_client     = @@character_set_client */;
/*!40101 SET character_set_client = utf8mb4 */;
CREATE TABLE `app_form_tabs` (
  `id` char(32) NOT NULL,
  `nombre` varchar(100) DEFAULT NULL,
  `fecha_creacion` timestamp NULL DEFAULT current_timestamp(),
  `fecha_modificacion` timestamp NULL DEFAULT current_timestamp() ON UPDATE current_timestamp(),
  `id_form` char(32) DEFAULT NULL,
  `orden` int(11) DEFAULT NULL,
  PRIMARY KEY (`id`)
) ENGINE=InnoDB DEFAULT CHARSET=utf8mb3 COLLATE=utf8mb3_general_ci;
/*!40101 SET character_set_client = @saved_cs_client */;

--
-- Dumping data for table `app_form_tabs`
--

LOCK TABLES `app_form_tabs` WRITE;
/*!40000 ALTER TABLE `app_form_tabs` DISABLE KEYS */;
INSERT INTO `app_form_tabs` VALUES
('0E4081B20E97FE6161184807F44DAD01','Relaciones','2026-03-26 10:26:05','2026-03-26 10:33:29','3DCB9AF8BD88B4F993AE50FB84520FCB',3),
('14FD9B4A0B143A4AA47991760E1381D1','Índices','2026-03-26 10:26:05','2026-03-26 10:33:42','3DCB9AF8BD88B4F993AE50FB84520FCB',4),
('2197CACD808A728463A0E7310AD1718F','Permisos','2026-03-20 09:20:32','2026-03-20 09:20:32','29F8EAF32CD24E5F3877024B7B34AE4B',0),
('22EA9D2D7E8AC25AF622AEB0D8872B30','Miembros','2026-03-20 09:20:32','2026-03-20 09:20:43','29F8EAF32CD24E5F3877024B7B34AE4B',1),
('40B3958927680D6750F8230AB7565882','Formularios','2026-03-10 18:38:39','2026-03-10 18:45:25','3DCB9AF8BD88B4F993AE50FB84520FCB',1),
('88BF51FE3E719F7511E2B7DFA876E3DB','General','2026-03-10 17:54:19','2026-03-10 18:30:36','A9AEDA35D404A3E063F47A85642CE33C',0),
('9CBEBD44E7187DB53F039B482E75482B','Estructura','2026-03-10 18:38:39','2026-03-10 18:38:39','3DCB9AF8BD88B4F993AE50FB84520FCB',0),
('AC3A4202BF0C77C1B1B4C7607C4C230F','Pedidos','2026-03-10 16:51:36','2026-03-10 16:52:00','A9AEDA35D404A3E063F47A85642CE33C',1),
('DE8F04BF8FE5DEE371B4E9D009377D2A','Código','2026-03-10 18:38:39','2026-03-26 10:25:39','3DCB9AF8BD88B4F993AE50FB84520FCB',2);
/*!40000 ALTER TABLE `app_form_tabs` ENABLE KEYS */;
UNLOCK TABLES;

--
-- Table structure for table `app_forms`
--

DROP TABLE IF EXISTS `app_forms`;
/*!40101 SET @saved_cs_client     = @@character_set_client */;
/*!40101 SET character_set_client = utf8mb4 */;
CREATE TABLE `app_forms` (
  `id` char(32) NOT NULL,
  `nombre` varchar(100) NOT NULL,
  `fecha_creacion` timestamp NULL DEFAULT current_timestamp(),
  `fecha_modificacion` timestamp NULL DEFAULT current_timestamp() ON UPDATE current_timestamp(),
  `id_entity` char(32) DEFAULT NULL,
  `columnas` int(11) DEFAULT NULL,
  `filas` int(11) DEFAULT NULL,
  `tipo` varchar(50) DEFAULT NULL,
  PRIMARY KEY (`id`),
  KEY `FK_app_forms_app_entities` (`id_entity`),
  CONSTRAINT `FK_app_forms_app_entities` FOREIGN KEY (`id_entity`) REFERENCES `app_entities` (`id`)
) ENGINE=InnoDB DEFAULT CHARSET=utf8mb3 COLLATE=utf8mb3_general_ci;
/*!40101 SET character_set_client = @saved_cs_client */;

--
-- Dumping data for table `app_forms`
--

LOCK TABLES `app_forms` WRITE;
/*!40000 ALTER TABLE `app_forms` DISABLE KEYS */;
INSERT INTO `app_forms` VALUES
('17F4AB7707B1576C1E15E4A8EA95DC63','Productos Main','2025-04-16 18:49:59','2026-03-10 15:50:05','7D2C9C0CF3B893CA6EC55DC070198D44',NULL,NULL,'main'),
('29F8EAF32CD24E5F3877024B7B34AE4B','Roles form principal','2025-03-10 18:10:09','2025-04-22 09:45:40','EB91FB64FE2288577B09EA24D0BB03C7',1,1,'main'),
('2C5DCEA62B9337034B882756A947AC22','Form entity column','2026-06-23 07:24:39','2026-06-23 07:24:39','BA0C16DF30A8A623EE49338EDBEFAB38',3,1,'main'),
('2FEF46F218091F778361BBD331349ECE','Usuario Main','2025-04-23 16:11:12','2025-04-23 16:11:12','E7F8AB4799E0C27385B9F2ACBFEFF04C',1,1,'main'),
('3DCB9AF8BD88B4F993AE50FB84520FCB','Entity main form','2025-03-09 19:19:11','2025-04-22 09:45:40','8A7584A9F47A9E6BD168FE208A4CBA9D',2,1,'main'),
('56C5AAE517137C408EA9D1A6A8CDBC3D','Tarea main','2025-04-16 15:05:55','2025-04-22 09:45:40','BAEE82C788A6272E749AB4DE5661FEF6',2,1,'main'),
('5A62D12650EF47B38D0DCCD649347C42','Script main form','2025-03-16 15:55:09','2025-04-22 09:45:40','A9BC1252645E7B10B92A1C75E8D6E4EF',2,2,'main'),
('5FAFAD0C7C5A8BB660E7D2063585C304','Dominios main','2025-04-21 07:15:57','2025-04-22 09:45:40','3CF1E2021536FE5F6A1E975A2CEEDA01',1,1,'main'),
('6112E9359626A27D2BF71505A7633228','keypass_main','2025-08-22 11:15:03','2025-08-22 11:19:18','68BE6D4857B45CC219DBA380485C0FBF',1,1,'main'),
('714E9E5AD33B594AB9BB0127532F09B3','Linea Oferta Quick','2025-04-22 10:28:42','2025-04-22 10:28:42','8CD7AC1F9330314D645F44BFAD6749C4',1,1,'main'),
('73498568365CBE6B9E124F2DCF8F2B37','Empresa_main','2025-08-27 07:13:30','2026-03-23 20:01:01','AE00BE37D35639F34D0549EBA5B455FB',1,1,'main'),
('7AE81C0BE12654B2AF9E715003BF6FEF','Form consultas','2025-02-07 18:50:43','2025-04-22 09:45:40','C36B36838A064DEBA5AC90B2361920CC',1,1,'main'),
('926F82EE92808C261E1DE78338FF8687','ReportQuery main form','2025-03-19 12:08:49','2025-04-22 09:45:40','F2E98165F53B6ECAD8E23D49268D731A',1,1,'main'),
('9414504665549AE801D53C08B9D1E134','Form_numeraciones','2026-06-13 17:04:26','2026-06-13 17:04:26','AAF9DC82ED5D22043CC3AE2A9FF0825F',2,1,'main'),
('98220C38FB7F4BB7C7816DC5C34876B3','pedidos Venta main','2025-04-18 11:20:06','2025-08-22 19:00:13','C0F34C980D8AC44DAB5B7148A9669AD8',2,2,'main'),
('A64997DF3EBCD67353D23AEC72212FCC','Empresa usuario quick','2026-03-27 14:12:39','2026-03-27 14:13:18','BA7DBD3B1AD6A8EF5F9480A409E749B1',1,1,'quick_create'),
('A93185BCA7170E971830F97FF9E76446','Plugin main form','2025-03-09 22:28:36','2025-04-22 09:45:40','A5C38664EA80732ED4E9625464F1253C',2,2,'main'),
('A9AEDA35D404A3E063F47A85642CE33C','Ofertas Venta','2025-04-18 11:20:06','2025-04-22 09:45:40','490484A9474D03AB69738B7FC05D057C',2,2,'main'),
('AED000F0A837976F6773AAD6C4A3B8D5','Quick create Usuario','2025-04-23 16:11:27','2025-04-23 16:11:27','E7F8AB4799E0C27385B9F2ACBFEFF04C',1,1,'quick_create'),
('BC9FD625AA1AAA4E1A858ED18704B741','Form Editor','2026-03-10 15:56:42','2026-03-10 15:56:42','35A30F1BCCCE6D3B8D512FAEAFCD6A01',2,1,'main'),
('BCE2A27B173FD877BE47B0C68D3E9535','Form Proyecto simple','2025-02-12 18:06:39','2025-04-22 09:45:40','3D87D8B6639DF0D570E9AB08F03853FD',1,2,'main'),
('BFEAA45A73FD275E111B7EB607A8EED3','Report main form','2025-03-17 15:27:59','2025-04-22 09:45:40','E4FE6D68F9B641C7958DD0221D953E3C',1,1,'main'),
('C589F8ED35DC2EB2ED5A6736487B8863','Plugin main form','2025-03-09 22:28:36','2025-04-22 09:45:40','B5C1929F74F23B89F862B0D372CD71D1',2,2,'main'),
('CA6849A95CF8B28AFE1DD1145A26B64D','Form solicitud','2026-06-22 18:08:14','2026-06-22 18:08:14','05AF0FD523FA0720A9A13883EA3F9328',2,1,'main'),
('CAC7AD65FBCE65EF1607E6348E68412D','Asignar Rol Quick','2026-03-20 09:14:15','2026-03-20 09:14:15','6D6F9BEDBFD9D59CB53DAAFB6D5FD116',1,1,'quick_create'),
('CD5A0904BD8E5876F811D2B04F37EFDB','Form linea de pedido ventas','2026-06-19 12:27:11','2026-06-19 12:27:11','D8E58E608DB593F4EA32FC4605A2065E',2,1,'main'),
('CE409535AAD9F9A8070CA4C60DDC469B','Proceso entidad Main','2025-09-05 12:59:36','2025-09-05 12:59:36','D549E0FA5CB115B1904768FC95526F79',2,1,'main'),
('D2967E1D62977B7B8F1D21242714A0A0','Form wiki','2026-03-25 15:44:51','2026-03-25 15:44:51','E6DCE1A15EDC95C41F18041C935F9C8A',1,1,'main'),
('E063563B01ADD70B7CDA3A72F2FB8E8A','keypass_quick_create','2025-08-22 11:15:03','2025-08-22 11:15:03','68BE6D4857B45CC219DBA380485C0FBF',1,1,'quick_create'),
('F6BED08898B4A8320F8A5D05BBFF04FD','Linea Oferta','2025-04-22 10:28:18','2025-04-22 10:28:18','8CD7AC1F9330314D645F44BFAD6749C4',2,1,'main'),
('FB636ED4284E3E824A0F7509081149E4','Cliente_main','2025-08-27 07:13:30','2025-08-27 07:13:30','ADFECBA489ED9C6AC1E43F0980D503A3',1,1,'main');
/*!40000 ALTER TABLE `app_forms` ENABLE KEYS */;
UNLOCK TABLES;

--
-- Table structure for table `app_graphics`
--

DROP TABLE IF EXISTS `app_graphics`;
/*!40101 SET @saved_cs_client     = @@character_set_client */;
/*!40101 SET character_set_client = utf8mb4 */;
CREATE TABLE `app_graphics` (
  `id` char(32) NOT NULL,
  `name` varchar(100) NOT NULL,
  `fecha_creacion` timestamp NULL DEFAULT current_timestamp(),
  `fecha_modificacion` timestamp NULL DEFAULT current_timestamp() ON UPDATE current_timestamp(),
  `id_entity` char(32) DEFAULT NULL,
  `tipo` varchar(50) DEFAULT NULL,
  `query` text DEFAULT NULL,
  `order_by` varchar(255) DEFAULT NULL,
  `data_field` varchar(255) DEFAULT NULL,
  `label_field` varchar(255) DEFAULT NULL,
  PRIMARY KEY (`id`)
) ENGINE=InnoDB DEFAULT CHARSET=utf8mb3 COLLATE=utf8mb3_general_ci;
/*!40101 SET character_set_client = @saved_cs_client */;

--
-- Dumping data for table `app_graphics`
--

LOCK TABLES `app_graphics` WRITE;
/*!40000 ALTER TABLE `app_graphics` DISABLE KEYS */;
INSERT INTO `app_graphics` VALUES
('217B2C08CE2FFF6F1B1C7444BDA6BD7F','Número de entidades por módulo','2025-04-11 18:19:28','2026-03-25 09:01:05','D15D4315C5B64BB2E6E17E0A4EBEB319','pie','select id_module, module, count(0) as entidades , -1 as uno\r\nfrom app_entities as e\r\nleft join app_modules as m on e.id_module = m.id\r\ngroup by module\r\n\r\n','2 desc','entidades','module'),
('DFE5BC48B3F67F94DA3CDCC42D0B90CD','Numero columnas por tabla','2025-04-12 17:43:37','2026-03-25 09:00:22','D15D4315C5B64BB2E6E17E0A4EBEB319','bar','select e.id_module as id_module,  e.entity, count(0) as num_columnas, rand()*10 as otro\r\nfrom app_entities e\r\ninner join app_entity_columns c on e.id = c.id_entity \r\ngroup by id_module, entity','3 desc','num_columnas, otro','entity'),
('FBCD4ABD9823A4AA97BBB9CE07510C12','Ofertas de la cuenta por estado','2026-03-26 15:45:41','2026-06-17 11:42:25','490484A9474D03AB69738B7FC05D057C','bar','select id_cuenta, estado, sum(total_neto) as importe , op.descripcion\r\nfrom ventas_ofertas ofe\r\ninner join app_optionsets op on ofe.estado = op.codigo and op.dominio = \'ESTADO_OFERTA\'\r\ngroup by id_cuenta, estado,op.descripcion','estado ','importe','descripcion');
/*!40000 ALTER TABLE `app_graphics` ENABLE KEYS */;
UNLOCK TABLES;

--
-- Table structure for table `app_indexes`
--

DROP TABLE IF EXISTS `app_indexes`;
/*!40101 SET @saved_cs_client     = @@character_set_client */;
/*!40101 SET character_set_client = utf8mb4 */;
CREATE TABLE `app_indexes` (
  `id` char(32) NOT NULL,
  `fecha_creacion` timestamp NULL DEFAULT current_timestamp(),
  `fecha_modificacion` timestamp NULL DEFAULT current_timestamp() ON UPDATE current_timestamp(),
  `columnas` varchar(100) DEFAULT NULL,
  `id_entity` char(32) DEFAULT NULL,
  `estado` int(11) DEFAULT NULL,
  `index_type` varchar(50) DEFAULT NULL,
  `name` varchar(100) DEFAULT NULL,
  PRIMARY KEY (`id`)
) ENGINE=InnoDB DEFAULT CHARSET=utf8mb3 COLLATE=utf8mb3_general_ci;
/*!40101 SET character_set_client = @saved_cs_client */;

--
-- Dumping data for table `app_indexes`
--

LOCK TABLES `app_indexes` WRITE;
/*!40000 ALTER TABLE `app_indexes` DISABLE KEYS */;
INSERT INTO `app_indexes` VALUES
('0C1197D88E895B98025CD8A6481B6572','2026-01-25 19:43:18','2026-01-25 19:43:21','entity','8A7584A9F47A9E6BD168FE208A4CBA9D',1,'unique','ix_entity_unique'),
('6CB2E19D889230CE6E97EA3C1172F3BA','2026-01-25 19:08:52','2026-01-25 19:29:29','codigo','490484A9474D03AB69738B7FC05D057C',1,'unique','ix_ventas_ofertas_codigo'),
('ABEEE8ABE80B00BF1345788B492A3A79','2026-03-08 16:37:47','2026-03-08 16:37:54','filename','B5C1929F74F23B89F862B0D372CD71D1',1,'unique','IX_app_plugin_library'),
('B655B5432B6B88F36D78FB66ADA8AF7B','2026-01-25 19:39:00','2026-01-25 19:40:46','filename','A5C38664EA80732ED4E9625464F1253C',1,'unique','ix_plugin_filename'),
('DB85866C595ED5B610FB6EB475DE388D','2026-01-25 19:39:00','2026-01-25 19:41:32','filename','A9BC1252645E7B10B92A1C75E8D6E4EF',1,'unique','ix_script_filename');
/*!40000 ALTER TABLE `app_indexes` ENABLE KEYS */;
UNLOCK TABLES;

--
-- Table structure for table `app_modules`
--

DROP TABLE IF EXISTS `app_modules`;
/*!40101 SET @saved_cs_client     = @@character_set_client */;
/*!40101 SET character_set_client = utf8mb4 */;
CREATE TABLE `app_modules` (
  `id` char(32) NOT NULL,
  `module` varchar(50) NOT NULL,
  `folder` varchar(50) NOT NULL,
  `orden` int(11) DEFAULT NULL,
  PRIMARY KEY (`id`)
) ENGINE=InnoDB DEFAULT CHARSET=utf8mb3 COLLATE=utf8mb3_general_ci;
/*!40101 SET character_set_client = @saved_cs_client */;

--
-- Dumping data for table `app_modules`
--

LOCK TABLES `app_modules` WRITE;
/*!40000 ALTER TABLE `app_modules` DISABLE KEYS */;
INSERT INTO `app_modules` VALUES
('0E4B1126153FCBE256A6C781AD88E055','Desarrollo','core',3),
('2BAA56D57128A664AD18DF268E31E49E','Ventas','ventas',1),
('4B43BFABE3539607068B45A4209298B6','Proyectos','proyectos',0),
('881AE76B343D3FA19490ED05B852349A','Configuración','config',2),
('A527688A7570A8A58A1DA2BB62518C7E','Datos Maestros','masterdata',1),
('FFD24C35C8D97E14CC5727399391C723','Seguridad','security',5);
/*!40000 ALTER TABLE `app_modules` ENABLE KEYS */;
UNLOCK TABLES;

--
-- Table structure for table `app_numeraciones`
--

DROP TABLE IF EXISTS `app_numeraciones`;
/*!40101 SET @saved_cs_client     = @@character_set_client */;
/*!40101 SET character_set_client = utf8mb4 */;
CREATE TABLE `app_numeraciones` (
  `id` char(32) NOT NULL,
  `nombre` varchar(100) NOT NULL,
  `fecha_creacion` timestamp NULL DEFAULT current_timestamp(),
  `fecha_modificacion` timestamp NULL DEFAULT current_timestamp() ON UPDATE current_timestamp(),
  `prefijo` varchar(10) DEFAULT NULL,
  `siguiente` int(11) DEFAULT NULL,
  `longitud` int(11) DEFAULT NULL,
  `anual` int(11) DEFAULT NULL,
  PRIMARY KEY (`id`)
) ENGINE=InnoDB DEFAULT CHARSET=utf8mb3 COLLATE=utf8mb3_general_ci;
/*!40101 SET character_set_client = @saved_cs_client */;

--
-- Dumping data for table `app_numeraciones`
--

LOCK TABLES `app_numeraciones` WRITE;
/*!40000 ALTER TABLE `app_numeraciones` DISABLE KEYS */;
INSERT INTO `app_numeraciones` VALUES
('9030102AFFB07384C5E1DC40E2A4ECB1','ventas_ofertas','2025-04-08 17:23:25','2026-06-13 17:43:33','OV',65,6,1),
('BED79F9724E2291B624D18862B714864','ventas_pedidos','2025-04-08 17:23:25','2026-06-15 15:39:00','PV',0,6,1);
/*!40000 ALTER TABLE `app_numeraciones` ENABLE KEYS */;
UNLOCK TABLES;

--
-- Table structure for table `app_optionsets`
--

DROP TABLE IF EXISTS `app_optionsets`;
/*!40101 SET @saved_cs_client     = @@character_set_client */;
/*!40101 SET character_set_client = utf8mb4 */;
CREATE TABLE `app_optionsets` (
  `id` char(32) NOT NULL,
  `fecha_creacion` timestamp NULL DEFAULT current_timestamp(),
  `fecha_modificacion` timestamp NULL DEFAULT current_timestamp() ON UPDATE current_timestamp(),
  `id_dominio` char(32) DEFAULT NULL,
  `codigo` varchar(20) DEFAULT NULL,
  `descripcion` varchar(100) DEFAULT NULL,
  `color` varchar(20) DEFAULT NULL,
  `dominio` varchar(50) DEFAULT NULL,
  PRIMARY KEY (`id`)
) ENGINE=InnoDB DEFAULT CHARSET=utf8mb3 COLLATE=utf8mb3_general_ci;
/*!40101 SET character_set_client = @saved_cs_client */;

--
-- Dumping data for table `app_optionsets`
--

LOCK TABLES `app_optionsets` WRITE;
/*!40000 ALTER TABLE `app_optionsets` DISABLE KEYS */;
INSERT INTO `app_optionsets` VALUES
('012CB5A10B75BAACB38BFBFCB6DF7D89','2025-04-21 07:40:02','2025-04-21 15:47:23','38B254DB46046B287DEF3B3FFC211416','3','Revisado',NULL,'PROD_COMP_STATUS'),
('04F47BA7BA9247E3AF7E4F35F8D41618','2025-04-21 07:40:02','2025-04-21 15:47:23','19162AB4098B1D5188D298AAA3DCAED4','0','No','#fb7474','SI_NO'),
('05044C737CC539E9A445DBFD58D0B408','2025-04-21 07:40:02','2025-04-21 15:47:23','D239E4D7EE368E8581DCE8F206DA9EC7','richtext','Rich Text (Html)',NULL,'CONTROL_TYPE'),
('0D15BB2BD2AEAF26459DE88F4C77585F','2025-04-21 07:40:02','2025-04-21 15:47:23','E959957AC528E2B3E18AD04C8705377B','producto','Producto','#ffffff','TIPO_PRODUCTO'),
('14CE9A10DD4380810BEE97DBD5E01075','2025-04-21 07:40:02','2025-04-21 15:47:23','3B790071A5C7DB97720467A84A4D8DF3','form','Script Formulario','#ffffff','SCRIPT_TYPE'),
('18F568082883FBA993119E4C68EE6B06','2025-04-21 07:40:02','2025-04-21 15:47:23','38B254DB46046B287DEF3B3FFC211416','1','Scrapped',NULL,'PROD_COMP_STATUS'),
('1EA3F31EF32117CD808DDDE0F579AB3A','2026-03-08 16:48:28','2026-03-08 16:48:28','67E0B62AFBE89F389C0E3908077462F2','resource','Recurso HTML','#ffffff','FORM_ITEM'),
('1F0715FD08CE56D182815707E5B363BF','2025-04-21 07:40:02','2025-04-21 15:47:23','E98AB9DDDDAAD1B01B4B6D35403A6E80','-1','(-) Gastos',NULL,'TIPO_DIARIO'),
('20CB68C8BFAD9170768FBBBC501C06FE','2025-04-21 07:40:02','2025-04-21 15:47:23','3E20284C127A906F042D9E5A8F36476C','script_list','Script Listado (JS)','#ffffff','BUTTON_TYPE'),
('20CD94E74E9D511DEC5EBD57B3A3CF34','2025-04-21 07:40:02','2025-04-21 15:47:23','A9901F094091A4784148DF50F222AB2F','calc','Campo Calculado (SQL)',NULL,'COLUMN_TYPE'),
('21294616B199A5A8D5FF9599744EA457','2025-04-21 07:40:02','2025-04-21 15:47:23','A9901F094091A4784148DF50F222AB2F','int','Número Entero',NULL,'COLUMN_TYPE'),
('2536551E417733766FB667D1DE42E46E','2025-04-21 07:40:02','2025-04-21 15:47:23','84674DA52513C0D1D7500E22C2E89D08','1','(+) Positivo',NULL,'SIGNO_DIARIO'),
('2C9CB2D3284E15D0A296457E23CBE0A0','2025-04-21 07:40:02','2025-04-21 15:47:23','064F319344909AC3C32D37BACD4D3D02','bar','Barras','#ffffff','CHART_TYPE'),
('3022F7BD3C789BCC3FEBCCF46F9EF300','2025-04-21 07:40:02','2025-09-02 07:20:54','3E20284C127A906F042D9E5A8F36476C','form','Formulario (plugin)','#ffffff','BUTTON_TYPE'),
('32C7420AEF146878470C50663F42AF98','2025-04-22 09:36:07','2025-04-22 09:36:07','21EF67E4961D5520B510BB7B12EDCE27','quick_create','Creación Rapida','#ffffff','FORM_TYPE'),
('33822AE32A0F2FD07A91944905F2CE4F','2025-04-21 07:40:02','2025-04-21 15:47:23','19162AB4098B1D5188D298AAA3DCAED4','1','Si','#3eca3c','SI_NO'),
('3679658D824D341778529E532C1BB68E','2025-04-21 07:40:02','2025-04-21 15:47:23','E959957AC528E2B3E18AD04C8705377B','servicio','Servicio','#ffffff','TIPO_PRODUCTO'),
('3B35FEC0D47307852F5CE07A38264B09','2025-04-21 07:40:02','2025-04-21 15:47:23','7F12217D645D764295E996038BD113D4','0','Fichero',NULL,'PLUGIN_TYPE'),
('3BBBB238153A6C12F7982A4B2D6AFBFB','2025-04-21 07:40:02','2025-04-21 15:47:23','1B8C9613E2D31EC0F88185B0E0944F23','col-100','100%','#ffffff','CONTROL_WIDTH'),
('3C3AD06A84D428CB362CB9A8680D374C','2025-04-21 07:40:02','2025-04-21 15:47:23','D239E4D7EE368E8581DCE8F206DA9EC7','option','Option',NULL,'CONTROL_TYPE'),
('3DDC0F37646BFD583046DD3A3AF05B59','2025-04-21 07:40:02','2025-04-21 15:47:23','A9901F094091A4784148DF50F222AB2F','password','Password',NULL,'COLUMN_TYPE'),
('3EDA386C1BBD5E355D34D7E0A4BB71FA','2025-04-21 07:40:02','2025-04-21 15:47:23','84674DA52513C0D1D7500E22C2E89D08','-1','(-) Negativo',NULL,'SIGNO_DIARIO'),
('3F74ABD684FDF09A29C6D7873452B201','2025-04-21 11:34:57','2025-04-21 15:47:23','F4123D4A9CCDBBB6E7C966FF02E418FB','3','Perdida','#e60000','ESTADO_OFERTA'),
('418D901D4C7EF33E6100FA761FC3E878','2025-04-21 07:40:02','2025-04-21 15:47:23','2501E42DFA5A70BB0EC5537277DCF13F','1','Genérico',NULL,'MOV_DIARIO_CAT'),
('436897C88DF2FC7D81347490D14A0D71','2025-04-21 07:40:02','2025-04-21 15:47:23','AAA60E047C0CDF3BBAE06C746D5405D9','1','Activo','#2eca2e','ESTADOS'),
('43CA7A3DE51CF3E24417B1F43A32AC89','2025-04-22 09:35:32','2025-04-22 09:35:32','21EF67E4961D5520B510BB7B12EDCE27','main','Formulario Principal','#ffffff','FORM_TYPE'),
('43F24405F198A80D75A12B678F44D0AD','2026-03-10 21:36:10','2026-03-10 21:36:10','2BB662787969163CAEA88081FCA445FD','3','Cancelado','#ff0000','ESTADO_TAREA'),
('45A222F68B2AC693F469BF5C4E815148','2025-09-08 18:41:35','2025-09-08 18:42:20','32D1C9A2575CFF475A88270E2D86778F','1','Final','#ffffff','TIPO_FASE_PROCESO'),
('45CAC012ECC66F98DC43D0B6554E6164','2025-04-21 07:40:02','2025-04-21 15:47:23','A9901F094091A4784148DF50F222AB2F','textarea','Text Area','#ffffff','COLUMN_TYPE'),
('4AA16D67B08BA4ABE4DC1C1BA333432C','2025-04-21 07:40:02','2025-04-21 15:47:23','7F12217D645D764295E996038BD113D4','1','Dinámico',NULL,'PLUGIN_TYPE'),
('4B1DF331F23EFD6E46DAD5367FCA32FB','2025-04-21 07:40:02','2025-04-21 15:47:23','3B790071A5C7DB97720467A84A4D8DF3','lib','Librería','#ffffff','SCRIPT_TYPE'),
('4C781F885E4C3E365675A81475E71019','2025-04-21 07:40:02','2025-04-21 15:47:23','D239E4D7EE368E8581DCE8F206DA9EC7','phpcode','PHP Code',NULL,'CONTROL_TYPE'),
('4C95528C6BA242EE4F4410EFD703EF33','2025-04-21 07:40:02','2025-04-21 15:47:23','A9901F094091A4784148DF50F222AB2F','color','Color','#4e7eca','COLUMN_TYPE'),
('4E7980B68193CE2F7B1EF2DDA77CAAA3','2025-04-21 07:40:02','2026-04-26 10:41:49','D239E4D7EE368E8581DCE8F206DA9EC7','richtext_simple','Rich Text Simple (Html)','#ffffff','CONTROL_TYPE'),
('503E728E6CD4AEE55E9314296FC2C018','2026-01-25 18:57:19','2026-01-25 18:57:30','D591A31E763158BD1B92B0480AA38543','unique','Unico','#ffffff','INDEX_TYPE'),
('504841D82C273E843D70E2489E25C0EF','2025-04-21 07:40:02','2026-03-31 17:36:07','67E0B62AFBE89F389C0E3908077462F2','graph','Gráfico','#ffffff','FORM_ITEM'),
('527E4BF4F0F02DF3375043E0E3B20865','2025-04-21 07:40:02','2025-04-21 15:47:23','2501E42DFA5A70BB0EC5537277DCF13F','5','Compras',NULL,'MOV_DIARIO_CAT'),
('52BBE6CA3FF34B3FF3FEE635BCD772D0','2025-04-21 07:40:02','2025-04-21 15:47:23','2501E42DFA5A70BB0EC5537277DCF13F','4','Ventas',NULL,'MOV_DIARIO_CAT'),
('58711EAFDB3A8F1EFF1FC3723F91343D','2025-04-21 07:40:02','2025-04-21 15:47:23','D239E4D7EE368E8581DCE8F206DA9EC7','sql_code','SQL Code','#ffffff','CONTROL_TYPE'),
('5B9969E0DF1ED90FA03119322CE8DBE3','2025-04-21 07:40:02','2025-04-21 15:47:23','8BD5739DA78A753F13CC9B0BFDEA3EC1','cascade','Cascade','#ffffff','RELATION_VEH'),
('5CA7EC34A7AB2D6E97EC8550B86DE98E','2025-04-21 07:40:02','2025-04-21 15:47:23','A9901F094091A4784148DF50F222AB2F','datetime','Datetime',NULL,'COLUMN_TYPE'),
('6202F32621202E6F29281C9C05E5B894','2025-04-21 07:40:02','2025-04-21 15:47:23','1B8C9613E2D31EC0F88185B0E0944F23','col-50','50%','#ffffff','CONTROL_WIDTH'),
('651E26CA67C60E403807DC356ECAF2AF','2025-09-08 18:41:35','2025-09-08 18:42:29','32D1C9A2575CFF475A88270E2D86778F','2','Intermedia','#ffffff','TIPO_FASE_PROCESO'),
('679B7841F862AF70283805EAB706056E','2025-04-21 07:40:02','2025-04-21 15:47:23','1B8C9613E2D31EC0F88185B0E0944F23','col-33','33%','#ffffff','CONTROL_WIDTH'),
('67B2680813294B3DAD607596D612D724','2025-04-21 07:40:02','2025-04-21 15:47:23','33B58BE7423415F281511E0014CC8F93','action','Acción','#e6e141','ENTITY_TYPE'),
('68423E7278D772E0451EF1B49C03F6EA','2025-04-21 07:40:02','2025-04-21 15:47:23','33B58BE7423415F281511E0014CC8F93','panel','Panel (Información)','#41e65d','ENTITY_TYPE'),
('6ACBE5BD6EDDCDE5BA595467DCC31EDA','2026-06-18 19:13:11','2026-06-18 19:13:30','E959957AC528E2B3E18AD04C8705377B','virtual','Producto virtual','#ffffff','TIPO_PRODUCTO'),
('6AEE1AD7135ACB77317A96C0F50D1130','2025-04-21 07:40:02','2025-04-21 15:47:23','D239E4D7EE368E8581DCE8F206DA9EC7','javascript','Javascript Code',NULL,'CONTROL_TYPE'),
('6E3CCBE793A336A5B0495CDC6FF8BA96','2025-04-21 07:40:02','2025-04-21 15:47:23','2501E42DFA5A70BB0EC5537277DCF13F','2','Comisiones',NULL,'MOV_DIARIO_CAT'),
('6E7B15E4CE8FA4D66B2D1021C22F9444','2025-04-21 07:40:02','2025-04-21 15:47:23','38B254DB46046B287DEF3B3FFC211416','4','Importado',NULL,'PROD_COMP_STATUS'),
('7424437C60A28949943B89ECA2C96BC8','2025-04-21 07:40:02','2025-04-21 15:47:23','A9901F094091A4784148DF50F222AB2F','file','Fichero',NULL,'COLUMN_TYPE'),
('81BE958536DB89C25FAFB094A21E6442','2025-08-26 11:26:43','2025-08-26 11:26:43','C795A6C19C7D54E52A2CC9C1ABE439F7','3','Facturado','#ffffff','ESTADO_PEDIDO'),
('86FCC4EA3C1048A41F5F4E2A09BCDB98','2025-04-21 07:40:02','2025-04-21 15:47:23','D239E4D7EE368E8581DCE8F206DA9EC7','color','Color Picker',NULL,'CONTROL_TYPE'),
('8D4583C26E117A1583ACD04F387D70CF','2025-04-21 07:40:02','2025-09-02 07:21:02','3E20284C127A906F042D9E5A8F36476C','list','Listado (plugin)','#ffffff','BUTTON_TYPE'),
('8E082A1FF476B1229605D5ECE67484F5','2025-04-21 07:40:02','2025-04-21 15:47:23','38B254DB46046B287DEF3B3FFC211416','0','Nuevo',NULL,'PROD_COMP_STATUS'),
('92BD2F2B0D3D51E61BB397B74819B3F4','2025-08-26 11:26:43','2025-08-28 11:08:09','C795A6C19C7D54E52A2CC9C1ABE439F7','4','Cancelado','#ffffff','ESTADO_PEDIDO'),
('9316C5E5B1AA4F71FEC1ACD06C313BDE','2025-09-08 18:41:35','2025-09-08 18:41:35','32D1C9A2575CFF475A88270E2D86778F','0','Inicial','#ffffff','TIPO_FASE_PROCESO'),
('93345094CC34A8C7B991A7709B5CA021','2025-04-21 07:40:02','2025-04-21 15:47:23','A9901F094091A4784148DF50F222AB2F','decimal','Número Decimal',NULL,'COLUMN_TYPE'),
('98C97AE291C0C55233B9DC8B3D66F5C6','2025-04-21 07:40:02','2025-04-21 15:47:23','AAA60E047C0CDF3BBAE06C746D5405D9','0','Inactivo','#ff0000','ESTADOS'),
('9A7ECBC9FDEF0D8281461762573DC564','2025-04-21 07:40:02','2025-04-21 15:47:23','2BB662787969163CAEA88081FCA445FD','0','Pendiente','#ffffff','ESTADO_TAREA'),
('9D14BDD5136F7E67845FA407EF557B4E','2025-04-21 07:40:02','2025-04-21 15:47:23','064F319344909AC3C32D37BACD4D3D02','line','Línea','#ffffff','CHART_TYPE'),
('A27C6860FAFD29782E49C98F79CBE5D6','2025-04-21 07:40:02','2025-04-21 15:47:23','2501E42DFA5A70BB0EC5537277DCF13F','3','Publicidad',NULL,'MOV_DIARIO_CAT'),
('A3D3D9ED85736008BF0F42575D4A8754','2025-08-25 11:52:47','2025-08-25 11:52:47','A9901F094091A4784148DF50F222AB2F','status','Estado del registro','#ffffff','COLUMN_TYPE'),
('A4E713E802CC3D1C920D1639F9105122','2025-04-21 07:40:02','2025-04-21 15:47:23','03B653DA190FD80418D96A6036A5FA0C','lookup','Lookup',NULL,'VIEW_TYPE'),
('A921D8A9E76BFE9AB2BBA5F82D6F15CF','2025-04-21 07:40:02','2026-03-31 17:36:15','67E0B62AFBE89F389C0E3908077462F2','column','Columna','#ffffff','FORM_ITEM'),
('AD6349A73BEFF9CAC10C202FA31FD964','2025-04-21 07:40:02','2025-04-21 15:47:23','E98AB9DDDDAAD1B01B4B6D35403A6E80','1','(+) Ingresos',NULL,'TIPO_DIARIO'),
('AF5E5CF8632EECBF8CAC280D13FEC838','2025-04-21 07:40:02','2025-04-21 15:47:23','38B254DB46046B287DEF3B3FFC211416','2','Reescrito',NULL,'PROD_COMP_STATUS'),
('B54209ED14CD54E3FEC8A1A82838BE16','2025-08-26 11:18:56','2025-08-26 11:20:52','C795A6C19C7D54E52A2CC9C1ABE439F7','0','Borrador','#ffffff','ESTADO_PEDIDO'),
('B6521EC218AC9D9F3BC8132CC306C80D','2025-04-21 07:40:02','2025-04-21 15:47:23','AEFFD15C9CC655255EB2232524392C18','multiple','Multiple','#ffffff','RPT_QUERY_RESULT'),
('B746B7911317EEE1D8D4532DA57532AF','2025-04-21 07:40:02','2025-04-21 15:47:23','AEFFD15C9CC655255EB2232524392C18','unique','Unico','#ffffff','RPT_QUERY_RESULT'),
('B80E490B34B467FDA779383735556495','2025-04-21 07:40:02','2025-04-21 15:47:23','D239E4D7EE368E8581DCE8F206DA9EC7','lookup','Lookup',NULL,'CONTROL_TYPE'),
('BD1C32977B814007912C0DC2A44F4588','2025-04-21 07:40:02','2025-04-21 15:47:23','2BB662787969163CAEA88081FCA445FD','2','Completado','#46ca46','ESTADO_TAREA'),
('C0FB717C4B298C8A332C7F61FA0D5AA0','2026-01-08 14:00:32','2026-01-08 14:00:32','A9901F094091A4784148DF50F222AB2F','secret','Secreto','#ffffff','COLUMN_TYPE'),
('C3305DD567D3167826DE0203B463EE46','2025-04-22 09:36:35','2025-04-22 09:36:35','21EF67E4961D5520B510BB7B12EDCE27','quick_edit','Edición Rápida (pendiente)','#ffffff','FORM_TYPE'),
('C3A789142DA9BCD7685571C11DEDDD1F','2025-04-21 07:40:02','2025-04-21 15:47:23','D239E4D7EE368E8581DCE8F206DA9EC7','image','Imagen',NULL,'CONTROL_TYPE'),
('C64A802D197C208FCE055D84A859C209','2025-04-21 07:40:02','2025-04-21 15:47:23','2BB662787969163CAEA88081FCA445FD','1','Iniciado','#eff174','ESTADO_TAREA'),
('CFE0C0E69811F5740BDE53CAAF0B16C8','2025-04-21 11:34:35','2025-09-17 16:33:20','F4123D4A9CCDBBB6E7C966FF02E418FB','2','Ganada','#2bee2e','ESTADO_OFERTA'),
('D3B7AF9A7C4272525A894D32DE07B117','2025-04-21 07:40:02','2025-04-21 15:47:23','3E20284C127A906F042D9E5A8F36476C','script_form','Script Formulario (JS)','#ffffff','BUTTON_TYPE'),
('D5AAC82EFFF4A1A39B917D0D273FA174','2025-04-21 07:40:02','2025-04-21 15:47:23','064F319344909AC3C32D37BACD4D3D02','pie','Tarta','#ffffff','CHART_TYPE'),
('D6CE37D57E4C96BF0A7A39A023510A56','2025-04-21 07:40:02','2025-04-21 15:47:23','8BD5739DA78A753F13CC9B0BFDEA3EC1','restrict','Restrict','#ffffff','RELATION_VEH'),
('D6F208EFEEE26A0709D3EF52100E96A4','2025-08-26 11:22:19','2025-08-26 11:22:19','C795A6C19C7D54E52A2CC9C1ABE439F7','1','Confirmado','#ffffff','ESTADO_PEDIDO'),
('D85D88B8BCCF08C903129EF423306BAD','2026-01-25 18:57:19','2026-01-25 18:57:19','D591A31E763158BD1B92B0480AA38543','btree','B Tree','#ffffff','INDEX_TYPE'),
('DAEBF8E733C3CB7FCC9A948549EE3765','2025-04-21 07:40:02','2025-04-21 15:47:23','A9901F094091A4784148DF50F222AB2F','date','Date','#ffffff','COLUMN_TYPE'),
('DAF2153C79A4623D02BED5D731C2AE61','2025-04-21 11:34:08','2025-09-25 16:34:15','F4123D4A9CCDBBB6E7C966FF02E418FB','0','Borrador','#ffffff','ESTADO_OFERTA'),
('E8711520D564518E44E383E924737E4B','2025-04-21 07:40:02','2025-04-21 15:47:23','33B58BE7423415F281511E0014CC8F93','table','Entidad BBDD','#387aff','ENTITY_TYPE'),
('E9B26DB9287122FD712AEE8AA37DBB9A','2025-04-21 07:40:02','2025-04-21 15:47:23','064F319344909AC3C32D37BACD4D3D02','doughnut','Donut','#ffffff','CHART_TYPE'),
('EBB239BA48B5070EB57C14501CAE8B97','2025-04-21 11:34:18','2025-09-17 16:33:03','F4123D4A9CCDBBB6E7C966FF02E418FB','1','Presentada','#0d83d2','ESTADO_OFERTA'),
('F103E1CE4EB677E80862C44F72A394B4','2025-04-21 07:40:02','2025-04-21 15:47:23','03B653DA190FD80418D96A6036A5FA0C','associated','Asociada',NULL,'VIEW_TYPE'),
('F2E3A67C5F45A7CE1BFE93D3F6B0010F','2025-08-26 11:26:26','2025-08-26 11:26:26','C795A6C19C7D54E52A2CC9C1ABE439F7','2','Entregado','#ffffff','ESTADO_PEDIDO'),
('F7A44FAF9E5FBAF38A3C5EC60E1A5412','2025-04-21 07:40:02','2025-04-21 15:47:23','67E0B62AFBE89F389C0E3908077462F2','view','Vista','#ffffff','FORM_ITEM'),
('F84731A21E8909B982F8D678A4A19E0D','2025-04-21 07:40:02','2025-04-21 15:47:23','A9901F094091A4784148DF50F222AB2F','text','Text',NULL,'COLUMN_TYPE'),
('FBDBDE436C6935C3D98AEF62EFB4D86E','2025-04-21 07:40:02','2025-04-21 15:47:23','03B653DA190FD80418D96A6036A5FA0C','public','Publica',NULL,'VIEW_TYPE'),
('FC5EB5064D1A579B6A491601FB57AE19','2025-04-21 07:40:02','2025-04-21 15:47:23','A9901F094091A4784148DF50F222AB2F','guid','Guid',NULL,'COLUMN_TYPE'),
('FDAD74A8FF3ACCCAA64634C34288271E','2025-04-21 07:40:02','2025-04-21 15:47:23','3B790071A5C7DB97720467A84A4D8DF3','list','Script Listado','#ffffff','SCRIPT_TYPE');
/*!40000 ALTER TABLE `app_optionsets` ENABLE KEYS */;
UNLOCK TABLES;

--
-- Table structure for table `app_permisos_entidad`
--

DROP TABLE IF EXISTS `app_permisos_entidad`;
/*!40101 SET @saved_cs_client     = @@character_set_client */;
/*!40101 SET character_set_client = utf8mb4 */;
CREATE TABLE `app_permisos_entidad` (
  `id` char(32) NOT NULL,
  `fecha_creacion` timestamp NULL DEFAULT current_timestamp(),
  `fecha_modificacion` timestamp NULL DEFAULT current_timestamp() ON UPDATE current_timestamp(),
  `id_entity` char(32) DEFAULT NULL,
  `id_rol` char(32) DEFAULT NULL,
  `read_access` int(11) DEFAULT NULL,
  `write_access` int(11) DEFAULT NULL,
  `delete_access` int(11) DEFAULT NULL,
  `insert_access` int(11) DEFAULT NULL,
  PRIMARY KEY (`id`),
  KEY `FK_app_permisos_entidad_app_entities` (`id_entity`),
  KEY `FK_app_permisos_entidad_app_roles` (`id_rol`),
  CONSTRAINT `FK_app_permisos_entidad_app_entities` FOREIGN KEY (`id_entity`) REFERENCES `app_entities` (`id`),
  CONSTRAINT `FK_app_permisos_entidad_app_roles` FOREIGN KEY (`id_rol`) REFERENCES `app_roles` (`id`)
) ENGINE=InnoDB DEFAULT CHARSET=utf8mb3 COLLATE=utf8mb3_general_ci;
/*!40101 SET character_set_client = @saved_cs_client */;

--
-- Dumping data for table `app_permisos_entidad`
--

LOCK TABLES `app_permisos_entidad` WRITE;
/*!40000 ALTER TABLE `app_permisos_entidad` DISABLE KEYS */;
INSERT INTO `app_permisos_entidad` VALUES
('A99283139B710276923F84670F3FADE5','2025-03-10 18:34:36','2025-03-10 18:34:53','ADFECBA489ED9C6AC1E43F0980D503A3','4C84E85CC544B6789633DA6D5D379BB2',1,0,0,1),
('B3C28717B2B041661C9A0591B5729332','2025-03-10 20:55:58','2025-03-10 20:55:58','7D2C9C0CF3B893CA6EC55DC070198D44','1274DDFA7F6109B4FB51287900D64149',1,1,1,1),
('B4C0CD706039B88601F1F8147907B0FD','2025-09-01 07:03:10','2025-09-01 07:03:10','490484A9474D03AB69738B7FC05D057C','4C84E85CC544B6789633DA6D5D379BB2',1,0,1,1),
('D5CF839890EC13077263AFCA25B41F56','2025-03-10 18:34:12','2025-03-10 20:53:10','7D2C9C0CF3B893CA6EC55DC070198D44','4C84E85CC544B6789633DA6D5D379BB2',1,1,0,0);
/*!40000 ALTER TABLE `app_permisos_entidad` ENABLE KEYS */;
UNLOCK TABLES;

--
-- Table structure for table `app_plugin_library`
--

DROP TABLE IF EXISTS `app_plugin_library`;
/*!40101 SET @saved_cs_client     = @@character_set_client */;
/*!40101 SET character_set_client = utf8mb4 */;
CREATE TABLE `app_plugin_library` (
  `id` char(32) NOT NULL,
  `filename` varchar(100) NOT NULL,
  `fecha_creacion` timestamp NULL DEFAULT current_timestamp(),
  `fecha_modificacion` timestamp NULL DEFAULT current_timestamp() ON UPDATE current_timestamp(),
  `estado` int(11) DEFAULT NULL,
  `id_module` char(32) DEFAULT NULL,
  `code` text DEFAULT NULL,
  PRIMARY KEY (`id`),
  UNIQUE KEY `IX_app_plugin_library` (`filename`)
) ENGINE=InnoDB DEFAULT CHARSET=utf8mb3 COLLATE=utf8mb3_general_ci;
/*!40101 SET character_set_client = @saved_cs_client */;

--
-- Dumping data for table `app_plugin_library`
--

LOCK TABLES `app_plugin_library` WRITE;
/*!40000 ALTER TABLE `app_plugin_library` DISABLE KEYS */;
INSERT INTO `app_plugin_library` VALUES
('744C7174AA8C8A2410BA94C933C62067','recurso.html','2025-10-19 17:58:24','2026-06-12 13:21:01',1,'2BAA56D57128A664AD18DF268E31E49E','<!DOCTYPE html>\r\n<html lang=\"es\">\r\n<head>\r\n  <meta charset=\"UTF-8\">\r\n  <title>Procesar CSV y convertir a JSON</title>\r\n\r\n  <script>\r\n      \r\n    document.addEventListener(\"DOMContentLoaded\", onload);\r\n    function onload(){\r\n        debugger;\r\n        let app = window.parent.MyApp;\r\n        let id = app.form.getFieldValue(\"id\");\r\n        app.ui.notify(id);\r\n    }\r\n  </script>\r\n</head>\r\n<body>\r\n  <?php echo \"hola mundo\"; ?>\r\n  <button type=\"button\" class=\"btn btn-primary\" onclick=\"window.parent.reloadPage();\">Primary</button>\r\n  \r\n</body>\r\n</html>\r\n'),
('C51F112FEA4A404BA9970F5593E384EA','ventas_lib.php','2025-05-06 10:07:26','2026-06-19 12:14:47',1,'2BAA56D57128A664AD18DF268E31E49E','<?php\r\n\r\n\r\nclass BL_Ventas {\r\n    \r\n    public static function getMapping_Quote2Order(){\r\n        $map = new Mapping();\r\n        \r\n        $map->addMapping(\'titulo\', \'titulo\');\r\n        $map->addMapping(\'total_neto\', \'total_neto\');\r\n        $map->addMapping(\'importe_total\', \'importe_total\');\r\n        $map->addMapping(\'id_cuenta\', \'id_cuenta\');\r\n        $map->addMapping(\'notas\', \'notas\');\r\n        $map->addMapping(\'id\', \'id_oferta\');\r\n        $map->addMapping(\'total_impuestos\', \'total_impuestos\');\r\n        $map->addMapping(\'id_empresa\', \'id_empresa\');\r\n        return $map;\r\n\r\n    }\r\n    public static function getMapping_QuoteLine2OrderLine(){\r\n        $map = new Mapping();\r\n        \r\n        $map->addMapping(\'cantidad\');\r\n        $map->addMapping(\'Concepto\');\r\n        $map->addMapping(\'descuento\');\r\n        $map->addMapping(\'id_producto\');\r\n        $map->addMapping(\'impuesto\');\r\n        $map->addMapping(\'impuestos\');\r\n        $map->addMapping(\'orden\');\r\n        $map->addMapping(\'precio\');\r\n        $map->addMapping(\'status\');\r\n        $map->addMapping(\'total_impuestos\');\r\n        $map->addMapping(\'total_linea\');\r\n        $map->addMapping(\'total_neto\');\r\n\r\n        \r\n        return $map;\r\n\r\n    }\r\n    \r\n    public static function Confirmar_Oferta($id_oferta){\r\n        \r\n        $map = BL_Ventas::getMapping_Quote2Order();\r\n        $map_linea = BL_Ventas::getMapping_QuoteLine2OrderLine();\r\n        \r\n        $row = dbgetbyid(\"ventas_ofertas\",$id_oferta);\r\n        \r\n        $pedido = $map->cloneRecord($row);\r\n        $pedido[\'codigo\'] = nextSequence(\"ventas_pedidos\");\r\n        $pedido[\'fecha_pedido\']= date(\"Y-m-d\");\r\n        $pedido[\'status\']= 1;\r\n        \r\n        \r\n        $id_pedido = dbinsert(\"ventas_pedidos\",$pedido);\r\n        \r\n        $lineas = query(\"Select * from ventas_ofertas_lineas where id_oferta = \'$id_oferta\'\");\r\n        \r\n        foreach ($lineas as $linea){\r\n            \r\n            $new_record = $map_linea->cloneRecord($linea);\r\n            $new_record[\'id_pedido\'] = $id_pedido;\r\n            $new_record[\'status\']= 1;\r\n            \r\n            dbinsert(\"ventas_pedidos_lineas\",$new_record);\r\n            \r\n        }\r\n        \r\n        \r\n        \r\n    }\r\n    \r\n}\r\n\r\n'),
('F60803B70C817BC17F4FA11BE3876C97','codigo_barras.html','2026-06-12 13:15:02','2026-06-15 11:23:09',1,'2BAA56D57128A664AD18DF268E31E49E','<!DOCTYPE html>\r\n<html lang=\"es\">\r\n<head>\r\n  <meta charset=\"UTF-8\">\r\n  <title>Leer códigos de barras con cámara</title>\r\n\r\n  <script src=\"https://unpkg.com/html5-qrcode@2.3.8/html5-qrcode.min.js\" type=\"text/javascript\"></script>\r\n  \r\n  <script type=\"text/javascript\">\r\n    document.addEventListener(\"DOMContentLoaded\", onload);\r\n\r\n\r\n    function onload(){\r\n        \r\n        debugger;\r\n        function onScanSuccess(decodedText, decodedResult) {\r\n        // handle the scanned code as you like, for example:\r\n            alert(`Code matched = ${decodedText}`);\r\n        }\r\n        \r\n        function onScanFailure(error) {\r\n        // handle scan failure, usually better to ignore and keep scanning.\r\n        // for example:\r\n            console.warn(`Code scan error = ${error}`);\r\n        }\r\n        \r\n        \r\n        const reader = document.getElementById(\"reader\");\r\n\r\n        const size = Math.min(\r\n            reader.clientWidth,\r\n            window.innerHeight\r\n        ) * 0.7;\r\n        \r\n        let html5QrcodeScanner = new Html5QrcodeScanner(\r\n            \"reader\",\r\n            { fps: 1000, qrbox: {width: size, height: size} },\r\n            /* verbose= */ false);\r\n        html5QrcodeScanner.render(onScanSuccess, onScanFailure);\r\n        \r\n    }\r\n    \r\n    \r\n    \r\n</script>\r\n</head>\r\n<body>\r\n  \r\n  <div id=\"reader\" ></div>\r\n  \r\n  <script>\r\n    \r\n  </script>\r\n  \r\n</body>\r\n</html>');
/*!40000 ALTER TABLE `app_plugin_library` ENABLE KEYS */;
UNLOCK TABLES;

--
-- Table structure for table `app_plugins`
--

DROP TABLE IF EXISTS `app_plugins`;
/*!40101 SET @saved_cs_client     = @@character_set_client */;
/*!40101 SET character_set_client = utf8mb4 */;
CREATE TABLE `app_plugins` (
  `id` char(32) NOT NULL,
  `id_entity` char(32) NOT NULL,
  `filename` varchar(60) DEFAULT NULL,
  `code` text DEFAULT NULL,
  `estado` int(11) DEFAULT NULL,
  PRIMARY KEY (`id`),
  UNIQUE KEY `ix_plugin_filename` (`filename`),
  KEY `FK_app_plugins_app_entities` (`id_entity`),
  CONSTRAINT `FK_app_plugins_app_entities` FOREIGN KEY (`id_entity`) REFERENCES `app_entities` (`id`)
) ENGINE=InnoDB DEFAULT CHARSET=utf8mb3 COLLATE=utf8mb3_general_ci;
/*!40101 SET character_set_client = @saved_cs_client */;

--
-- Dumping data for table `app_plugins`
--

LOCK TABLES `app_plugins` WRITE;
/*!40000 ALTER TABLE `app_plugins` DISABLE KEYS */;
INSERT INTO `app_plugins` VALUES
('00C5D7F6AC075C24C26744B4C7A9350E','A5C38664EA80732ED4E9625464F1253C','app_plugins.php','<?php\r\n\r\nPluginManager::RegisterPlugin(new app_entities_plugin());\r\n\r\nclass app_entities_plugin extends PluginInterface {\r\n	protected $datos; //resultado de la consulta\r\n	\r\n	public function postUpdate($item, $datos){}\r\n	public function postInsert($item, $datos){ \r\n	    \r\n	    if (empty($datos[\'filename\']) || $datos[\'filename\']==\"\"){\r\n	        $metadata = EntityManager::GetEntityById($datos[\'id_entity\']);\r\n	        $name = $metadata[\'entity\'] .  newRandomID(4).\".php\"; \r\n	        dbupdate(\"app_plugins\",[\"id\"=>$item,\"filename\"=>$name]);\r\n	    }\r\n	    \r\n	}\r\n	public function preDuplicate($item, &$datos){ }\r\n	public function postDuplicate($item, $new_item){ }\r\n	\r\n	public function customContent($item){ \r\n		//trace (\"hola\");		\r\n	}\r\n	\r\n	public function setDefaultValues(&$datos){}\r\n	\r\n	public function preRenderform($item, &$datos){ \r\n	    /*\r\n	    if ($item == \"\" && $datos[\'id_entity\'] != \"\"){\r\n            \r\n            $metadata = EntityManager::GetEntityById($datos[\'id_entity\']);\r\n	        $name = $metadata[\'entity\'] .  newRandomID(4).\".php\"; \r\n	        $datos[\'filename\'] = $name;\r\n	    }+*/\r\n	}\r\n	public function onCustomButton($operation, $item, $datos){ \r\n		if ($operation == \"template\" ){\r\n			try{\r\n				$content = file_get_contents(\"modules/core/plugins/plugin.tpl\");\r\n				$r = [\"id\"=> $item, \"code\" => $content];\r\n				dbupdate(\"app_plugins\",$r,\"id\");\r\n				$this->showMessage(\"cargar plantilla\");\r\n				\r\n				\r\n			} catch (PDOException $e) {\r\n				$this->showMessage(\"Error al cargar la plantilla: \" . $e->getMessage());\r\n			}\r\n		}else if ($operation == \"publish\" ){\r\n			try{\r\n				\r\n				//obtenemos el modulo\r\n				$fichero = $datos[\'filename\'];\r\n				$id_entity = $datos[\'id_entity\'];\r\n				$metadata = EntityManager::GetEntityById($id_entity);\r\n				$module = EntityManager::GetModuleById($metadata[\'id_module\']);\r\n				$filename = \"modules/\".$module[\'folder\'].\"/plugins/\".$fichero;\r\n				\r\n				//guardamos en BBDD\r\n				//$r = [\"id\"=> $item, \"code\" => $datos[\'code\']];\r\n				//dbupdate(\"app_plugins\",$r,\"id\");\r\n				\r\n				//publicamos el fichero\r\n				$f = file_put_contents($filename, $datos[\'code\']);\r\n				//dump($f);\r\n				$this->showMessage(\"Plugin $fichero publicado.\");\r\n				\r\n			} catch (PDOException $e) {\r\n				$this->showMessage(\"Error al publicar el plugin: \" . $e->getMessage());\r\n			}\r\n		}else if ($operation == \"load\" ){\r\n			try{\r\n				//obtenemos el modulo\r\n				$fichero = $datos[\'filename\'];\r\n				$id_entity = $datos[\'id_entity\'];\r\n				$metadata = EntityManager::GetEntityById($id_entity);\r\n				$module = EntityManager::GetModuleById($metadata[\'id_module\']);\r\n				\r\n				$content = file_get_contents(\"modules/\".$module[\'folder\'].\"/plugins/\".$fichero);\r\n				\r\n				$r = [\"id\"=> $item,  \"code\" => $content]; //guardamos tipo fichero y su codigo\r\n				dbupdate(\"app_plugins\",$r,\"id\");\r\n				\r\n				$this->showMessage(\"Ultima version de plugin recuperada\");\r\n				\r\n			} catch (PDOException $e) {\r\n				$this->showMessage(\"Error al cargar la plantilla: \" . $e->getMessage());\r\n			}\r\n		}\r\n	}\r\n	public function postUploadFile($filedata){ $this->showMessage(\"postUploadFile\");}\r\n\r\n}\r\n',1),
('00EF943BB9ADB5A84C5E4DA8BBB19B0B','B441B8665B9EABC7B180A757E687305B','api_keys.php','<?\r\n\r\nPluginManager::RegisterPlugin(new my_new_plugin());\r\n\r\nclass my_new_plugin extends PluginInterface {\r\n	\r\n	protected $data; //use it at will between related events\r\n	\r\n	public function postUpdate($item, $datos){}\r\n	public function postInsert($item, $datos){}\r\n	public function preDuplicate($item, &$datos){ }\r\n	public function postDuplicate($item, $new_item){ }\r\n	\r\n	public function customContent($item){ 	}\r\n	\r\n	public function setDefaultValues(&$datos){  }\r\n	\r\n	public function preRenderform($item, &$datos){ \r\n\r\n		if ($item <0) $datos[\'apikey\']=newRandomId(50);\r\n\r\n	}\r\n	public function onCustomButton($operation, $item, $datos){ \r\n		\r\n	}\r\n	public function postUploadFile($filedata){ }\r\n\r\n}\r\n',1),
('05BDE6D5959F360167F8AA06143D0892','C36B36838A064DEBA5AC90B2361920CC','consultas.php','<?php\r\n\r\nPluginManager::RegisterPlugin(new consultas_plugin());\r\n\r\nclass consultas_plugin extends PluginInterface {\r\n	protected $datos; //resultado de la consulta\r\n	\r\n	public function postUpdate($item, $datos){}\r\n	public function postInsert($item, $datos){ }\r\n	public function preDuplicate($item, &$datos){ }\r\n	public function postDuplicate($item, $new_item){ }\r\n	public function customContent($item){ \r\n		$listado_html = \"\";\r\n		if ($this->datos != null){\r\n			$listado_html = generarTablaHTML($this->datos);\r\n		}\r\n		\r\n		return $listado_html;\r\n	}\r\n	public function setDefaultValues(&$datos){}\r\n	public function preRenderform($item, &$datos){ \r\n		\r\n		//$this->form->addCustomButton(\"ejecutar\", \"Ejecutar Query\", \"form\");\r\n		//$datos[\'query\']=eval(\'return \'. $datos[\"query\"] );\r\n		//$this->showMessage(\"dato modificado\");\r\n			\r\n	}\r\n	public function onCustomButton($operation, $item, $datos){ \r\n		if ($operation == \"ejecutar\" ){\r\n			try{\r\n			    \r\n			    $consulta_json = sqlToJson($datos[\"query\"]);\r\n                $consulta_reprocesada = jsonToSql($consulta_json);\r\n                //echo $consulta_reprocesada;\r\n                \r\n				$r = [\"id\" => $item, \"query\" =>$datos[\"query\"], \"query_json\" => $consulta_json ];\r\n				dbupdate(\"consultas\",$r);\r\n				\r\n				$this->datos = query($datos[\"query\"]); \r\n				$this->showMessage(\"Consulta ejecutada\");\r\n		\r\n			} catch (PDOException $e) {\r\n				$this->showMessage(\"Error en la consulta: \" . $e->getMessage());\r\n			}\r\n		}\r\n	}\r\n	public function postUploadFile($filedata){ $this->showMessage(\"postUploadFile\");}\r\n\r\n}\r\n',1),
('067892989E52F858FC6C401E75346164','D8E58E608DB593F4EA32FC4605A2065E','ventas_pedidos_lineas.php','<?php \r\n\r\nPluginManager::RegisterPlugin(new my_new_plugin());\r\n\r\nclass my_new_plugin extends PluginInterface {\r\n	\r\n	protected $data; //use it at will between related events\r\n	protected $id_pedido_padre;\r\n	\r\n	public function postUpdate($item, $datos){\r\n	   \r\n	   $this->procesarLinea($item, $datos);\r\n	   $this->UpdateOferta( $datos[\'id_pedido\']);\r\n	   \r\n	}\r\n	\r\n	public function UpdateOferta($id_pedido){\r\n	    \r\n	    $totales = subtotals(\"ventas_pedidos_lineas\", [\"total_neto\",\"total_impuestos\"], \"id_pedido\", $id_pedido);\r\n	    $oferta=[];\r\n	    //trace(\"totales \" . $id_pedido);\r\n	    //dump($totales);\r\n	    $oferta[\'id\']= $id_pedido;\r\n	    $oferta[\'total_neto\']= round($totales[\"total_neto\"],2);\r\n	    $oferta[\'total_impuestos\']= round($totales[\"total_impuestos\"],2);\r\n	    $oferta[\'importe_total\']= round($totales[\"total_neto\"],2) + round($totales[\"total_impuestos\"],2);\r\n	    \r\n	    //dump($oferta);\r\n	    dbupdate(\"ventas_pedidos\",$oferta);\r\n	    \r\n	}\r\n	\r\n	public function procesarLinea($item, $datos){\r\n	    \r\n	    $id_producto = $datos[\'id_producto\'];\r\n	    $cantidad = $datos[\'cantidad\'];\r\n	    $precio_unit = floatval($datos[\'precio\']);\r\n	    $descuento = floatval($datos[\'descuento\']);\r\n	    $pct_impuesto = floatval($datos[\'impuesto\']);\r\n	    \r\n	    \r\n	    $producto = dbgetbyid(\"productos\",$id_producto);\r\n	    //dump($producto);\r\n	    \r\n	    if ($producto!=null){\r\n	        if($precio_unit == 0) $precio_unit =  floatval($producto[\'precio\']);\r\n	        \r\n	        $id_impuesto = $producto[\'id_impuesto\'];\r\n	        if ($id_impuesto != \"\"){\r\n	            $impuesto = dbgetbyid(\"impuestos\",$id_impuesto);\r\n	            //dump($impuesto);\r\n	            $pct_impuesto = $impuesto[\'porcentaje\'];\r\n	        }\r\n	    }\r\n	    $total_neto = $precio_unit * $cantidad * (1.0- $descuento/100.0 );\r\n	    $total_impuestos = ($pct_impuesto/100.0) * $total_neto;\r\n	    \r\n	    $r = [];\r\n	    $r[\'id\'] = $item;\r\n	    $r[\'impuesto\'] = $pct_impuesto;\r\n	    $r[\'precio\'] = $precio_unit;\r\n	    $r[\'total_neto\'] = $total_neto;\r\n	    $r[\'total_impuestos\'] = $total_impuestos;\r\n	    $r[\'total_linea\'] = $total_neto + $total_impuestos;\r\n	    //dump($r);\r\n	    \r\n	    dbupdate(\"ventas_pedidos_lineas\", $r);\r\n	    \r\n	    \r\n	    \r\n	}\r\n	\r\n	public function postInsert($item, $datos){\r\n	    \r\n        $this->procesarLinea($item, $datos);\r\n	    $this->UpdateOferta($datos[\'id_pedido\']);\r\n	    \r\n	}\r\n	\r\n	public function preDelete($item){\r\n	    \r\n	    $record = dbgetbyid(\"ventas_pedidos_lineas\",$item);\r\n	    $this->id_pedido_padre = $record[\'id_pedido\'];\r\n	}\r\n	public function postDelete($item){\r\n	    \r\n	    $this->UpdateOferta($this->id_pedido_padre);\r\n	}\r\n	\r\n	public function preDuplicate($item, &$datos){ }\r\n	public function postDuplicate($item, $new_item){ }\r\n	\r\n	public function customContent($item){ 	}\r\n	\r\n	public function setDefaultValues(&$datos){  }\r\n	\r\n	public function preRenderform($item, &$datos){ \r\n	    //número de orden en el alta\r\n	    if ($item == \"\" || $item <0){\r\n	        $aux = query1(\"select coalesce(max(orden),0)+1 as orden from ventas_pedidos_lineas where id_pedido =  \".quote($datos[\'id_pedido\']));\r\n	        $datos[\'orden\'] =$aux[\'orden\'];\r\n	        \r\n	    }else { //establece el estado del registro como bloqueado o activo en función de la cabecera\r\n	        $id_pedido = $datos[\'id_pedido\'];\r\n	        $ofe = dbgetbyid(\"ventas_pedidos\",$id_pedido);\r\n	        $datos[\'status\'] = $ofe[\'status\'];\r\n	    }\r\n		\r\n	}\r\n	public function onCustomButton($operation, $item, $datos){ \r\n		\r\n	}\r\n	public function postUploadFile($file){\r\n	    $this->showMessage(\"postUploadFile\");}\r\n	    \r\n}\r\n\r\n\r\n\r\n',1),
('0689AC3729B95B3414CF7A10F629DCC8','79A1C516742E7B156ABC70C8AA6BED88','cambio_pwd_usuario.php','<?php \r\n\r\nPluginManager::RegisterPlugin(new my_new_plugin());\r\n\r\nclass my_new_plugin extends PluginInterface {\r\n	\r\n\r\n	public function onCustomButton($operation, $item, $datos){ \r\n	    \r\n	    \r\n	    if (!empty($datos[\'id_usuario\']) && !empty($datos[\'pwd\']) \r\n	        && $datos[\'pwd\']==$datos[\'pwd2\']){\r\n	            \r\n	        $new_pwd = md5($datos[\'pwd\']);\r\n	        $r = [];\r\n	        $r[\'id\'] = $datos[\'id_usuario\'];\r\n	        $r[\'pwd\'] =  $new_pwd;\r\n	        dbupdate(\"usuarios\",$r);\r\n	        $this->showMessage(\"Contraseña cambiada correctamente\");\r\n	        \r\n	    }else {\r\n	        $this->showMessage(\"Faltan datos o las contraseñas no coinciden\");\r\n	    }\r\n		\r\n	}\r\n\r\n}\r\n',1),
('07FFB4FCCCFAAB76D7B58DBE48C2BA4B','35A30F1BCCCE6D3B8D512FAEAFCD6A01','app_forms.php','<?php\r\n\r\nPluginManager::RegisterPlugin(new my_new_plugin());\r\n\r\nclass my_new_plugin extends PluginInterface {\r\n	\r\n	protected $data; //use it at will between related events\r\n	\r\n	public function postUpdate($item, $datos){ }\r\n	public function postInsert($item, $datos){ }\r\n	public function preDuplicate($item, &$datos){ }\r\n	public function postDuplicate($item, $new_item){ }\r\n	\r\n	public function customContent($item){ \r\n		//$html = \"<h3>Areas</h3>\";\r\n		//$html .= print_grid(\'44F547C359298694C704DEE48FA6BCCB\' , \"id_form\", $item,\"\");\r\n		//return $html;\r\n	}\r\n	\r\n	public function setDefaultValues(&$datos){  }\r\n	\r\n	public function preRenderform($item, &$datos){ \r\n				\r\n	}\r\n	public function onCustomButton($operation, $item, $datos){ \r\n		if ($operation == \"configure\" ){\r\n		    //dump($datos);\r\n		    //trace($item);\r\n			try{\r\n				//$r = [\"id\" => $item, \"filas\" =>$datos[\"filas\"], \"columnas\" =>$datos[\"columnas\"] ];\r\n				//dbupdate(\"app_forms\",$r);\r\n				$datos = dbgetbyid(\"app_forms\",$item);\r\n				//dump($datos);\r\n				$id_entity = $datos[\"id_entity\"];\r\n				$metadatos = EntityManager::GetEntityById($id_entity);\r\n				$nombre_entidad = $metadatos[\'entity\'];\r\n				//trace ($nombre_entidad);\r\n				\r\n				$default_width = intval(100/$datos[\"columnas\"]);\r\n				//creamos tantas areas como nos diga\r\n				for ($i=0; $i< $datos[\"filas\"]; $i++){\r\n					$area = [\"id_form\" =>$item,  \"Nombre\" =>$nombre_entidad . \" $i\", \"orden\" =>$i ];\r\n					$id_area = dbinsert(\"app_form_areas\",$area);\r\n					for ($j=0; $j< $datos[\"columnas\"]; $j++){\r\n						$seccion = [\r\n							\"id_area\" =>$id_area,  \r\n							\"Nombre\" =>$nombre_entidad . \" $i $j\", \r\n							\"label\" => $nombre_entidad . \" $i $j\",\r\n							\"width\" => $default_width,							\r\n							\"orden\" =>$j \r\n							];\r\n						$id_seccion = dbinsert(\"app_form_sections\",$seccion);\r\n						if ($i==0 && $j ==0){\r\n							//introducimos los controles de todos los campos en la primera seccion\r\n							$estructura = EntityManager::GetEstructura($nombre_entidad);\r\n							foreach($estructura as $campo){\r\n								$control = [\r\n								\"id_seccion\" =>$id_seccion,  \r\n								\"control_type\" =>\"column\", \r\n								\"dbcolumn\" => $campo[\'dbcolumn\'],					\r\n								\"orden\" =>$campo[\'orden\'],\r\n								\"width\" => \"col-100\"\r\n								];\r\n								dbinsert(\"app_user_controls\",$control);\r\n							}\r\n		\r\n						}\r\n					}\r\n				}\r\n				\r\n				\r\n			} catch (PDOException $e) {\r\n				$this->showMessage(\"Error en la consulta: \" . $e->getMessage());\r\n			}\r\n		}\r\n		\r\n	}\r\n	public function postUploadFile($filedata){ $this->showMessage(\"postUploadFile\");}\r\n\r\n}\r\n',1),
('10E08ECEBA8B6E7BA2C293C7B75261DC','8E27B7F53F2D021DE191FB39E1FE333E','app_indexes.php','<?php \r\n\r\nPluginManager::RegisterPlugin(new my_new_plugin());\r\n\r\nclass my_new_plugin extends PluginInterface {\r\n	\r\n\r\n	public function onCustomButton($operation, $item, $datos){ \r\n	    \r\n\r\n	    \r\n	    //$this->showMessage($entity_name);\r\n	    \r\n	    \r\n	    if ($operation == \"create\"){\r\n	        try{\r\n	            \r\n                $this->create_index($datos);\r\n    	        \r\n    	        $this->showMessage( \"Indice creado \". $datos[\'name\'] );\r\n    	        \r\n    	        \r\n	        } catch (PDOException $e) {\r\n				$this->showMessage(\"Error en la consulta: \" . $e->getMessage());\r\n			}\r\n	     \r\n	        \r\n	    } else if ($operation == \"list_create\"){\r\n	        \r\n	        foreach($datos as $element){\r\n	           try{\r\n                    $rel = dbgetbyid(\"app_indexes\",$element);\r\n                    $this->create_index($rel);\r\n                    \r\n        	        $this->showMessage( \"Indice creada \". $rel[\'name\'] );\r\n        	        \r\n    	        } catch (PDOException $e) {\r\n    				$this->showMessage(\"Error en la consulta: \" . $e->getMessage());\r\n    			}   \r\n	        }\r\n	        \r\n	        \r\n	    } else if ($operation == \"drop\"){\r\n	        try{\r\n                $this->drop_index($datos);\r\n                $this->showMessage( \"Indice borrado \". $datos[\'name\'] );\r\n                \r\n	        } catch (PDOException $e) {\r\n				$this->showMessage(\"Error en la consulta: \" . $e->getMessage());\r\n			}\r\n			\r\n	    } else if ($operation == \"list_drop\"){\r\n	        foreach($datos as $element){\r\n	           try{\r\n                    $rel = dbgetbyid(\"app_indexes\",$element);\r\n	       \r\n                    $this->drop_index($rel);\r\n                    $this->showMessage( \"Indice borrado \". $rel[\'name\'] );\r\n                    \r\n    	        } catch (PDOException $e) {\r\n    				$this->showMessage(\"Error en la consulta: \" . $e->getMessage());\r\n    			}\r\n	        }\r\n	    }\r\n	    \r\n		\r\n	}\r\n	\r\n	public function create_index($datos){\r\n        $metadata = EntityManager::GetEntityById($datos[\'id_entity\']);\r\n        $entity_name = $metadata[\'entity\'];\r\n        \r\n        $unique = \"\";\r\n        if ($datos[\'index_type\']==\"unique\"){\r\n            $unique = \" UNIQUE \";\r\n        }\r\n        \r\n        \r\n        $sql = \"CREATE $unique INDEX \".$datos[\'name\'];\r\n        $sql .= \" ON $entity_name  (\".$datos[\'columnas\'].\") \";\r\n\r\n        \r\n        \r\n        query($sql);\r\n        \r\n        $r = [];\r\n        $r[\'id\'] = $datos[\'id\'];\r\n        $r[\'estado\'] = 1; //activa\r\n        dbupdate(\"app_indexes\", $r);\r\n        \r\n       \r\n	}\r\n\r\n    public function drop_index($datos){\r\n        \r\n        $metadata = EntityManager::GetEntityById($datos[\'id_entity\']);\r\n        $entity_name = $metadata[\'entity\'];\r\n        \r\n        $sql = \"DROP INDEX \".$datos[\'name\'];\r\n        $sql .= \" ON $entity_name  \";\r\n        query($sql);\r\n        \r\n        $r = [];\r\n        $r[\'id\'] = $datos[\'id\'];\r\n        $r[\'estado\'] = 0; //activa\r\n        dbupdate(\"app_indexes\", $r);\r\n	}\r\n\r\n}\r\n',1),
('1479EF90F0866C4CB59DCB19018F34E5','D15D4315C5B64BB2E6E17E0A4EBEB319','app_modules.php','<?php\r\n\r\nPluginManager::RegisterPlugin(new app_modules_plugin());\r\n\r\nclass app_modules_plugin extends PluginInterface {\r\n	protected $datos; //resultado de la consulta\r\n	\r\n	public function postUpdate($item, $datos){}\r\n	public function postInsert($item, $datos){ }\r\n	public function preDuplicate($item, &$datos){ }\r\n	public function postDuplicate($item, $new_item){ }\r\n	public function customContent($item){ \r\n		\r\n		return print_grid(\'1499C6B48BF03EE27798C87A0DB98954\' , \"id_module\", $item,\"\");\r\n	}\r\n	public function setDefaultValues(&$datos){}\r\n	public function preRenderform($item, &$datos){ \r\n		\r\n		\r\n			\r\n	}\r\n	public function onCustomButton($operation, $item, $datos){ \r\n		if ($operation == \"ejecutar\" ){\r\n			try{\r\n				\r\n		\r\n			} catch (PDOException $e) {\r\n				$this->showMessage(\"Error en la consulta: \" . $e->getMessage());\r\n			}\r\n		}\r\n	}\r\n	public function postUploadFile($filedata){ $this->showMessage(\"postUploadFile\");}\r\n\r\n}\r\n',1),
('1BCC7ECEA063F238EA91C1FAED3DC045','B5C1929F74F23B89F862B0D372CD71D1','app_plugin_library.php','<?php\r\n\r\nPluginManager::RegisterPlugin(new app_entities_plugin());\r\n\r\nclass app_entities_plugin extends PluginInterface {\r\n	protected $datos; //resultado de la consulta\r\n	\r\n	public function postUpdate($item, $datos){}\r\n	public function postInsert($item, $datos){ }\r\n	public function preDuplicate($item, &$datos){ \r\n	    $datos[\'filename\'] = \'copy_\'. $datos[\'filename\'];\r\n	}\r\n	public function postDuplicate($item, $new_item){ }\r\n	\r\n	public function customContent($item){ \r\n				\r\n	}\r\n	\r\n	public function setDefaultValues(&$datos){}\r\n	\r\n	public function preRenderform($item, &$datos){ \r\n\r\n	}\r\n	public function onCustomButton($operation, $item, $datos){ \r\n		if ($operation == \"publish\" ){\r\n			try{\r\n				\r\n				//obtenemos el modulo\r\n				$fichero = $datos[\'filename\'];\r\n				$id_module = $datos[\'id_module\'];\r\n				$module = EntityManager::GetModuleById($id_module);\r\n				$directorio = \"modules/\".$module[\'folder\'].\"/code\";\r\n				$filename = $directorio.\"/\".$fichero;\r\n				\r\n				if (!file_exists($directorio)){\r\n					mkdir($directorio, 0777, true);\r\n				}\r\n				//guardamos en BBDD\r\n				$r = [\"id\"=> $item, \"code\" => $datos[\'code\']];\r\n				dbupdate(\"app_plugin_library\",$r,\"id\");\r\n				\r\n				//publicamos el fichero\r\n				file_put_contents($filename, $datos[\'code\']);\r\n				\r\n				$this->showMessage(\"Plugin $fichero publicado.\");\r\n				\r\n			} catch (PDOException $e) {\r\n				$this->showMessage(\"Error al publicar el plugin: \" . $e->getMessage());\r\n			}\r\n		}else if ($operation == \"load\" ){\r\n			try{\r\n				//obtenemos el modulo\r\n				$fichero = $datos[\'filename\'];\r\n				$id_module = $datos[\'id_module\'];\r\n				$module = EntityManager::GetModuleById($id_module);\r\n				$directorio = \"modules/\".$module[\'folder\'].\"/code\";\r\n				$filename = $directorio.\"/\".$fichero;\r\n				\r\n				//ok\r\n				$content = file_get_contents($filename);\r\n				\r\n				$r = [\"id\"=> $item, \"code\" => $content]; //guardamos tipo fichero y su codigo\r\n				dbupdate(\"app_plugin_library\",$r,\"id\");\r\n				\r\n				$this->showMessage(\"Ultima version de codigo recuperada\");\r\n				\r\n			} catch (PDOException $e) {\r\n				$this->showMessage(\"Error al cargar la plantilla: \" . $e->getMessage());\r\n			}\r\n		}\r\n	}\r\n	public function postUploadFile($filedata){ $this->showMessage(\"postUploadFile\");}\r\n\r\n}\r\n',1),
('208A119D07D722E3EE78753D730680AF','E4FE6D68F9B641C7958DD0221D953E3C','app_report_templates','<?php \r\n\r\nPluginManager::RegisterPlugin(new my_new_plugin_report());\r\n\r\nclass my_new_plugin_report extends PluginInterface {\r\n	\r\n	protected $data; //use it at will between related events\r\n	\r\n	public function postUpdate($item, $datos){ }\r\n	public function postInsert($item, $datos){ }\r\n	public function preDuplicate($item, &$datos){ }\r\n	public function postDuplicate($item, $new_item){\r\n	    \r\n	    $r = dbgetbyid(\"app_report_templates\",$new_item);\r\n	    \r\n	    $r[\"nombre\"] = $r[\"nombre\"].\" copy\";\r\n	    dbupdate(\"app_report_templates\",$r);\r\n	    \r\n	    \r\n	    //duplicamos Vistas\r\n		$data = query(\"SELECT * FROM app_report_queries where id_template=\".quote($item));\r\n		foreach ($data as $v) {\r\n		    // code...\r\n		    $v[\'id_template\'] = $new_item;\r\n		    $v[\'id\']=\'\';\r\n		    dbinsert(\'app_report_queries\', $v);\r\n		}\r\n		\r\n		\r\n	    \r\n	}\r\n	\r\n	public function customContent($item){ 	}\r\n	\r\n	public function setDefaultValues(&$datos){  }\r\n	\r\n	public function preRenderform($item, &$datos){ \r\n		\r\n	}\r\n	public function onCustomButton($operation, $item, $datos){ \r\n		\r\n	}\r\n	public function postUploadFile($file){ $this->showMessage(\"postUploadFile\");}\r\n	\r\n	public function preDelete($item){ }\r\n	public function postDelete($item){ }\r\n\r\n}\r\n',1),
('3054C0D796615768C68C11FC1178D2E8','A9BC1252645E7B10B92A1C75E8D6E4EF','app_scripts.php','<?php\r\n\r\nPluginManager::RegisterPlugin(new app_entities_plugin());\r\n\r\nclass app_entities_plugin extends PluginInterface {\r\n	protected $datos; //resultado de la consulta\r\n	\r\n	public function postUpdate($item, $datos){}\r\n	public function postInsert($item, $datos){ }\r\n	public function preDuplicate($item, &$datos){ }\r\n	public function postDuplicate($item, $new_item){ }\r\n	\r\n	public function customContent($item){ \r\n				\r\n	}\r\n	\r\n	public function setDefaultValues(&$datos){}\r\n	\r\n	public function preRenderform($item, &$datos){ \r\n\r\n	}\r\n	public function onCustomButton($operation, $item, $datos){ \r\n		/*if ($operation == \"template\" ){\r\n			try{\r\n				$content = file_get_contents(\"modules/core/plugins/plugin.tpl\");\r\n				$r = [\"id\"=> $item, \"code\" => $content];\r\n				dbupdate(\"app_plugins\",$r,\"id\");\r\n				$this->showMessage(\"cargar plantilla\");\r\n				\r\n				\r\n			} catch (PDOException $e) {\r\n				$this->showMessage(\"Error al cargar la plantilla: \" . $e->getMessage());\r\n			}\r\n		}else \r\n		*/\r\n		\r\n		if ($operation == \"publish\" ){\r\n			try{\r\n				\r\n				//obtenemos el modulo\r\n				$fichero = $datos[\'filename\'];\r\n				$id_entity = $datos[\'id_entity\'];\r\n				$metadata = EntityManager::GetEntityById($id_entity);\r\n				$module = EntityManager::GetModuleById($metadata[\'id_module\']);\r\n				\r\n				$directorio = \"modules/\".$module[\'folder\'].\"/scripts/\";\r\n				$filename = $directorio.$fichero;\r\n				if (!file_exists($directorio)){\r\n					mkdir($directorio, 0777, true);\r\n				}\r\n				\r\n				//guardamos en BBDD\r\n				$r = [\"id\"=> $item, \"code\" => $datos[\'code\']];\r\n				dbupdate(\"app_scripts\",$r,\"id\");\r\n				\r\n				//publicamos el fichero\r\n				file_put_contents($filename, $datos[\'code\']);\r\n				\r\n				$this->showMessage(\"Script $fichero publicado.\");\r\n				\r\n			} catch (PDOException $e) {\r\n				$this->showMessage(\"Error al publicar el plugin: \" . $e->getMessage());\r\n			}\r\n		}else if ($operation == \"load\" ){\r\n			try{\r\n				//obtenemos el modulo\r\n				$fichero = $datos[\'filename\'];\r\n				$id_entity = $datos[\'id_entity\'];\r\n				$metadata = EntityManager::GetEntityById($id_entity);\r\n				$module = EntityManager::GetModuleById($metadata[\'id_module\']);\r\n				\r\n				$content = file_get_contents(\"modules/\".$module[\'folder\'].\"/scripts/\".$fichero);\r\n				\r\n				$r = [\"id\"=> $item,\"code\" => $content]; //guardamos tipo fichero y su codigo\r\n				dbupdate(\"app_scripts\",$r,\"id\");\r\n				\r\n				$this->showMessage(\"Ultima version del script recuperada\");\r\n				\r\n			} catch (PDOException $e) {\r\n				$this->showMessage(\"Error al cargar el script: \" . $e->getMessage());\r\n			}\r\n		}\r\n	}\r\n	public function postUploadFile($filedata){ $this->showMessage(\"postUploadFile\");}\r\n\r\n}\r\n',1),
('3130796827DBBE17E04C2B6482709D3B','744B2497EDAF0D610DA0D599DAF7F1CF','app_relations.php','<?php \r\n\r\nPluginManager::RegisterPlugin(new my_new_plugin());\r\n\r\nclass my_new_plugin extends PluginInterface {\r\n	\r\n\r\n	public function onCustomButton($operation, $item, $datos){ \r\n	    \r\n\r\n	    \r\n	    //$this->showMessage($entity_name);\r\n	    \r\n	    \r\n	    if ($operation == \"create\"){\r\n	        try{\r\n	            \r\n                $this->create_relationship($datos);\r\n    	        \r\n    	        $this->showMessage( \"Relación creada \". $datos[\'name\'] );\r\n    	        \r\n    	        \r\n	        } catch (PDOException $e) {\r\n				$this->showMessage(\"Error en la consulta: \" . $e->getMessage());\r\n			}\r\n	     \r\n	        \r\n	    } else if ($operation == \"list_create\"){\r\n	        \r\n	        foreach($datos as $element){\r\n	           try{\r\n                    $rel = dbgetbyid(\"app_relations\",$element);\r\n                    $this->create_relationship($rel);\r\n                    \r\n        	        $this->showMessage( \"Relación creada \". $rel[\'name\'] );\r\n        	        \r\n    	        } catch (PDOException $e) {\r\n    				$this->showMessage(\"Error en la consulta: \" . $e->getMessage());\r\n    			}   \r\n	        }\r\n	        \r\n	        \r\n	    } else if ($operation == \"drop\"){\r\n	        try{\r\n                $this->drop_relationship($datos);\r\n                \r\n	        } catch (PDOException $e) {\r\n				$this->showMessage(\"Error en la consulta: \" . $e->getMessage());\r\n			}\r\n			\r\n	    } else if ($operation == \"list_drop\"){\r\n	        foreach($datos as $element){\r\n	           try{\r\n                    $rel = dbgetbyid(\"app_relations\",$element);\r\n	       \r\n                    $this->drop_relationship($rel);\r\n                    $this->showMessage( \"Relación borrada \". $rel[\'name\'] );\r\n                    \r\n    	        } catch (PDOException $e) {\r\n    				$this->showMessage(\"Error en la consulta: \" . $e->getMessage());\r\n    			}\r\n	        }\r\n	    }\r\n	    \r\n		\r\n	}\r\n	\r\n	public function create_relationship($datos){\r\n        $metadata = EntityManager::GetEntityById($datos[\'id_entity\']);\r\n        $entity_name = $metadata[\'entity\'];\r\n        \r\n        $metadata = EntityManager::GetEntityById($datos[\'id_related_entity\']);\r\n        $related_entity = $metadata[\'entity\'];\r\n        \r\n        $sql = \"ALTER TABLE $entity_name ADD CONSTRAINT \".$datos[\'name\'];\r\n        $sql .= \" FOREIGN KEY (\".$datos[\'field\'].\") \";\r\n        $sql .= \" REFERENCES $related_entity (id) \";\r\n        $sql .= \" ON DELETE \". $datos[\'on_delete\'];\r\n        $sql .= \" ON UPDATE \". $datos[\'on_update\'];\r\n        \r\n        query($sql);\r\n        \r\n        $r = [];\r\n        $r[\'id\'] = $datos[\'id\'];\r\n        $r[\'estado\'] = 1; //activa\r\n        dbupdate(\"app_relations\", $r);\r\n        \r\n       \r\n	}\r\n\r\n    public function drop_relationship($datos){\r\n        \r\n        $metadata = EntityManager::GetEntityById($datos[\'id_entity\']);\r\n        $entity_name = $metadata[\'entity\'];\r\n        \r\n        $sql = \"ALTER TABLE $entity_name  DROP FOREIGN KEY \".$datos[\'name\'];\r\n        query($sql);\r\n        \r\n        $r = [];\r\n        $r[\'id\'] = $datos[\'id\'];\r\n        $r[\'estado\'] = 0; //activa\r\n        dbupdate(\"app_relations\", $r);\r\n	}\r\n\r\n}\r\n',1),
('42C0B3B34FF97A55A2CE58F7B8234232','7D2C9C0CF3B893CA6EC55DC070198D44','productos.php','<?php \r\ninclude_once(\'modules/ventas/plugins/ventas_lib.php\');\r\n\r\nPluginManager::RegisterPlugin(new my_new_plugin());\r\n\r\nclass my_new_plugin extends PluginInterface {\r\n	\r\n	protected $data; //use it at will between related events\r\n	\r\n	public function postUpdate($item, $datos){  }\r\n	public function postInsert($item, $datos){ \r\n	    \r\n	    //query(\"update productos set nombre= concat(nombre, \' insertado\') where id=\".quote($item));\r\n	    \r\n	}\r\n	public function preDuplicate($item, &$datos){ \r\n	    $datos[\'nombre\'] = $datos[\'nombre\'] . \" - copia\";\r\n	    \r\n	}\r\n	public function postDuplicate($item, $new_item){\r\n	    \r\n	}\r\n	\r\n	public function customContent($item){ 	}\r\n	\r\n	public function setDefaultValues(&$datos){  }\r\n	\r\n	public function preRenderform($item, &$datos){ \r\n	    \r\n		\r\n	}\r\n	public function onCustomButton($operation, $item, $datos){ \r\n	   \r\n	}\r\n	public function postUploadFile($filedata){ $this->showMessage(\"postUploadFile\");}\r\n\r\n}\r\n',1),
('45E7652790D6FCF400A398E743934706','8A7584A9F47A9E6BD168FE208A4CBA9D','app_entities.php','<?php\r\n\r\nPluginManager::RegisterPlugin(new app_entities_plugin());\r\n\r\n\r\nclass app_entities_plugin extends PluginInterface {\r\n	protected $datos; //resultado de la consulta\r\n	\r\n	public function postUpdate($item, $datos){}\r\n	public function postInsert($item, $datos){ }\r\n	public function preDuplicate($item, &$datos){\r\n	    \r\n	    $datos[\'entity\']= $datos[\'entity\'].\'_copy\';\r\n	}\r\n	public function postDuplicate($item, $new_item){ \r\n	    \r\n	    \r\n	    //duplicamos Columnas\r\n		$data = query(\"SELECT * FROM app_entity_columns where id_entity=\".quote($item));\r\n		foreach ($data as $col) {\r\n		    // code...\r\n		    $col[\'id_entity\'] = $new_item;\r\n		    $col[\'id\']=\'\';\r\n		    dbinsert(\'app_entity_columns\', $col);\r\n		}\r\n		//duplicamos Vistas\r\n		$data = query(\"SELECT * FROM app_views where id_entity=\".quote($item));\r\n		foreach ($data as $v) {\r\n		    // code...\r\n		    $v[\'id_entity\'] = $new_item;\r\n		    $v[\'id\']=\'\';\r\n		    dbinsert(\'app_views\', $v);\r\n		}\r\n		\r\n		//duplicamos javascript\r\n		$data = query(\"SELECT * FROM app_scripts where id_entity=\".quote($item));\r\n		foreach ($data as $v) {\r\n		    // code...\r\n		    $v[\'id_entity\'] = $new_item;\r\n		    $v[\'id\']=\'\';\r\n		    $v[\'estado\']=0;\r\n		    $v[\'filename\'] = \'copy_\'.$v[\'filename\'];\r\n		    dbinsert(\'app_scripts\', $v);\r\n		}\r\n		\r\n		//duplicamos plugins\r\n		$data = query(\"SELECT * FROM app_plugins where id_entity=\".quote($item));\r\n		foreach ($data as $v) {\r\n		    // code...\r\n		    $v[\'id_entity\'] = $new_item;\r\n		    $v[\'id\']=\'\';\r\n		    $v[\'estado\']=0;\r\n		    $v[\'filename\'] = \'copy_\'.$v[\'filename\'];\r\n		    dbinsert(\'app_plugins\', $v);\r\n		}\r\n		\r\n		//duplicamos formularios\r\n		$data = query(\"SELECT * FROM app_forms where id_entity=\".quote($item));\r\n		foreach ($data as $v) {\r\n		    // code...\r\n		    $v[\'id_entity\'] = $new_item;\r\n		    $old_form = $v[\'id\'];\r\n		    $v[\'id\']=\'\';\r\n		    $new_form = dbinsert(\'app_forms\', $v);\r\n		    \r\n		    $areas = query(\"SELECT * FROM app_form_areas where id_form=\".quote($old_form));\r\n    		foreach ($areas as $area) {\r\n    		    // code...\r\n    		    $area[\'id_form\'] = $new_form;\r\n    		    $old_area = $area[\'id\'];\r\n    		    $area[\'id\']=\'\';\r\n    		    $new_area = dbinsert(\'app_form_areas\', $area);\r\n    		    \r\n    		    $sections = query(\"SELECT * FROM app_form_sections where id_area=\".quote($old_area));\r\n        		foreach ($sections as $s) {\r\n        		    // code...\r\n        		    $s[\'id_area\'] = $new_area;\r\n        		    $old_section = $s[\'id\'];\r\n        		    $s[\'id\']=\'\';\r\n        		    $new_section = dbinsert(\'app_form_sections\', $s);\r\n        		    \r\n        		    $controls = query(\"SELECT * FROM app_user_controls where id_seccion=\".quote($old_section));\r\n            		foreach ($controls as $uc) {\r\n            		    // code...\r\n            		    $uc[\'id_seccion\'] = $new_section;\r\n            		    $uc[\'id\']=\'\';\r\n            		    dbinsert(\'app_user_controls\', $uc);\r\n            		}\r\n        		    \r\n        		}\r\n    		    \r\n    		}\r\n		    \r\n		}\r\n		\r\n	    \r\n	}\r\n	\r\n	public function customContent($item){ \r\n\r\n	}\r\n	\r\n	public function setDefaultValues(&$datos){}\r\n	\r\n	public function preRenderform($item, &$datos){ \r\n\r\n	}\r\n	public function onCustomButton($operation, $item, $datos){ \r\n		if ($operation == \"create\" ){\r\n			try{\r\n				$tabla = $datos[\'entity\'];\r\n				$campo_principal = $datos[\'campo_principal\'];\r\n				\r\n				$sql = \"create table $tabla ( \r\n						id char(32) not null primary KEY,\";\r\n				if ($campo_principal != \"\"){\r\n				    $sql .= \" $campo_principal varchar(100) null,\";\r\n				} \r\n		\r\n				$sql .= \" fecha_creacion TIMESTAMP DEFAULT CURRENT_TIMESTAMP,\r\n						fecha_modificacion TIMESTAMP DEFAULT CURRENT_TIMESTAMP ON UPDATE CURRENT_TIMESTAMP  )\";\r\n				query($sql);\r\n				\r\n				$this->showMessage(\"Tabla $tabla creada correctamente\");\r\n				\r\n			} catch (PDOException $e) {\r\n				$this->showMessage(\"Error en la consulta: \" . $e->getMessage());\r\n			}\r\n		}else if ($operation == \"create_cols\" ){\r\n			\r\n			\r\n				$estructura = EntityManager::GetEstructura($datos[\'entity\']);\r\n				$table_name = $datos[\'entity\'];\r\n				\r\n				foreach($estructura as $columna){\r\n					$col_name = $columna[\'dbcolumn\'];\r\n					$type = EntityManager::getDBtype($columna[\'type\'], $columna[\'max\']);\r\n					\r\n					$sql = \"alter table $table_name add column $col_name $type NULL\";\r\n					try{\r\n						query($sql);\r\n						\r\n					} catch (PDOException $e) {\r\n						//$this->showMessage(\"Error en la consulta: \" . $e->getMessage());\r\n					}\r\n					\r\n				}\r\n				\r\n				$this->showMessage(\"Cambios aplicados\");\r\n				\r\n			\r\n			\r\n		}else if ($operation == \"drop\" ){\r\n			try{\r\n				$tabla = $datos[\'entity\'];\r\n								\r\n				$sql = \"drop table $tabla \";\r\n				query($sql);\r\n				\r\n				$this->showMessage(\"Tabla $tabla borrada correctamente\");\r\n				\r\n			} catch (PDOException $e) {\r\n				$this->showMessage(\"Error en la consulta: \" . $e->getMessage());\r\n			}\r\n		}else if ($operation == \"load\" ){\r\n			try{\r\n				global $dbname;\r\n				\r\n				$tabla = $datos[\'entity\'];\r\n								\r\n				$sql = \"insert into app_entity_columns (id, id_entity, dbcolumn, label, type, `max`, hidden, disabled)\r\n						select HEX(RANDOM_BYTES(16)) as id,  e.id as id_entity, COLUMN_NAME , COLUMN_NAME ,\r\n						case data_type \r\n						when \'int\' then \'int\'   \r\n						when \'varchar\' then \'text\' \r\n						when \'char\' then (case when CHARACTER_MAXIMUM_LENGTH=32 THEN \'guid\' else \'text\' end) 						\r\n						when \'text\' then \'textarea\'  \r\n						when \'float\' then \'decimal\'  \r\n						when \'double\' then \'decimal\'  \r\n						when \'real\' then \'decimal\' \r\n						when \'timestamp\' then \'datetime\'\r\n						else data_type\r\n						end AS tpye, coalesce(CHARACTER_MAXIMUM_LENGTH,0) AS `max`,\r\n						(case when extra =\'auto_increment\' then 1 else 0 end) as hidden, \r\n						(case data_type when \'timestamp\' then 1 else 0 end )as disabled\r\n\r\n						from information_schema.columns AS C \r\n						inner join app_entities e on e.entity = C.table_name \r\n						where table_schema = \'$dbname\'\r\n						and C.table_name =\'$tabla\'\";\r\n				\r\n				query($sql);\r\n				\r\n				$this->showMessage(\"Columnas importadas\");\r\n				\r\n			} catch (PDOException $e) {\r\n				$this->showMessage(\"Error en la consulta: \" . $e->getMessage());\r\n			}\r\n		}\r\n	}\r\n	public function postUploadFile($filedata){ $this->showMessage(\"postUploadFile\");}\r\n\r\n}\r\n',1),
('4A902F4D83EF2610966C4D410279E6F8','C0F34C980D8AC44DAB5B7148A9669AD8','ventas_pedidos.php','<?php \r\n\r\nPluginManager::RegisterPlugin(new my_new_plugin_pedido());\r\n\r\nclass my_new_plugin_pedido extends PluginInterface {\r\n	\r\n	protected $data; //use it at will between related events\r\n	\r\n	public function postUpdate($item, $datos){ }\r\n	public function postInsert($item, $datos){ \r\n	    $datos[\'codigo\'] = nextSequence(\"ventas_pedidos\");\r\n	    $datos[\'id\']= $item;\r\n	    dbupdate(\"ventas_pedidos\", $datos);\r\n	}\r\n	public function preDuplicate($item, &$datos){ }\r\n	public function postDuplicate($item, $new_item){ \r\n	    \r\n	    //duplicamos Columnas\r\n		$data = query(\"SELECT * FROM ventas_pedidos_lineas where id_pedido=\".quote($item));\r\n		foreach ($data as $col) {\r\n		    // code...\r\n		    $col[\'id_pedido\'] = $new_item;\r\n		    $col[\'id\']=\'\';\r\n		    dbinsert(\'ventas_pedidos_lineas\', $col);\r\n		}\r\n	    \r\n	}\r\n	\r\n	public function customContent($item){ 	}\r\n	\r\n	public function setDefaultValues(&$datos){  }\r\n	\r\n	public function preRenderform($item, &$datos){ \r\n		\r\n	}\r\n	public function onCustomButton($operation, $item, $datos){ \r\n		\r\n	}\r\n	public function postUploadFile($file){ $this->showMessage(\"postUploadFile\");}\r\n\r\n}\r\n',1),
('6A439791CD14E8457BC48B03C192A427','490484A9474D03AB69738B7FC05D057C','ventas_ofertas.php','<?php \r\n\r\n\r\n\r\nPluginManager::RegisterPlugin(new my_new_plugin());	    \r\n\r\nclass my_new_plugin extends PluginInterface {\r\n	\r\n	protected $data; //use it at will between related events\r\n	\r\n	public function postUpdate($item, $datos){ \r\n	    \r\n	    \r\n	}\r\n	public function postInsert($item, $datos){ \r\n	    $datos[\'codigo\'] = nextSequence(\"ventas_ofertas\",date(\"Y\"));\r\n	    $datos[\'estado\'] =0; //borrador \r\n	    \r\n	    $hoy = new DateTime();\r\n	    $datos[\'fecha_oferta\'] = $hoy->format(\'Y-m-d\');\r\n        $hoy->add(new DateInterval(\'P30D\'));\r\n        $datos[\'valido_hasta\'] = $hoy->format(\'Y-m-d\');\r\n        \r\n	    $datos[\'id\']= $item;\r\n	    dbupdate(\"ventas_ofertas\", $datos);\r\n	}\r\n	public function preDuplicate($item, &$datos){ \r\n	    $datos[\'codigo\'] = null;\r\n	    $datos[\'status\'] = 1;\r\n	}\r\n	public function postDuplicate($item, $new_item){ \r\n	    \r\n	    //duplicamos Columnas\r\n		$data = query(\"SELECT * FROM ventas_ofertas_lineas where id_oferta=\".quote($item));\r\n		foreach ($data as $col) {\r\n		    // code...\r\n		    $col[\'id_oferta\'] = $new_item;\r\n		    $col[\'id\']=\'\';\r\n		    dbinsert(\'ventas_ofertas_lineas\', $col);\r\n		}\r\n	    \r\n	}\r\n	\r\n	public function postTransition($item, $trans){\r\n	    \r\n	    $lib = EntityManager::GetLibraryFile(\"ventas_lib.php\");\r\n\r\n        if (!empty($lib)){\r\n            include_once(\'../\'.$lib[0]);\r\n            \r\n        }\r\n        \r\n	    dump (\'class exists al ejecutar plugin :\'.class_exists(\'BL_Ventas\'));\r\n	    try{\r\n	        \r\n    	    if ($trans[\'nombre\']==\"Confirmar Pedido\"){\r\n    	        \r\n    	        BL_Ventas::Confirmar_Oferta($item);\r\n    	        \r\n    	    }\r\n	    \r\n	    }catch(Exception $err){\r\n	        echo json_encode($err);\r\n	    }\r\n	    \r\n	}\r\n	public function customContent($item){ \r\n\r\n	}\r\n	\r\n	public function setDefaultValues(&$datos){  }\r\n	\r\n	public function preRenderform($item, &$datos){ \r\n		\r\n	}\r\n	public function onCustomButton($operation, $item, $datos){ \r\n		\r\n	}\r\n	public function postUploadFile($file){ $this->showMessage(\"postUploadFile\");}\r\n\r\n}\r\n',1),
('A8E969A1A48B9B26634991C34461280E','8CD7AC1F9330314D645F44BFAD6749C4','ventas_ofertas_lineas.php','<?php \r\n\r\nPluginManager::RegisterPlugin(new my_new_plugin());\r\n\r\nclass my_new_plugin extends PluginInterface {\r\n	\r\n	protected $data; //use it at will between related events\r\n	protected $id_oferta_padre;\r\n	\r\n	public function postUpdate($item, $datos){\r\n	   \r\n	   $this->procesarLinea($item, $datos);\r\n	   $this->UpdateOferta( $datos[\'id_oferta\']);\r\n	   \r\n	}\r\n	\r\n	public function UpdateOferta($id_oferta){\r\n	    \r\n	    $totales = subtotals(\"ventas_ofertas_lineas\", [\"total_neto\",\"total_impuestos\"], \"id_oferta\", $id_oferta);\r\n	    $oferta=[];\r\n	    //trace(\"totales \" . $id_oferta);\r\n	    //dump($totales);\r\n	    $oferta[\'id\']= $id_oferta;\r\n	    $oferta[\'total_neto\']= round($totales[\"total_neto\"],2);\r\n	    $oferta[\'total_impuestos\']= round($totales[\"total_impuestos\"],2);\r\n	    $oferta[\'importe_total\']= round($totales[\"total_neto\"],2) + round($totales[\"total_impuestos\"],2);\r\n	    \r\n	    //dump($oferta);\r\n	    dbupdate(\"ventas_ofertas\",$oferta);\r\n	    \r\n	}\r\n	\r\n	public function procesarLinea($item, $datos){\r\n	    \r\n	    $id_producto = $datos[\'id_producto\'];\r\n	    $cantidad = $datos[\'cantidad\'];\r\n	    $precio_unit = floatval($datos[\'precio\']);\r\n	    $descuento = floatval($datos[\'descuento\']);\r\n	    $pct_impuesto = floatval($datos[\'impuesto\']);\r\n	    \r\n	    \r\n	    $producto = dbgetbyid(\"productos\",$id_producto);\r\n	    //dump($producto);\r\n	    \r\n	    if ($producto!=null){\r\n	        if($precio_unit == 0) $precio_unit =  floatval($producto[\'precio\']);\r\n	        \r\n	        $id_impuesto = $producto[\'id_impuesto\'];\r\n	        if ($id_impuesto != \"\"){\r\n	            $impuesto = dbgetbyid(\"impuestos\",$id_impuesto);\r\n	            //dump($impuesto);\r\n	            $pct_impuesto = $impuesto[\'porcentaje\'];\r\n	        }\r\n	    }\r\n	    $total_neto = $precio_unit * $cantidad * (1.0- $descuento/100.0 );\r\n	    $total_impuestos = ($pct_impuesto/100.0) * $total_neto;\r\n	    \r\n	    $r = [];\r\n	    $r[\'id\'] = $item;\r\n	    $r[\'impuesto\'] = $pct_impuesto;\r\n	    $r[\'precio\'] = $precio_unit;\r\n	    $r[\'total_neto\'] = $total_neto;\r\n	    $r[\'total_impuestos\'] = $total_impuestos;\r\n	    $r[\'total_linea\'] = $total_neto + $total_impuestos;\r\n	    //dump($r);\r\n	    \r\n	    dbupdate(\"ventas_ofertas_lineas\", $r);\r\n	    \r\n	    \r\n	    \r\n	}\r\n	\r\n	public function postInsert($item, $datos){\r\n	    \r\n        $this->procesarLinea($item, $datos);\r\n	    $this->UpdateOferta($datos[\'id_oferta\']);\r\n	    \r\n	}\r\n	\r\n	public function preDelete($item){\r\n	    \r\n	    $record = dbgetbyid(\"ventas_ofertas_lineas\",$item);\r\n	    $this->id_oferta_padre = $record[\'id_oferta\'];\r\n	}\r\n	public function postDelete($item){\r\n	    \r\n	    $this->UpdateOferta($this->id_oferta_padre);\r\n	}\r\n	\r\n	public function preDuplicate($item, &$datos){ }\r\n	public function postDuplicate($item, $new_item){ }\r\n	\r\n	public function customContent($item){ 	}\r\n	\r\n	public function setDefaultValues(&$datos){  }\r\n	\r\n	public function preRenderform($item, &$datos){ \r\n	    //número de orden en el alta\r\n	    if ($item == \"\" || $item <0){\r\n	        $aux = query1(\"select coalesce(max(orden),0)+1 as orden from ventas_ofertas_lineas where id_oferta =  \".quote($datos[\'id_oferta\']));\r\n	        $datos[\'orden\'] =$aux[\'orden\'];\r\n	        \r\n	    }else { //establece el estado del registro como bloqueado o activo en función de la cabecera\r\n	        $id_oferta = $datos[\'id_oferta\'];\r\n	        $ofe = dbgetbyid(\"ventas_ofertas\",$id_oferta);\r\n	        $datos[\'status\'] = $ofe[\'status\'];\r\n	    }\r\n		\r\n	}\r\n	public function onCustomButton($operation, $item, $datos){ \r\n		\r\n	}\r\n	public function postUploadFile($file){ $this->showMessage(\"postUploadFile\");}\r\n\r\n}\r\n\r\n\r\n\r\n',1),
('B212FC0A3CF1746CE632130B8AA92CBE','A68EEE98E6B4784D4DFFC8BD9102F849','app_graphics.php','<?php \r\n\r\nPluginManager::RegisterPlugin(new my_new_plugin());\r\n\r\nclass my_new_plugin extends PluginInterface {\r\n	\r\n	protected $data; //use it at will between related events\r\n	\r\n	public function postUpdate($item, $datos){ }\r\n	public function postInsert($item, $datos){ }\r\n	public function preDuplicate($item, &$datos){ }\r\n	public function postDuplicate($item, $new_item){ }\r\n	\r\n	public function customContent($item){ \r\n	   \r\n	   return print_graphic($item , \"\" , \"\", \"Titulo del grafico\");\r\n	   \r\n	    \r\n	}\r\n	\r\n	public function setDefaultValues(&$datos){  }\r\n	\r\n	public function preRenderform($item, &$datos){ \r\n		\r\n	}\r\n	public function onCustomButton($operation, $item, $datos){ \r\n		$this->showMessage(\"TEST\");\r\n	}\r\n	public function postUploadFile($file){ $this->showMessage(\"postUploadFile\");}\r\n\r\n}\r\n',1),
('C5BA920998AA1094EF844DACB6EB037A','2AAF5FB75C18B38E851D52C913976F89','app_views.php','<?php\r\n\r\nPluginManager::RegisterPlugin(new consultas_plugin());\r\n\r\nclass consultas_plugin extends PluginInterface {\r\n	protected $datos; //resultado de la consulta\r\n	\r\n	public function postUpdate($item, $datos){}\r\n	public function postInsert($item, $datos){ }\r\n	public function preDuplicate($item, &$datos){ }\r\n	public function postDuplicate($item, $new_item){ }\r\n	public function customContent($item){ \r\n		$listado_html = \"\";\r\n		if ($this->datos != null){\r\n			$listado_html = generarTablaHTML($this->datos);\r\n		}\r\n		return $listado_html;\r\n	}\r\n	public function setDefaultValues(&$datos){}\r\n	public function preRenderform($item, &$datos){ \r\n		\r\n	}\r\n	public function onCustomButton($operation, $item, $datos){ \r\n		if ($operation == \"test\" ){\r\n			try{\r\n				$r = [\"id\" => $item, \"query\" =>$datos[\"query\"] ];\r\n				dbupdate(\"app_views\",$r);\r\n				\r\n				$this->datos = query($datos[\"query\"]); \r\n				$this->showMessage(\"Consulta ejecutada\");\r\n		\r\n			} catch (PDOException $e) {\r\n				$this->showMessage(\"Error en la consulta: \" . $e->getMessage());\r\n			}\r\n		}\r\n	}\r\n	public function postUploadFile($filedata){ $this->showMessage(\"postUploadFile\");}\r\n\r\n}\r\n',1),
('CBE0B82E95E7FEDAA449B5A0F969B528','BA0C16DF30A8A623EE49338EDBEFAB38','app_entity_columns.php','<?php\r\n\r\nPluginManager::RegisterPlugin(new app_entities_plugin());\r\n\r\nclass app_entities_plugin extends PluginInterface {\r\n	protected $datos; //resultado de la consulta\r\n	\r\n	public function postUpdate($item, $datos){}\r\n	public function postInsert($item, $datos){ }\r\n	public function preDuplicate($item, &$datos){ }\r\n	public function postDuplicate($item, $new_item){ }\r\n	\r\n	public function customContent($item){ \r\n\r\n	}\r\n	\r\n	public function setDefaultValues(&$datos){}\r\n	\r\n	public function preRenderform($item, &$datos){ \r\n\r\n	}\r\n	public function onCustomButton($operation, $item, $datos){ \r\n		if ($operation == \"create\" ){\r\n			try{\r\n				$entity = EntityManager::GetEntityById($datos[\'id_entity\']);\r\n				$table_name = $entity[\'entity\'];\r\n				$col_name = $datos[\'dbcolumn\'];\r\n				$type = EntityManager::getDBtype($datos[\'type\'], $datos[\'max\']);\r\n				$default = $datos[\'value\'];\r\n				\r\n				$sql = \"alter table $table_name add column $col_name $type NULL\";\r\n				if ($default != \"\"){\r\n				    $sql .= \" DEFAULT \" . quote($default, $type);\r\n				}\r\n				//trace($sql);\r\n				query($sql);\r\n				\r\n				$this->showMessage(\"COLUMNA $table_name.$col_name CREADA correctamente\");\r\n				\r\n			} catch (PDOException $e) {\r\n				$this->showMessage(\"Error en la consulta: \" . $e->getMessage());\r\n			}\r\n		}else if ($operation == \"drop\" ){\r\n			try{\r\n				$entity = EntityManager::GetEntityById($datos[\'id_entity\']);\r\n				$table_name = $entity[\'entity\'];\r\n				$col_name = $datos[\'dbcolumn\'];\r\n				\r\n				\r\n				$sql = \"alter table $table_name drop column $col_name\";\r\n				//trace($sql);\r\n				query($sql);\r\n				\r\n				$this->showMessage(\"COLUMNA $table_name.$col_name BORRADA correctamente\");\r\n				\r\n			} catch (PDOException $e) {\r\n				$this->showMessage(\"Error en la consulta: \" . $e->getMessage());\r\n			}\r\n		}\r\n	}\r\n	public function postUploadFile($filedata){ $this->showMessage(\"postUploadFile\");}\r\n\r\n}\r\n',1),
('F8614D036A03DA49833D0E54DE68E391','383D9E6BA1659044E079B71BCE51FE19','app_form_areas.php','<?\r\n\r\nPluginManager::RegisterPlugin(new my_new_plugin());\r\n\r\nclass my_new_plugin extends PluginInterface {\r\n	\r\n	protected $data; //use it at will between related events\r\n	\r\n	public function postUpdate($item, $datos){ }\r\n	public function postInsert($item, $datos){ }\r\n	public function preDuplicate($item, &$datos){ }\r\n	public function postDuplicate($item, $new_item){ }\r\n	\r\n	public function customContent($item){ \r\n		$html = \"<h3>Secciones</h3>\";\r\n		$html .= print_grid(\'D2E616EC2D515DBC1391A839BDD6BE0A\', \"id_area\", $item,\"\");\r\n		return $html;\r\n	}\r\n	\r\n	public function setDefaultValues(&$datos){  }\r\n	\r\n	public function preRenderform($item, &$datos){ \r\n		\r\n	}\r\n	public function onCustomButton($operation, $item, $datos){ \r\n		\r\n	}\r\n	public function postUploadFile($filedata){ $this->showMessage(\"postUploadFile\");}\r\n\r\n}\r\n',1),
('FEF3304D55C34B87B9937F4575C666E0','B0D9EB0533F678EA863976D6C156CD0E','app_form_sections.php','<?\r\n\r\nPluginManager::RegisterPlugin(new my_new_plugin());\r\n\r\nclass my_new_plugin extends PluginInterface {\r\n	\r\n	protected $data; //use it at will between related events\r\n	\r\n	public function postUpdate($item, $datos){ }\r\n	public function postInsert($item, $datos){ }\r\n	public function preDuplicate($item, &$datos){ }\r\n	public function postDuplicate($item, $new_item){ }\r\n	\r\n	public function customContent($item){ \r\n		$html = \"<h3>Controles de formulario</h3>\";\r\n		$html .= print_grid(\'4CEB444996216FE37E38DE2C6C3D287A\', \"id_seccion\", $item, \"\");\r\n\r\n		return $html;\r\n	}\r\n	\r\n	public function setDefaultValues(&$datos){  }\r\n	\r\n	public function preRenderform($item, &$datos){ \r\n		\r\n	}\r\n	public function onCustomButton($operation, $item, $datos){ \r\n		\r\n	}\r\n	public function postUploadFile($filedata){ $this->showMessage(\"postUploadFile\");}\r\n\r\n}\r\n',1);
/*!40000 ALTER TABLE `app_plugins` ENABLE KEYS */;
UNLOCK TABLES;

--
-- Table structure for table `app_proceso_entidad`
--

DROP TABLE IF EXISTS `app_proceso_entidad`;
/*!40101 SET @saved_cs_client     = @@character_set_client */;
/*!40101 SET character_set_client = utf8mb4 */;
CREATE TABLE `app_proceso_entidad` (
  `id` char(32) NOT NULL,
  `nombre` varchar(100) DEFAULT NULL,
  `fecha_creacion` timestamp NULL DEFAULT current_timestamp(),
  `fecha_modificacion` timestamp NULL DEFAULT current_timestamp() ON UPDATE current_timestamp(),
  `id_entity` char(32) DEFAULT NULL,
  `status` int(11) DEFAULT NULL,
  `campo_entidad` varchar(50) DEFAULT NULL,
  PRIMARY KEY (`id`)
) ENGINE=InnoDB DEFAULT CHARSET=utf8mb3 COLLATE=utf8mb3_general_ci;
/*!40101 SET character_set_client = @saved_cs_client */;

--
-- Dumping data for table `app_proceso_entidad`
--

LOCK TABLES `app_proceso_entidad` WRITE;
/*!40000 ALTER TABLE `app_proceso_entidad` DISABLE KEYS */;
INSERT INTO `app_proceso_entidad` VALUES
('1DDE9C45D0C99024ACA7F9C98AD8FEF1','Proceso de Pedido de Ventas','2025-09-05 13:05:12','2025-09-23 11:28:28','C0F34C980D8AC44DAB5B7148A9669AD8',1,'estado'),
('45638ECFBE5174C38B169DE2C67BDE87','Fases proyecto','2025-09-24 12:28:16','2026-03-26 08:32:38','3D87D8B6639DF0D570E9AB08F03853FD',1,NULL),
('F16B54E64435670CEF531775394C4628','Proceso de Oferta de Ventas','2025-09-02 16:48:22','2026-06-19 12:18:43','490484A9474D03AB69738B7FC05D057C',1,'estado');
/*!40000 ALTER TABLE `app_proceso_entidad` ENABLE KEYS */;
UNLOCK TABLES;

--
-- Table structure for table `app_proceso_tramites`
--

DROP TABLE IF EXISTS `app_proceso_tramites`;
/*!40101 SET @saved_cs_client     = @@character_set_client */;
/*!40101 SET character_set_client = utf8mb4 */;
CREATE TABLE `app_proceso_tramites` (
  `id` char(32) NOT NULL,
  `nombre` varchar(100) DEFAULT NULL,
  `fecha_creacion` timestamp NULL DEFAULT current_timestamp(),
  `fecha_modificacion` timestamp NULL DEFAULT current_timestamp() ON UPDATE current_timestamp(),
  `id_proceso` char(32) DEFAULT NULL,
  `id_fase` char(32) DEFAULT NULL,
  `id_registro` char(32) DEFAULT NULL,
  PRIMARY KEY (`id`)
) ENGINE=InnoDB DEFAULT CHARSET=utf8mb3 COLLATE=utf8mb3_general_ci;
/*!40101 SET character_set_client = @saved_cs_client */;

--
-- Dumping data for table `app_proceso_tramites`
--

LOCK TABLES `app_proceso_tramites` WRITE;
/*!40000 ALTER TABLE `app_proceso_tramites` DISABLE KEYS */;
INSERT INTO `app_proceso_tramites` VALUES
('05738054DCAE5AE0B13BE84685AE06F6',NULL,'2026-06-19 09:09:37','2026-06-19 09:09:37','1DDE9C45D0C99024ACA7F9C98AD8FEF1','27C7A68F331CE1727B703A8D9FDD4DC2','1FDF94A098BE1D39E7CC30C6D9C73866'),
('08E626A7A494576BE186FF63A77B4794',NULL,'2026-06-19 16:25:41','2026-06-19 16:25:41','1DDE9C45D0C99024ACA7F9C98AD8FEF1','27C7A68F331CE1727B703A8D9FDD4DC2','14C7AACFA98ABE91FBA4CD274EDEEB1C'),
('09F8B827F7C87081B5D017FFD0F65F9F',NULL,'2026-06-19 08:04:37','2026-06-19 08:04:37','1DDE9C45D0C99024ACA7F9C98AD8FEF1','27C7A68F331CE1727B703A8D9FDD4DC2','8E9AC2E80A671163DEEF79C5BCC0EDEA'),
('0BE786C548418AD6C94D6DBC10B2117E',NULL,'2025-11-27 18:25:44','2025-11-27 18:25:44','45638ECFBE5174C38B169DE2C67BDE87','6FEE52135C37B80BD401F9E50C1B4D96','DBAD7FF23525391A2F1DA302CA7F0E7E'),
('1E32A6528F17E9F32B5BB3BAF4BC5D3A',NULL,'2026-06-18 18:44:36','2026-06-18 18:44:36','1DDE9C45D0C99024ACA7F9C98AD8FEF1','27C7A68F331CE1727B703A8D9FDD4DC2','F2BF9C691D204E886485F268507FE89F'),
('2115608EACA91CFCF9E89E8EB75EB2EF',NULL,'2026-06-16 06:53:57','2026-06-16 06:54:34','1DDE9C45D0C99024ACA7F9C98AD8FEF1','D09C09AC9A7962A727691ECA027F9892','327D926EC98272C5A24EA54110D6D5AA'),
('2217226A9DCF5616C51DD3255A1A7829',NULL,'2026-04-17 12:33:43','2026-04-21 10:09:06','F16B54E64435670CEF531775394C4628','E8B7813D77D35EE89A71F78BA9247870','19AF9BB31EF62C05720D843D833BD3C1'),
('22E68E4C688C0BF1CF4D124629C18522',NULL,'2026-06-11 19:20:32','2026-06-11 19:22:12','F16B54E64435670CEF531775394C4628','E8B7813D77D35EE89A71F78BA9247870','9FE9E3AABDDE8C7419DCB867875ED05E'),
('24A9899EEB75E49A9A85C6FC592B2BFB',NULL,'2026-06-19 12:17:48','2026-06-19 13:12:52','1DDE9C45D0C99024ACA7F9C98AD8FEF1','D09C09AC9A7962A727691ECA027F9892','5D4EE74A9DFA9D35ECEFFBE4A4C0877E'),
('2691BC1FFDC6DA99B1DAC081A6ABCC2A',NULL,'2026-03-20 13:31:25','2026-03-20 13:31:25','F16B54E64435670CEF531775394C4628','A83C80BF506BB6FE3C63EAC35E276685','2951702F449C61A855129EA2D5238D2F'),
('26FCCC061629B00F24596F0CCB648127',NULL,'2026-03-10 19:21:44','2026-03-21 19:22:01','F16B54E64435670CEF531775394C4628','A83C80BF506BB6FE3C63EAC35E276685','E7C948C8924695C177B777D2A20D9578'),
('2A4FE9B03456D09DF570C2C78AD9F882',NULL,'2026-03-11 16:44:19','2026-03-11 16:44:19','45638ECFBE5174C38B169DE2C67BDE87','6FEE52135C37B80BD401F9E50C1B4D96','427128B7764905E33FEF59D2E9D6145E'),
('2CAD378618872D69A6F9D8D772F8B353',NULL,'2026-06-18 18:38:33','2026-06-18 18:38:33','1DDE9C45D0C99024ACA7F9C98AD8FEF1','27C7A68F331CE1727B703A8D9FDD4DC2','B514D1473A28F00630CC4019C07A3BD8'),
('31D6BBC7937C9BE2B97A3D49E96D22D9',NULL,'2026-03-20 15:59:18','2026-03-20 15:59:18','F16B54E64435670CEF531775394C4628','A83C80BF506BB6FE3C63EAC35E276685','ABC9BCDE52E33041A5FE7D9637A32C48'),
('32DA93E45FA4A14A78FE287A58A20CAA',NULL,'2026-06-19 08:50:36','2026-06-19 08:51:07','1DDE9C45D0C99024ACA7F9C98AD8FEF1','D09C09AC9A7962A727691ECA027F9892','89E239DA6FAEF66D8D94F1F293BEDAF1'),
('3390B8D4716B2195341B2DD163AC140F',NULL,'2026-06-19 08:29:25','2026-06-19 08:29:25','1DDE9C45D0C99024ACA7F9C98AD8FEF1','27C7A68F331CE1727B703A8D9FDD4DC2','05E512DEB677B993C78E5BD0F1BD0237'),
('356F226282F78BA9CDA6EC6C54AC68C4',NULL,'2026-04-25 19:14:12','2026-06-09 14:09:56','F16B54E64435670CEF531775394C4628','5FC77654D12C165D3E8F31A4B8BA489B','D46342156C1CC2B91688430534F0FBE3'),
('378A94D1E1DA0E10A90A7E8E60D22086',NULL,'2026-03-10 14:02:33','2026-03-10 14:02:33','45638ECFBE5174C38B169DE2C67BDE87','6FEE52135C37B80BD401F9E50C1B4D96','FEC222E1E400925DE70DCF2C86FD66C0'),
('3CB259326809566B3A1C6E41D0865912',NULL,'2026-06-13 17:43:36','2026-06-15 09:01:48','F16B54E64435670CEF531775394C4628','E8B7813D77D35EE89A71F78BA9247870','2ADC711E7D7ABF958A8F472C0DF75D10'),
('42E829295E80DCFF6CF87A1114018C84',NULL,'2026-03-10 17:39:12','2026-03-10 17:39:12','1DDE9C45D0C99024ACA7F9C98AD8FEF1','27C7A68F331CE1727B703A8D9FDD4DC2','A1096333FC523D14350A2459C0BF8F8D'),
('46459F580DFEF0BF060383523E050D64',NULL,'2025-11-27 18:17:20','2026-03-09 13:34:19','F16B54E64435670CEF531775394C4628','E8B7813D77D35EE89A71F78BA9247870','4B1CF80B1B0BBD052B0AD221B74934E9'),
('47ED41B7D8364536BEEB2BDEB90EFB29',NULL,'2026-06-18 18:51:50','2026-06-18 19:07:43','1DDE9C45D0C99024ACA7F9C98AD8FEF1','D09C09AC9A7962A727691ECA027F9892','89ED9C5E1D32377A3AADAB758ABFEF70'),
('4B163E9DC1515C3432C565DB03A05EB5',NULL,'2026-06-18 18:50:46','2026-06-18 18:50:46','1DDE9C45D0C99024ACA7F9C98AD8FEF1','27C7A68F331CE1727B703A8D9FDD4DC2','299B64E2EA7ED9BC671288E0572C403F'),
('4D629BC515CB1CDC957C8FE41B7C6BE7',NULL,'2026-06-17 11:25:26','2026-06-17 11:26:14','F16B54E64435670CEF531775394C4628','E8B7813D77D35EE89A71F78BA9247870','089A743EBBF91222DD02C7231F7D63C2'),
('5000B27B3B5F093E62218CE5D1473FEF',NULL,'2026-06-19 08:58:12','2026-06-19 09:02:04','F16B54E64435670CEF531775394C4628','5FC77654D12C165D3E8F31A4B8BA489B','43F72070841B41445DDFE63CAC5A8820'),
('50DFE76EE9C6629E3B3A911DAD7AC84C',NULL,'2026-06-09 14:11:58','2026-06-12 12:55:28','F16B54E64435670CEF531775394C4628','A83C80BF506BB6FE3C63EAC35E276685','91B33A82904FB5C3270313B1577572B8'),
('528718A6D7A2CFDFB0DC4F55B054A8BD',NULL,'2026-01-07 09:47:41','2026-03-31 15:10:52','F16B54E64435670CEF531775394C4628','5FC77654D12C165D3E8F31A4B8BA489B','3DC4883ADA072E8EAD1DE9F23A321084'),
('53562037842A6D3D85231C09ABFA7E58',NULL,'2026-06-16 06:32:44','2026-06-16 17:05:34','F16B54E64435670CEF531775394C4628','5FC77654D12C165D3E8F31A4B8BA489B','2DB61FC821AEEAB5B12DC023109813E7'),
('5608F5D00AD961262AD82AF3BBEB5AA5',NULL,'2026-06-19 13:50:13','2026-06-22 17:51:05','F16B54E64435670CEF531775394C4628','C312D5CFC82D8CE6C7384E83B3D30A50','EF32BC408055302E27EB54EE96B51085'),
('57D96724DC1C0CC844ED0435EC772A89',NULL,'2026-03-10 18:35:06','2026-03-10 18:35:06','F16B54E64435670CEF531775394C4628','A83C80BF506BB6FE3C63EAC35E276685','0003A161E6B180BB3C5211EF3C20B2A0'),
('6750D24BD9E30ED3B908DDA46F75A8CC',NULL,'2026-02-26 15:57:38','2026-02-26 15:57:38','1DDE9C45D0C99024ACA7F9C98AD8FEF1','27C7A68F331CE1727B703A8D9FDD4DC2','0122A426F72537DA61E0A27C2BAEED62'),
('6AC6332A2A515EDA8FCFB8E3A223C812',NULL,'2026-06-17 11:26:27','2026-06-18 18:51:45','F16B54E64435670CEF531775394C4628','5FC77654D12C165D3E8F31A4B8BA489B','733A05129DE982B93B4ADF1D48875446'),
('71471CA4651D30E04DD65ECA67215848',NULL,'2026-03-10 14:04:24','2026-03-10 14:04:24','45638ECFBE5174C38B169DE2C67BDE87','6FEE52135C37B80BD401F9E50C1B4D96','AE82DFC5696A75C7B485D960A43E8979'),
('72F5E514F735C6294BE71DE3F3D2C902',NULL,'2026-06-09 14:15:46','2026-06-09 14:15:46','1DDE9C45D0C99024ACA7F9C98AD8FEF1','27C7A68F331CE1727B703A8D9FDD4DC2','E01D50A812F3D3303F3D6B7511DC79CA'),
('76700E0F548381D59297E5C57F16563E',NULL,'2025-12-04 15:54:16','2026-03-10 19:03:22','F16B54E64435670CEF531775394C4628','5FC77654D12C165D3E8F31A4B8BA489B','BF3451D8A68B26CF1B10E9B550B37F97'),
('7EF0818125C9C4FB243E413AEA2CB633',NULL,'2026-03-23 21:55:02','2026-03-23 21:55:02','45638ECFBE5174C38B169DE2C67BDE87','6FEE52135C37B80BD401F9E50C1B4D96','4DCFA690205D41BD2FF7EAA99091A654'),
('81E0FDE635DFC82156448995E6F3D96A',NULL,'2026-06-19 08:40:10','2026-06-19 08:41:13','1DDE9C45D0C99024ACA7F9C98AD8FEF1','03C6DC89CBF9BCA85717DA87B7CD7789','58769FC2616CA24B2E9767C88EFFE89E'),
('87E8E1AC6F077071376FDDFDE13F9586',NULL,'2026-06-19 12:16:24','2026-06-19 12:17:45','F16B54E64435670CEF531775394C4628','5FC77654D12C165D3E8F31A4B8BA489B','26F54F86E44736993158A402E1C32497'),
('8B6D2BE13E61B4AC0051A4BF07F2C364',NULL,'2026-03-21 17:31:14','2026-03-21 17:31:14','45638ECFBE5174C38B169DE2C67BDE87','6FEE52135C37B80BD401F9E50C1B4D96','62839849888BC31C7ABE7AEC6A0C7474'),
('8C294F1C4512AC539312CDF89DF9CECD',NULL,'2026-06-13 17:41:52','2026-06-13 17:41:52','F16B54E64435670CEF531775394C4628','A83C80BF506BB6FE3C63EAC35E276685','92D28948C08608DDF3103992E7E1DFFE'),
('8E2DF077C7732FEE80BFE42DB6FFD241',NULL,'2026-06-15 19:21:23','2026-06-15 19:22:21','F16B54E64435670CEF531775394C4628','5FC77654D12C165D3E8F31A4B8BA489B','582A226BC80698430411073C46B891FA'),
('9C80E37A8854933FFCBFF739F7B69B17',NULL,'2026-03-10 19:22:17','2026-03-10 19:22:17','F16B54E64435670CEF531775394C4628','A83C80BF506BB6FE3C63EAC35E276685','1C8020054BB1C58AAB934B79E6472EF5'),
('A4700ADC31165FE601D36606FB93F739',NULL,'2025-12-04 16:01:10','2026-06-22 17:49:26','45638ECFBE5174C38B169DE2C67BDE87','6FEE52135C37B80BD401F9E50C1B4D96','BDBAD4E456A7D9DF3BDD1E6D707371BA'),
('A6942344FB8073696F5E0F8E82718646',NULL,'2026-03-24 15:40:45','2026-03-24 15:40:45','F16B54E64435670CEF531775394C4628','A83C80BF506BB6FE3C63EAC35E276685','8CB28F41DBCEC919BDED4BD0822FF2F2'),
('AAA66C02F962F3EF02A1880ACDFFCFE3',NULL,'2026-06-19 09:02:10','2026-06-19 09:05:32','1DDE9C45D0C99024ACA7F9C98AD8FEF1','749D81942CC297E4CC319C8968CE0223','69DB3EA1008766F1436ABBC0FCE7289C'),
('B0A1157D54FEC95BAF0D413757C71FC6',NULL,'2026-06-16 08:36:21','2026-06-16 17:10:55','F16B54E64435670CEF531775394C4628','5FC77654D12C165D3E8F31A4B8BA489B','2DB257704C60623DD42DD81194EFACC7'),
('B2ECFF027C2FB8ECB61FBAF7753D4B4A',NULL,'2026-03-10 19:43:48','2026-03-10 19:43:48','F16B54E64435670CEF531775394C4628','A83C80BF506BB6FE3C63EAC35E276685','FECC90C6B3FA27305D2DE5150CA64B8C'),
('B533C115F19457C039FE19E1B166091C',NULL,'2025-12-04 16:00:08','2026-06-20 15:52:27','45638ECFBE5174C38B169DE2C67BDE87','6FEE52135C37B80BD401F9E50C1B4D96','2B5297FBE05CFA798C2D107CA982AB8D'),
('B65992A695F87A5972BEFEFEBA2F6FC7',NULL,'2026-06-13 17:41:20','2026-06-13 17:41:20','F16B54E64435670CEF531775394C4628','A83C80BF506BB6FE3C63EAC35E276685','5CE8A6C86F49A082763F8868B2CC9B89'),
('B889EFA035F0E2F2647AF6B5866AA411',NULL,'2026-06-11 19:25:06','2026-06-11 19:25:06','F16B54E64435670CEF531775394C4628','A83C80BF506BB6FE3C63EAC35E276685','BD5D7EFC2DD7FEB8EC6EDB3449AE219F'),
('C2136201EB04D46D9EC12C3AA9D6A83A',NULL,'2026-06-19 13:43:58','2026-06-19 13:47:52','F16B54E64435670CEF531775394C4628','5FC77654D12C165D3E8F31A4B8BA489B','10D2C22878BED1023F8CC5F1E6AA82D9'),
('C404E3E889CA19438378E2EBE6770ADE',NULL,'2026-06-18 18:23:59','2026-06-18 18:23:59','1DDE9C45D0C99024ACA7F9C98AD8FEF1','27C7A68F331CE1727B703A8D9FDD4DC2','A26FC51E5B4C6BCF875D8B4F5CF8672E'),
('C40D5913B7BC9220ADCC191DFB60A51A',NULL,'2026-03-10 19:22:10','2026-03-10 19:22:10','F16B54E64435670CEF531775394C4628','A83C80BF506BB6FE3C63EAC35E276685','7AC230F0AA2DA9F5827AB70E9C8F1836'),
('C76292020DCEF782B5565C60553A934C',NULL,'2026-06-13 17:40:49','2026-06-13 17:40:49','F16B54E64435670CEF531775394C4628','A83C80BF506BB6FE3C63EAC35E276685','98402C1A756A296C1828DDF3162E920B'),
('C855AED6A2DEA2A2999BB01A915C0C00',NULL,'2026-06-19 08:49:56','2026-06-19 08:50:32','F16B54E64435670CEF531775394C4628','5FC77654D12C165D3E8F31A4B8BA489B','F94348DC57E1733D2A27300397480E14'),
('C874BC91E42AEAD0E4E2C3BCC07F35D5',NULL,'2026-04-25 19:14:16','2026-04-25 19:17:10','F16B54E64435670CEF531775394C4628','5FC77654D12C165D3E8F31A4B8BA489B','00E2FE8952B6C5FE339DB42CF8B2785E'),
('D71C26695E105FA7C4DB233F31FCB146',NULL,'2026-03-20 15:42:47','2026-03-20 15:42:47','45638ECFBE5174C38B169DE2C67BDE87','6FEE52135C37B80BD401F9E50C1B4D96','1476BBE4927D8161E9B3125667663F1C'),
('E17474382587A8D94B0C571594E50CA5',NULL,'2026-06-13 17:40:20','2026-06-13 17:40:20','F16B54E64435670CEF531775394C4628','A83C80BF506BB6FE3C63EAC35E276685','C1858A4AC638FCEE5ADDFFC62DB435EA'),
('E25BBFC97ADBF0D00A6A3F8A19718FDD',NULL,'2026-06-19 13:42:26','2026-06-19 20:21:27','1DDE9C45D0C99024ACA7F9C98AD8FEF1','749D81942CC297E4CC319C8968CE0223','EF44F7215645182B52B87D9FA8DADF30'),
('E2E8066A7D460E263502162E8EB80D64',NULL,'2026-06-18 18:46:08','2026-06-19 08:40:04','F16B54E64435670CEF531775394C4628','5FC77654D12C165D3E8F31A4B8BA489B','F7883BE4D9C07868A202DC6ADAC78993'),
('E4B1A304D47D2067E30D9E06D6248761',NULL,'2026-01-08 16:55:45','2026-03-25 21:37:52','F16B54E64435670CEF531775394C4628','5FC77654D12C165D3E8F31A4B8BA489B','4E4F4F4ECD0BC40ACCA9672F2DA1498E'),
('E60354799D3B05A81E98A9031C57C4FF',NULL,'2026-06-18 18:29:49','2026-06-18 18:31:13','1DDE9C45D0C99024ACA7F9C98AD8FEF1','27C7A68F331CE1727B703A8D9FDD4DC2','A2A7B67956270689C367424FA1B40E38'),
('F3E85F8C08CC24E1AF219968AFC99706',NULL,'2026-03-11 17:19:03','2026-03-11 17:19:03','F16B54E64435670CEF531775394C4628','A83C80BF506BB6FE3C63EAC35E276685','ED43B2C8A6BC13243345FFE93EA30DB7'),
('F9C8EB403A19CFFDF7C2A6CE516125E4',NULL,'2026-03-21 19:15:35','2026-03-21 19:15:35','F16B54E64435670CEF531775394C4628','A83C80BF506BB6FE3C63EAC35E276685','EB4C138A719C0A2E70BF6E6B8C62D59E'),
('FAA3C81A829B79F1BDF5E3DC10CFF258',NULL,'2026-06-16 17:20:31','2026-06-16 17:21:17','F16B54E64435670CEF531775394C4628','5FC77654D12C165D3E8F31A4B8BA489B','FF3B7CEE0A04935149A2026D337E95AD');
/*!40000 ALTER TABLE `app_proceso_tramites` ENABLE KEYS */;
UNLOCK TABLES;

--
-- Table structure for table `app_proyectos`
--

DROP TABLE IF EXISTS `app_proyectos`;
/*!40101 SET @saved_cs_client     = @@character_set_client */;
/*!40101 SET character_set_client = utf8mb4 */;
CREATE TABLE `app_proyectos` (
  `id` char(32) NOT NULL,
  `nombre` varchar(100) NOT NULL,
  `fecha_creacion` timestamp NULL DEFAULT current_timestamp(),
  `fecha_modificacion` timestamp NULL DEFAULT current_timestamp() ON UPDATE current_timestamp(),
  PRIMARY KEY (`id`)
) ENGINE=InnoDB DEFAULT CHARSET=utf8mb3 COLLATE=utf8mb3_general_ci;
/*!40101 SET character_set_client = @saved_cs_client */;

--
-- Dumping data for table `app_proyectos`
--

LOCK TABLES `app_proyectos` WRITE;
/*!40000 ALTER TABLE `app_proyectos` DISABLE KEYS */;
INSERT INTO `app_proyectos` VALUES
('2B5297FBE05CFA798C2D107CA982AB8D','64JAQUES tareas desarrollo','2025-02-26 18:02:42','2025-02-26 18:02:42'),
('BDBAD4E456A7D9DF3BDD1E6D707371BA','Tareas de desarrollo','2025-02-12 18:05:19','2025-02-14 13:35:22');
/*!40000 ALTER TABLE `app_proyectos` ENABLE KEYS */;
UNLOCK TABLES;

--
-- Table structure for table `app_relations`
--

DROP TABLE IF EXISTS `app_relations`;
/*!40101 SET @saved_cs_client     = @@character_set_client */;
/*!40101 SET character_set_client = utf8mb4 */;
CREATE TABLE `app_relations` (
  `id` char(32) NOT NULL,
  `name` varchar(100) NOT NULL,
  `fecha_creacion` timestamp NULL DEFAULT current_timestamp(),
  `fecha_modificacion` timestamp NULL DEFAULT current_timestamp() ON UPDATE current_timestamp(),
  `id_entity` char(32) DEFAULT NULL,
  `field` varchar(50) DEFAULT NULL,
  `id_related_entity` char(32) DEFAULT NULL,
  `on_delete` varchar(50) DEFAULT NULL,
  `on_update` varchar(50) DEFAULT NULL,
  `estado` int(11) DEFAULT NULL,
  PRIMARY KEY (`id`),
  KEY `FK_app_relations_app_entities` (`id_related_entity`),
  KEY `FK_app_relations_2_app_entities` (`id_entity`),
  CONSTRAINT `FK_app_relations_2_app_entities` FOREIGN KEY (`id_entity`) REFERENCES `app_entities` (`id`)
) ENGINE=InnoDB DEFAULT CHARSET=utf8mb3 COLLATE=utf8mb3_general_ci;
/*!40101 SET character_set_client = @saved_cs_client */;

--
-- Dumping data for table `app_relations`
--

LOCK TABLES `app_relations` WRITE;
/*!40000 ALTER TABLE `app_relations` DISABLE KEYS */;
INSERT INTO `app_relations` VALUES
('0FE962F6D0B26DC23D12B7C8BAC25851','FK_app_tareas_proyectos_app_proyectos','2025-03-25 20:02:38','2025-04-28 09:29:28','BAEE82C788A6272E749AB4DE5661FEF6','id_proyecto','3D87D8B6639DF0D570E9AB08F03853FD','restrict','restrict',1),
('27A7C6826D4F85F98BA92841CC4FDFEF','FK_lineas_oferta_cabecera','2025-04-18 10:57:15','2025-05-15 10:48:07','8CD7AC1F9330314D645F44BFAD6749C4','id_oferta','490484A9474D03AB69738B7FC05D057C','cascade','restrict',1),
('329AA22ECE2A12010938709DC07C6AA6','FK_lineas_pedido_cabecera','2025-08-26 11:55:22','2025-08-26 11:55:37','D8E58E608DB593F4EA32FC4605A2065E','id_pedido','C0F34C980D8AC44DAB5B7148A9669AD8','cascade','restrict',1),
('331D48B0E777A44EA2D02EB7F056BB28','FK_app_roles_usuarios_usuarios','2025-03-25 20:02:38','2025-04-28 09:29:28','BA7DBD3B1AD6A8EF5F9480A409E749B1','id_usuario','E7F8AB4799E0C27385B9F2ACBFEFF04C','restrict','restrict',1),
('36CCB8A8C0C124C8B335475B16AAAD31','FK_app_entities_app_modules','2025-03-25 20:02:38','2025-04-28 09:29:28','8A7584A9F47A9E6BD168FE208A4CBA9D','id_module','D15D4315C5B64BB2E6E17E0A4EBEB319','restrict','restrict',1),
('3831B5D7422DE226C0E5C353F6C3120E','FK_app_buttons_app_entities','2025-03-25 20:02:38','2025-04-28 09:29:28','CC4FC092381ABB28C3EF1F6F7160FC83','id_entity','8A7584A9F47A9E6BD168FE208A4CBA9D','restrict','restrict',1),
('42A41CEF9572DE7172EB9CC2757E7F8F','FK_app_permisos_entidad_app_roles','2025-03-25 20:02:38','2025-04-28 09:29:28','927B4B2178AA3CFE5FCF935A7E391068','id_rol','EB91FB64FE2288577B09EA24D0BB03C7','restrict','restrict',1),
('50092C859B469721C93DA488350FE693','FK_app_form_areas_app_forms','2025-03-25 20:02:38','2025-04-28 09:29:28','383D9E6BA1659044E079B71BCE51FE19','id_form','35A30F1BCCCE6D3B8D512FAEAFCD6A01','cascade','restrict',1),
('565A02CB29992623013000B96671BE5C','FK_app_report_templates_app_entities','2025-03-25 20:02:38','2025-04-28 09:29:28','E4FE6D68F9B641C7958DD0221D953E3C','id_entity','8A7584A9F47A9E6BD168FE208A4CBA9D','restrict','restrict',1),
('624D78DB6E3D5BC8B0CBC8F7D1F5FB07','FK_app_permisos_entidad_app_entities','2025-03-25 20:02:38','2025-04-28 09:29:28','927B4B2178AA3CFE5FCF935A7E391068','id_entity','8A7584A9F47A9E6BD168FE208A4CBA9D','restrict','restrict',1),
('753E4227480E91646EB59C0144DD243E','FK_app_plugins_app_entities','2025-03-25 20:02:38','2025-04-28 09:29:28','A5C38664EA80732ED4E9625464F1253C','id_entity','8A7584A9F47A9E6BD168FE208A4CBA9D','restrict','restrict',1),
('9348518217AC4AA698A72BF5F64A38BE','FK_app_scripts_app_entities','2025-03-25 20:02:38','2025-04-28 09:29:28','A9BC1252645E7B10B92A1C75E8D6E4EF','id_entity','8A7584A9F47A9E6BD168FE208A4CBA9D','restrict','restrict',1),
('99FC0988E1A203C1B2C61115E083B2C1','FK_app_roles_usuarios_app_roles','2025-03-25 20:02:38','2025-04-28 09:29:28','BA7DBD3B1AD6A8EF5F9480A409E749B1','id_rol','EB91FB64FE2288577B09EA24D0BB03C7','restrict','restrict',1),
('9BFD9568073CB151E5C525FC1AB90070','FK_app_relations_app_entities','2025-03-25 20:02:38','2025-04-28 09:29:28','744B2497EDAF0D610DA0D599DAF7F1CF','id_related_entity','8A7584A9F47A9E6BD168FE208A4CBA9D','restrict','restrict',1),
('9CA4FAAF05672456887212C8A9F39BAE','FK_app_entity_columns_app_entities','2025-03-25 20:02:38','2026-03-23 16:50:27','BA0C16DF30A8A623EE49338EDBEFAB38','id_entity','8A7584A9F47A9E6BD168FE208A4CBA9D','restrict','restrict',1),
('A7FB8F33586ED073DA9F1D236934D71A','FK_app_form_sections_app_form_areas','2025-03-25 20:02:38','2025-04-28 09:29:28','B0D9EB0533F678EA863976D6C156CD0E','id_area','383D9E6BA1659044E079B71BCE51FE19','cascade','restrict',1),
('AA59EE2A3A6FD82AF0E2535A96D2839B','FK_app_user_controls_app_form_sections','2025-03-25 20:02:38','2025-04-28 09:29:28','801702C306589191B3D37121137E9449','id_seccion','B0D9EB0533F678EA863976D6C156CD0E','cascade','restrict',1),
('D93625542B068DEC4625680AB3C359DB','FK_numeracion_secencias','2026-06-15 14:23:32','2026-06-15 14:23:35','488561E4956B42F22BBD6C4DF6E1C67A','id_numeracion','AAF9DC82ED5D22043CC3AE2A9FF0825F','cascade','restrict',1),
('D9F035E008FD24243B1BD7997762DF79','FK_app_report_queries_app_report_templates','2025-08-22 18:32:23','2025-08-22 18:36:47','F2E98165F53B6ECAD8E23D49268D731A','id_template','E4FE6D68F9B641C7958DD0221D953E3C','cascade','restrict',1),
('E124FFDB0AE2B95FF57DA91B6C3084EB','FK_views_entity','2025-03-24 20:31:48','2026-03-10 15:39:34','2AAF5FB75C18B38E851D52C913976F89','id_entity','8A7584A9F47A9E6BD168FE208A4CBA9D','cascade','restrict',1),
('EAB059F4B43539CB38EF5DABD686D62F','FK_app_user_controls_app_views','2025-03-25 20:02:38','2025-04-28 09:29:28','801702C306589191B3D37121137E9449','id_vista','2AAF5FB75C18B38E851D52C913976F89','restrict','restrict',1),
('F3348AD20C38F59FC743CF0A67AEC294','FK_app_relations_2_app_entities','2025-03-25 20:02:38','2025-04-28 09:56:08','744B2497EDAF0D610DA0D599DAF7F1CF','id_entity','8A7584A9F47A9E6BD168FE208A4CBA9D','restrict','restrict',1),
('F85FCDC92B77F032EA54AE3B88F6CF67','FK_app_forms_app_entities','2025-03-25 20:02:38','2025-04-28 09:29:28','35A30F1BCCCE6D3B8D512FAEAFCD6A01','id_entity','8A7584A9F47A9E6BD168FE208A4CBA9D','restrict','restrict',1);
/*!40000 ALTER TABLE `app_relations` ENABLE KEYS */;
UNLOCK TABLES;

--
-- Table structure for table `app_report_queries`
--

DROP TABLE IF EXISTS `app_report_queries`;
/*!40101 SET @saved_cs_client     = @@character_set_client */;
/*!40101 SET character_set_client = utf8mb4 */;
CREATE TABLE `app_report_queries` (
  `id` char(32) NOT NULL,
  `nombre` varchar(100) NOT NULL,
  `fecha_creacion` timestamp NULL DEFAULT current_timestamp(),
  `fecha_modificacion` timestamp NULL DEFAULT current_timestamp() ON UPDATE current_timestamp(),
  `query` text DEFAULT NULL,
  `id_template` char(32) DEFAULT NULL,
  `resultado` varchar(50) DEFAULT NULL,
  PRIMARY KEY (`id`),
  KEY `FK_app_report_queries_app_report_templates` (`id_template`),
  CONSTRAINT `FK_app_report_queries_app_report_templates` FOREIGN KEY (`id_template`) REFERENCES `app_report_templates` (`id`) ON DELETE CASCADE
) ENGINE=InnoDB DEFAULT CHARSET=utf8mb3 COLLATE=utf8mb3_general_ci;
/*!40101 SET character_set_client = @saved_cs_client */;

--
-- Dumping data for table `app_report_queries`
--

LOCK TABLES `app_report_queries` WRITE;
/*!40000 ALTER TABLE `app_report_queries` DISABLE KEYS */;
INSERT INTO `app_report_queries` VALUES
('1913FA2E371FE3F2308ABCF7308795C2','cabecera','2025-04-22 19:03:18','2025-04-23 19:14:35','select * from ventas_ofertas where id={item}','C2DE3495A82595A48B2A0CACB8441857','unique'),
('391349FE3F000050B345942D34D97C74','lineas','2025-04-23 10:29:40','2026-06-16 08:40:46','Select lin.id, p.code as codigo, p.nombre as producto, lin.concepto, lin.cantidad, lin.precio, lin.descuento,lin.impuesto, lin.total_neto, lin.total_linea, p.imagen  \r\nfrom ventas_ofertas_lineas lin\r\nleft join productos p on lin.id_producto = p.id\r\nwhere lin.id_oferta={item}\r\norder by lin.orden','C2DE3495A82595A48B2A0CACB8441857','multiple'),
('3ECC0F843142D1062EE359F5648438DB','impuestos','2025-04-23 10:29:40','2025-08-18 09:31:29','Select lin.impuesto, sum(lin.total_impuestos) as total_impuestos\r\nfrom ventas_ofertas_lineas lin\r\nleft join productos p on lin.id_producto = p.id\r\nwhere lin.id_oferta={item}\r\ngroup by lin.impuesto\r\nhaving sum(lin.total_impuestos)<>0','C2DE3495A82595A48B2A0CACB8441857','multiple'),
('6559D21D8EF63C085F82D8F46208941F','impuestos','2025-04-23 10:29:40','2025-08-26 10:20:04','Select lin.impuesto, sum(lin.total_impuestos) as total_impuestos\r\nfrom ventas_pedidos_lineas lin\r\nleft join productos p on lin.id_producto = p.id\r\nwhere lin.id_pedido={item}\r\ngroup by lin.impuesto\r\nhaving sum(lin.total_impuestos)<>0','7F6ADFF3BC7F1488016767A96FD712DE','multiple'),
('707955DFF1D36196A63A905BA0AE21B3','empresa','2026-03-24 14:16:52','2026-04-25 19:16:25','select * from app_empresas where id = (select id_empresa from ventas_ofertas where id={item})','C2DE3495A82595A48B2A0CACB8441857','unique'),
('8A286E2917BE051EC8FD7C8FBA0D1397','cliente','2025-04-22 16:03:15','2025-04-23 19:14:45','select * from ventas_cuentas where id = (select id_cuenta from ventas_ofertas where id={item})','C2DE3495A82595A48B2A0CACB8441857','unique'),
('9DED48CC42CEFEAD16D936DB410356CF','lineas','2025-04-23 10:29:40','2025-08-26 10:19:54','Select lin.id, p.code as codigo, p.nombre as producto, lin.concepto, lin.cantidad, lin.precio, lin.descuento,lin.impuesto, lin.total_neto, lin.total_linea  \r\nfrom ventas_pedidos_lineas lin\r\nleft join productos p on lin.id_producto = p.id\r\nwhere lin.id_pedido={item}','7F6ADFF3BC7F1488016767A96FD712DE','multiple'),
('A4D16700816E0D5CB4B9796D8844932F','cabecera','2025-04-22 19:03:18','2025-08-26 10:17:22','select * from ventas_pedidos where id={item}','7F6ADFF3BC7F1488016767A96FD712DE','unique'),
('F1CF6B71C19329E3CABC3F64F987FA47','cliente','2025-04-22 16:03:15','2025-08-26 10:19:17','select * from ventas_cuentas where id = (select id_cuenta from ventas_pedidos where id={item})','7F6ADFF3BC7F1488016767A96FD712DE','unique');
/*!40000 ALTER TABLE `app_report_queries` ENABLE KEYS */;
UNLOCK TABLES;

--
-- Table structure for table `app_report_templates`
--

DROP TABLE IF EXISTS `app_report_templates`;
/*!40101 SET @saved_cs_client     = @@character_set_client */;
/*!40101 SET character_set_client = utf8mb4 */;
CREATE TABLE `app_report_templates` (
  `id` char(32) NOT NULL,
  `nombre` varchar(100) NOT NULL,
  `fecha_creacion` timestamp NULL DEFAULT current_timestamp(),
  `fecha_modificacion` timestamp NULL DEFAULT current_timestamp() ON UPDATE current_timestamp(),
  `template` mediumtext DEFAULT NULL,
  `id_entity` char(32) DEFAULT NULL,
  PRIMARY KEY (`id`),
  KEY `FK_app_report_templates_app_entities` (`id_entity`),
  CONSTRAINT `FK_app_report_templates_app_entities` FOREIGN KEY (`id_entity`) REFERENCES `app_entities` (`id`)
) ENGINE=InnoDB DEFAULT CHARSET=utf8mb3 COLLATE=utf8mb3_general_ci;
/*!40101 SET character_set_client = @saved_cs_client */;

--
-- Dumping data for table `app_report_templates`
--

LOCK TABLES `app_report_templates` WRITE;
/*!40000 ALTER TABLE `app_report_templates` DISABLE KEYS */;
INSERT INTO `app_report_templates` VALUES
('7F6ADFF3BC7F1488016767A96FD712DE','Impresión de Pedido','2025-04-22 15:42:31','2025-08-26 11:51:35','<table style=\"width: 100%; border-collapse: collapse; border-width: 1px; border-style: none;\" border=\"0\"><colgroup><col style=\"width: 45.0249%;\"><col style=\"width: 9.95025%;\"><col style=\"width: 45.0249%;\"></colgroup>\r\n<tbody>\r\n<tr style=\"height: 113.969px;\">\r\n<td style=\"border-width: 1px;\" colspan=\"3\">\r\n<table style=\"border-collapse: collapse; width: 100.176%;\" border=\"0\"><colgroup><col style=\"width: 14.0586%;\"><col style=\"width: 60.4792%;\"><col style=\"width: 25.4529%;\"></colgroup>\r\n<tbody>\r\n<tr>\r\n<td><img src=\"entity_files/imagenes/TguZ_logo.jpg\" alt=\"\" width=\"131\" height=\"76\"></td>\r\n<td>\r\n<p style=\"color: rgb(35, 111, 161); text-align: center;\"><span style=\"font-size: 24pt;\">Pedido de Venta</span></p>\r\n</td>\r\n<td>\r\n<table style=\"border-collapse: collapse; width: 100.201%;\" border=\"0\"><colgroup><col style=\"width: 36.6533%;\"><col style=\"width: 63.6205%;\"></colgroup>\r\n<tbody>\r\n<tr>\r\n<td style=\"border-width: 0px;\"><span style=\"font-size: 10pt;\"><strong>Codigo:</strong></span></td>\r\n<td style=\"border-width: 0px;\"><span style=\"font-size: 10pt;\">{cabecera.codigo}</span></td>\r\n</tr>\r\n<tr>\r\n<td style=\"border-width: 0px;\"><span style=\"font-size: 10pt;\"><strong>Fecha:</strong></span></td>\r\n<td style=\"border-width: 0px;\"><span style=\"font-size: 10pt;\">{cabecera.fecha_oferta}</span></td>\r\n</tr>\r\n<tr>\r\n<td style=\"border-width: 0px;\"><span style=\"font-size: 10pt;\"><strong>V&aacute;lido hasta:</strong></span></td>\r\n<td style=\"border-width: 0px;\"><span style=\"font-size: 10pt;\">{cabecera.valido_hasta}</span></td>\r\n</tr>\r\n</tbody>\r\n</table>\r\n</td>\r\n</tr>\r\n</tbody>\r\n</table>\r\n</td>\r\n</tr>\r\n<tr style=\"height: 218.031px;\">\r\n<td style=\"border-width: 1px;\">\r\n<table style=\"border-collapse: collapse; width: 100.071%; border-width: 0px; border-style: none; border-image: initial;\" border=\"1\"><colgroup><col style=\"width: 23.0929%;\"><col style=\"width: 76.9141%;\"></colgroup>\r\n<tbody>\r\n<tr>\r\n<td style=\"border: 1px solid rgb(206, 212, 217); background-color: rgb(236, 240, 241);\"><span style=\"font-size: 8pt;\"><strong>Emisor:</strong></span></td>\r\n<td style=\"border: 1px solid rgb(206, 212, 217);\"><span style=\"font-size: 8pt;\"><strong>EMPRESA</strong></span></td>\r\n</tr>\r\n<tr>\r\n<td style=\"border: 1px solid rgb(206, 212, 217); background-color: rgb(236, 240, 241);\"><span style=\"font-size: 8pt;\"><strong>CIF:</strong></span></td>\r\n<td style=\"border: 1px solid rgb(206, 212, 217);\"><span style=\"font-size: 8pt;\">99999999Z</span></td>\r\n</tr>\r\n<tr>\r\n<td style=\"border: 1px solid rgb(206, 212, 217); background-color: rgb(236, 240, 241);\"><span style=\"font-size: 8pt;\"><strong>Direcci&oacute;n:</strong></span></td>\r\n<td style=\"border: 1px solid rgb(206, 212, 217);\"><span style=\"font-size: 8pt;\">Direccion 123&nbsp;</span></td>\r\n</tr>\r\n<tr>\r\n<td style=\"border: 1px solid rgb(206, 212, 217); background-color: rgb(236, 240, 241);\"><span style=\"font-size: 8pt;\"><strong>Ciudad:</strong></span></td>\r\n<td style=\"border: 1px solid rgb(206, 212, 217);\"><span style=\"font-size: 8pt;\">Sevilla</span></td>\r\n</tr>\r\n<tr>\r\n<td style=\"border: 1px solid rgb(206, 212, 217); background-color: rgb(236, 240, 241);\"><span style=\"font-size: 8pt;\"><strong>CP:</strong></span></td>\r\n<td style=\"border: 1px solid rgb(206, 212, 217);\"><span style=\"font-size: 8pt;\">41000</span></td>\r\n</tr>\r\n<tr>\r\n<td style=\"border: 1px solid rgb(206, 212, 217); background-color: rgb(236, 240, 241);\"><span style=\"font-size: 8pt;\"><strong>Tel&eacute;fono:</strong></span></td>\r\n<td style=\"border: 1px solid rgb(206, 212, 217);\"><span style=\"font-size: 8pt;\">555-999-444</span></td>\r\n</tr>\r\n</tbody>\r\n</table>\r\n</td>\r\n<td style=\"border-width: 1px;\">&nbsp;</td>\r\n<td style=\"border-width: 1px;\">\r\n<table style=\"border-collapse: collapse; width: 100.138%; border-width: 0px; border-style: none; border-image: initial;\" border=\"1\"><colgroup><col style=\"width: 20.7317%;\"><col style=\"width: 79.1754%;\"></colgroup>\r\n<tbody>\r\n<tr>\r\n<td style=\"border: 1px solid rgb(206, 212, 217); background-color: rgb(236, 240, 241);\"><span style=\"font-size: 8pt;\"><strong>Cliente:</strong></span></td>\r\n<td style=\"border: 1px solid rgb(206, 212, 217);\"><span style=\"font-size: 8pt;\">{cliente.nombre}</span></td>\r\n</tr>\r\n<tr>\r\n<td style=\"border: 1px solid rgb(206, 212, 217); background-color: rgb(236, 240, 241);\"><span style=\"font-size: 8pt;\"><strong>NIF/CIF:</strong></span></td>\r\n<td style=\"border: 1px solid rgb(206, 212, 217);\"><span style=\"font-size: 8pt;\">{cliente.nif}</span></td>\r\n</tr>\r\n<tr>\r\n<td style=\"border: 1px solid rgb(206, 212, 217); background-color: rgb(236, 240, 241);\"><span style=\"font-size: 8pt;\"><strong>Direcci&oacute;n:</strong></span></td>\r\n<td style=\"border: 1px solid rgb(206, 212, 217);\"><span style=\"font-size: 8pt;\">{cliente.direccion1} {cliente.direccion2}</span></td>\r\n</tr>\r\n<tr>\r\n<td style=\"border: 1px solid rgb(206, 212, 217); background-color: rgb(236, 240, 241);\"><span style=\"font-size: 8pt;\"><strong>Ciudad:</strong></span></td>\r\n<td style=\"border: 1px solid rgb(206, 212, 217);\"><span style=\"font-size: 8pt;\">{cliente.ciudad} {cliente.region}</span></td>\r\n</tr>\r\n<tr>\r\n<td style=\"border: 1px solid rgb(206, 212, 217); background-color: rgb(236, 240, 241);\"><span style=\"font-size: 8pt;\"><strong>CP:</strong></span></td>\r\n<td style=\"border: 1px solid rgb(206, 212, 217);\"><span style=\"font-size: 8pt;\">{cliente.codpostal}</span></td>\r\n</tr>\r\n<tr>\r\n<td style=\"border: 1px solid rgb(206, 212, 217); background-color: rgb(236, 240, 241);\"><span style=\"font-size: 8pt;\"><strong>Tel&eacute;fono:</strong></span></td>\r\n<td style=\"border: 1px solid rgb(206, 212, 217);\"><span style=\"font-size: 8pt;\">{cliente.telefono}</span></td>\r\n</tr>\r\n</tbody>\r\n</table>\r\n</td>\r\n</tr>\r\n</tbody>\r\n</table>\r\n<p>&nbsp;</p>\r\n<table style=\"border-collapse: collapse; width: 100.016%;\" border=\"0\"><colgroup><col style=\"width: 11.055%;\"><col style=\"width: 40.3058%;\"><col style=\"width: 8.65631%;\"><col style=\"width: 7.8319%;\"><col style=\"width: 10.47%;\"><col style=\"width: 10.0578%;\"><col style=\"width: 11.6242%;\"></colgroup>\r\n<tbody>\r\n<tr>\r\n<td style=\"background-color: rgb(236, 240, 241); border: 1px solid rgb(206, 212, 217);\"><span style=\"font-size: 8pt;\"><strong>Producto</strong></span></td>\r\n<td style=\"background-color: rgb(236, 240, 241); border: 1px solid rgb(206, 212, 217);\"><span style=\"font-size: 8pt;\"><strong>Concepto</strong></span></td>\r\n<td style=\"background-color: rgb(236, 240, 241); border: 1px solid rgb(206, 212, 217); text-align: right;\"><span style=\"font-size: 8pt;\"><strong>Cant</strong></span></td>\r\n<td style=\"background-color: rgb(236, 240, 241); border: 1px solid rgb(206, 212, 217); text-align: right;\"><span style=\"font-size: 8pt;\"><strong>Precio</strong></span></td>\r\n<td style=\"background-color: rgb(236, 240, 241); border: 1px solid rgb(206, 212, 217); text-align: right;\"><span style=\"font-size: 8pt;\"><strong>%Desc</strong></span></td>\r\n<td style=\"background-color: rgb(236, 240, 241); border: 1px solid rgb(206, 212, 217); text-align: right;\"><span style=\"font-size: 8pt;\"><strong>%IVA</strong></span></td>\r\n<td style=\"background-color: rgb(236, 240, 241); border: 1px solid rgb(206, 212, 217); text-align: right;\"><span style=\"font-size: 8pt;\"><strong>Neto</strong></span></td>\r\n</tr>\r\n<tr data-repeat=\"lineas as linea\">\r\n<td style=\"border: 1px solid rgb(206, 212, 217);\">\r\n<pre><span style=\"font-size: 8pt;\"><strong>{linea.codigo}</strong></span></pre>\r\n</td>\r\n<td style=\"border: 1px solid rgb(206, 212, 217);\">\r\n<pre><span style=\"font-size: 8pt;\"><strong>{linea.producto}</strong><br>{linea.concepto}</span></pre>\r\n</td>\r\n<td style=\"border: 1px solid rgb(206, 212, 217); text-align: right;\"><span style=\"font-size: 8pt;\">{linea.cantidad}</span></td>\r\n<td style=\"border: 1px solid rgb(206, 212, 217); text-align: right;\"><span style=\"font-size: 8pt;\">{linea.precio}</span></td>\r\n<td style=\"border: 1px solid rgb(206, 212, 217); text-align: right;\"><span style=\"font-size: 8pt;\">{linea.descuento}%</span></td>\r\n<td style=\"border: 1px solid rgb(206, 212, 217); text-align: right;\"><span style=\"font-size: 8pt;\">{linea.impuesto}%</span></td>\r\n<td style=\"border: 1px solid rgb(206, 212, 217); text-align: right;\"><span style=\"font-size: 8pt;\">{linea.total_neto} &euro;</span></td>\r\n</tr>\r\n<tr>\r\n<td style=\"border: 1px none rgb(206, 212, 217);\"><span style=\"font-size: 8pt;\">&nbsp;</span></td>\r\n<td style=\"border: 1px none rgb(206, 212, 217);\"><span style=\"font-size: 8pt;\">&nbsp;</span></td>\r\n<td style=\"border: 1px none rgb(206, 212, 217); text-align: right;\"><span style=\"font-size: 8pt;\">&nbsp;</span></td>\r\n<td style=\"border: 1px none rgb(206, 212, 217); text-align: right;\"><span style=\"font-size: 8pt;\">&nbsp;</span></td>\r\n<td style=\"border: 1px solid rgb(206, 212, 217); text-align: right;\" colspan=\"2\"><span style=\"font-size: 8pt;\"><strong>Base Imponible</strong></span></td>\r\n<td style=\"border: 1px solid rgb(206, 212, 217); text-align: right;\"><span style=\"font-size: 8pt;\">{cabecera.total_neto} &euro;</span></td>\r\n</tr>\r\n<tr data-repeat=\"impuestos as impuesto\">\r\n<td style=\"border: 1px none rgb(206, 212, 217);\"><span style=\"font-size: 8pt;\">&nbsp;</span></td>\r\n<td style=\"border: 1px none rgb(206, 212, 217);\"><span style=\"font-size: 8pt;\">&nbsp;</span></td>\r\n<td style=\"border: 1px none rgb(206, 212, 217); text-align: right;\"><span style=\"font-size: 8pt;\">&nbsp;</span></td>\r\n<td style=\"border: 1px none rgb(206, 212, 217); text-align: right;\"><span style=\"font-size: 8pt;\">&nbsp;</span></td>\r\n<td style=\"border: 1px solid rgb(206, 212, 217); text-align: right;\" colspan=\"2\"><span style=\"font-size: 8pt;\"><strong>Total IVA al {impuesto.impuesto} %</strong></span></td>\r\n<td style=\"border: 1px solid rgb(206, 212, 217); text-align: right;\"><span style=\"font-size: 8pt;\">{impuesto.total_impuestos} &euro;</span></td>\r\n</tr>\r\n<tr>\r\n<td style=\"border: 1px none rgb(206, 212, 217);\"><span style=\"font-size: 8pt;\">&nbsp;</span></td>\r\n<td style=\"border: 1px none rgb(206, 212, 217);\"><span style=\"font-size: 8pt;\">&nbsp;</span></td>\r\n<td style=\"border: 1px none rgb(206, 212, 217); text-align: right;\"><span style=\"font-size: 8pt;\">&nbsp;</span></td>\r\n<td style=\"border: 1px none rgb(206, 212, 217); text-align: right;\"><span style=\"font-size: 8pt;\">&nbsp;</span></td>\r\n<td style=\"border: 1px solid rgb(206, 212, 217); text-align: right;\" colspan=\"2\"><span style=\"font-size: 8pt;\"><strong>&nbsp;Importe Total</strong></span></td>\r\n<td style=\"border: 1px solid rgb(206, 212, 217); text-align: right;\"><span style=\"font-size: 8pt;\"><strong>{cabecera.importe_total} &euro;</strong></span></td>\r\n</tr>\r\n</tbody>\r\n</table>\r\n<p>&nbsp;</p>\r\n<table style=\"border-collapse: collapse; width: 100%;\" border=\"0\"><colgroup><col style=\"width: 99.9377%;\"></colgroup>\r\n<tbody>\r\n<tr>\r\n<td style=\"border: 1px solid rgb(206, 212, 217); background-color: rgb(236, 240, 241);\"><span style=\"font-size: 10pt;\"><strong>Notas:</strong></span></td>\r\n</tr>\r\n<tr>\r\n<td style=\"border: 1px solid rgb(206, 212, 217);\">\r\n<p><span style=\"font-size: 10pt;\">{cabecera.notas}</span></p>\r\n<p>&nbsp;</p>\r\n</td>\r\n</tr>\r\n</tbody>\r\n</table>','C0F34C980D8AC44DAB5B7148A9669AD8'),
('C2DE3495A82595A48B2A0CACB8441857','Impresión de Oferta','2025-04-22 15:42:31','2026-06-16 10:19:33','<div style=\"display: flex; justify-content: center;\">\r\n<div style=\"width: 20cm;\">\r\n<table style=\"width: 100%; border-collapse: collapse; border-width: 1px; border-style: none;\" border=\"0\"><colgroup><col style=\"width: 45.0241%;\"><col style=\"width: 75px;\"><col style=\"width: 45.0286%;\"></colgroup>\r\n<tbody>\r\n<tr style=\"height: 113.969px;\">\r\n<td style=\"border-width: 1px;\" colspan=\"3\">\r\n<table style=\"border-collapse: collapse; width: 100.176%; color: white; background-color: #ecf0f1;\" border=\"0\"><colgroup><col style=\"width: 23.1633%;\"><col style=\"width: 40.1832%;\"><col style=\"width: 36.6535%;\"></colgroup>\r\n<tbody>\r\n<tr style=\"height: 121.297px;\">\r\n<td><img src=\".{empresa.logo}\" alt=\"\" width=\"131\" height=\"76\"></td>\r\n<td style=\"color: #236fa1; text-align: center;\">\r\n<p style=\"color: #236fa1; text-align: center;\"><span style=\"color: #000000;\"><strong><span style=\"font-size: 18pt;\">Oferta de Venta</span></strong></span></p>\r\n</td>\r\n<td>\r\n<table style=\"border-collapse: collapse; width: 100.201%;\" border=\"0\"><colgroup><col style=\"width: 3cm;\"><col></colgroup>\r\n<tbody>\r\n<tr>\r\n<td style=\"border-width: 0px;\"><span style=\"color: #000000;\"><strong><span style=\"font-size: 12pt;\">Codigo:</span></strong></span></td>\r\n<td style=\"border-width: 0px; text-align: right;\"><span style=\"color: #000000;\"><strong><span style=\"font-size: 12pt;\">{cabecera.codigo}</span></strong></span></td>\r\n</tr>\r\n<tr>\r\n<td style=\"border-width: 0px;\"><span style=\"font-size: 10pt; color: #000000;\"><strong>Fecha:</strong></span></td>\r\n<td style=\"border-width: 0px; text-align: right;\"><span style=\"font-size: 10pt; color: #000000;\">{cabecera.fecha_oferta}</span></td>\r\n</tr>\r\n<tr>\r\n<td style=\"border-width: 0px;\"><span style=\"font-size: 10pt; color: #000000;\"><strong>V&aacute;lido hasta:</strong></span></td>\r\n<td style=\"border-width: 0px; text-align: right;\"><span style=\"font-size: 10pt; color: #000000;\">{cabecera.valido_hasta}</span></td>\r\n</tr>\r\n</tbody>\r\n</table>\r\n</td>\r\n</tr>\r\n</tbody>\r\n</table>\r\n</td>\r\n</tr>\r\n<tr style=\"height: 218.031px;\">\r\n<td style=\"border-width: 1px;\">\r\n<table style=\"border-collapse: collapse; width: 100.071%; border-width: 0px; border-style: none; border-image: initial;\" border=\"1\"><colgroup><col style=\"width: 23.0884%;\"><col style=\"width: 76.9116%;\"></colgroup>\r\n<tbody>\r\n<tr>\r\n<td style=\"border: 1px solid rgb(206, 212, 217); background-color: #ecf0f1;\"><span style=\"font-size: 8pt;\"><strong>Emisor:</strong></span></td>\r\n<td style=\"border: 1px solid rgb(206, 212, 217);\"><span style=\"font-size: 8pt;\"><strong>{empresa.empresa}</strong></span></td>\r\n</tr>\r\n<tr>\r\n<td style=\"border: 1px solid rgb(206, 212, 217); background-color: #ecf0f1;\"><span style=\"font-size: 8pt;\"><strong>CIF:</strong></span></td>\r\n<td style=\"border: 1px solid rgb(206, 212, 217);\"><span style=\"font-size: 8pt;\">{empresa.nif}</span></td>\r\n</tr>\r\n<tr>\r\n<td style=\"border: 1px solid rgb(206, 212, 217); background-color: #ecf0f1;\"><span style=\"font-size: 8pt;\"><strong>Direcci&oacute;n:</strong></span></td>\r\n<td style=\"border: 1px solid rgb(206, 212, 217);\"><span style=\"font-size: 8pt;\">{empresa.direccion1} {empresa.direccion2}</span></td>\r\n</tr>\r\n<tr>\r\n<td style=\"border: 1px solid rgb(206, 212, 217); background-color: #ecf0f1;\"><span style=\"font-size: 8pt;\"><strong>Ciudad:</strong></span></td>\r\n<td style=\"border: 1px solid rgb(206, 212, 217);\"><span style=\"font-size: 8pt;\">{empresa.ciudad} {empresa.region}</span></td>\r\n</tr>\r\n<tr>\r\n<td style=\"border: 1px solid rgb(206, 212, 217); background-color: #ecf0f1;\"><span style=\"font-size: 8pt;\"><strong>CP:</strong></span></td>\r\n<td style=\"border: 1px solid rgb(206, 212, 217);\"><span style=\"font-size: 8pt;\">{empresa.codpostal}</span></td>\r\n</tr>\r\n<tr>\r\n<td style=\"border: 1px solid rgb(206, 212, 217); background-color: #ecf0f1;\"><span style=\"font-size: 8pt;\"><strong>Tel&eacute;fono:</strong></span></td>\r\n<td style=\"border: 1px solid rgb(206, 212, 217);\"><span style=\"font-size: 8pt;\">{empresa.telefono}</span></td>\r\n</tr>\r\n</tbody>\r\n</table>\r\n</td>\r\n<td style=\"border-width: 1px;\">&nbsp;</td>\r\n<td style=\"border-width: 1px;\">\r\n<table style=\"border-collapse: collapse; width: 100.138%; border-width: 0px; border-style: none; border-image: initial;\" border=\"1\"><colgroup><col style=\"width: 20.7317%;\"><col style=\"width: 79.1754%;\"></colgroup>\r\n<tbody>\r\n<tr>\r\n<td style=\"border: 1px solid rgb(206, 212, 217); background-color: #ecf0f1;\"><span style=\"font-size: 8pt;\"><strong>Cliente:</strong></span></td>\r\n<td style=\"border: 1px solid rgb(206, 212, 217);\"><span style=\"font-size: 8pt;\">{cliente.nombre}</span></td>\r\n</tr>\r\n<tr>\r\n<td style=\"border: 1px solid rgb(206, 212, 217); background-color: #ecf0f1;\"><span style=\"font-size: 8pt;\"><strong>NIF/CIF:</strong></span></td>\r\n<td style=\"border: 1px solid rgb(206, 212, 217);\"><span style=\"font-size: 8pt;\">{cliente.nif}</span></td>\r\n</tr>\r\n<tr>\r\n<td style=\"border: 1px solid rgb(206, 212, 217); background-color: #ecf0f1;\"><span style=\"font-size: 8pt;\"><strong>Direcci&oacute;n:</strong></span></td>\r\n<td style=\"border: 1px solid rgb(206, 212, 217);\"><span style=\"font-size: 8pt;\">{cliente.direccion1} {cliente.direccion2}</span></td>\r\n</tr>\r\n<tr>\r\n<td style=\"border: 1px solid rgb(206, 212, 217); background-color: #ecf0f1;\"><span style=\"font-size: 8pt;\"><strong>Ciudad:</strong></span></td>\r\n<td style=\"border: 1px solid rgb(206, 212, 217);\"><span style=\"font-size: 8pt;\">{cliente.ciudad} {cliente.region}</span></td>\r\n</tr>\r\n<tr>\r\n<td style=\"border: 1px solid rgb(206, 212, 217); background-color: #ecf0f1;\"><span style=\"font-size: 8pt;\"><strong>CP:</strong></span></td>\r\n<td style=\"border: 1px solid rgb(206, 212, 217);\"><span style=\"font-size: 8pt;\">{cliente.codpostal}</span></td>\r\n</tr>\r\n<tr>\r\n<td style=\"border: 1px solid rgb(206, 212, 217); background-color: #ecf0f1;\"><span style=\"font-size: 8pt;\"><strong>Tel&eacute;fono:</strong></span></td>\r\n<td style=\"border: 1px solid rgb(206, 212, 217);\"><span style=\"font-size: 8pt;\">{cliente.telefono}</span></td>\r\n</tr>\r\n</tbody>\r\n</table>\r\n</td>\r\n</tr>\r\n</tbody>\r\n</table>\r\n<p>&nbsp;</p>\r\n<table style=\"border-collapse: collapse; width: 100.016%;\" border=\"0\"><colgroup><col style=\"width: 11.0746%;\"><col style=\"width: 36.4774%;\"><col style=\"width: 8.44674%;\"><col style=\"width: 10.0727%;\"><col style=\"width: 7.509%;\"><col style=\"width: 11.2623%;\"><col style=\"width: 15.1416%;\"></colgroup>\r\n<tbody>\r\n<tr>\r\n<td style=\"background-color: #ecf0f1; border: 1px solid rgb(206, 212, 217);\"><span style=\"font-size: 8pt;\"><strong>Producto</strong></span></td>\r\n<td style=\"background-color: #ecf0f1; border: 1px solid rgb(206, 212, 217);\"><span style=\"font-size: 8pt;\"><strong>Concepto</strong></span></td>\r\n<td style=\"background-color: #ecf0f1; border: 1px solid rgb(206, 212, 217); text-align: right;\"><span style=\"font-size: 8pt;\"><strong>Cant</strong></span></td>\r\n<td style=\"background-color: #ecf0f1; border: 1px solid rgb(206, 212, 217); text-align: right;\"><span style=\"font-size: 8pt;\"><strong>Precio</strong></span></td>\r\n<td style=\"background-color: #ecf0f1; border: 1px solid rgb(206, 212, 217); text-align: right;\"><span style=\"font-size: 8pt;\"><strong>%Desc</strong></span></td>\r\n<td style=\"background-color: #ecf0f1; border: 1px solid rgb(206, 212, 217); text-align: right;\"><span style=\"font-size: 8pt;\"><strong>%IVA</strong></span></td>\r\n<td style=\"background-color: #ecf0f1; border: 1px solid rgb(206, 212, 217); text-align: right;\"><span style=\"font-size: 8pt;\"><strong>Neto</strong></span></td>\r\n</tr>\r\n<tr data-repeat=\"lineas as linea\">\r\n<td style=\"border: 1px solid rgb(206, 212, 217);\"><span style=\"font-size: 8pt;\"><strong>{linea.codigo}</strong></span></td>\r\n<td style=\"border: 1px solid rgb(206, 212, 217);\"><span style=\"font-size: 8pt;\"><strong>{linea.producto}</strong><br>{linea.concepto}</span></td>\r\n<td style=\"border: 1px solid rgb(206, 212, 217); text-align: right;\"><span style=\"font-size: 8pt;\">{linea.cantidad}</span></td>\r\n<td style=\"border: 1px solid rgb(206, 212, 217); text-align: right;\"><span style=\"font-size: 8pt;\">{linea.precio}</span></td>\r\n<td style=\"border: 1px solid rgb(206, 212, 217); text-align: right;\"><span style=\"font-size: 8pt;\">{linea.descuento}%</span></td>\r\n<td style=\"border: 1px solid rgb(206, 212, 217); text-align: right;\"><span style=\"font-size: 8pt;\">{linea.impuesto}%</span></td>\r\n<td style=\"border: 1px solid rgb(206, 212, 217); text-align: right;\"><span style=\"font-size: 8pt;\">{linea.total_neto} &euro;</span></td>\r\n</tr>\r\n<tr>\r\n<td style=\"border: 1px none rgb(206, 212, 217);\"><span style=\"font-size: 8pt;\">&nbsp;</span></td>\r\n<td style=\"border: 1px none rgb(206, 212, 217);\"><span style=\"font-size: 8pt;\">&nbsp;</span></td>\r\n<td style=\"border: 1px none rgb(206, 212, 217); text-align: right;\"><span style=\"font-size: 8pt;\">&nbsp;</span></td>\r\n<td style=\"border: 1px none rgb(206, 212, 217); text-align: right;\"><span style=\"font-size: 8pt;\">&nbsp;</span></td>\r\n<td style=\"border: 1px solid rgb(206, 212, 217); text-align: right;\" colspan=\"2\"><span style=\"font-size: 8pt;\"><strong>Base Imponible</strong></span></td>\r\n<td style=\"border: 1px solid rgb(206, 212, 217); text-align: right;\"><span style=\"font-size: 8pt;\">{cabecera.total_neto} &euro;</span></td>\r\n</tr>\r\n<tr data-repeat=\"impuestos as impuesto\">\r\n<td style=\"border: 1px none rgb(206, 212, 217);\"><span style=\"font-size: 8pt;\">&nbsp;</span></td>\r\n<td style=\"border: 1px none rgb(206, 212, 217);\"><span style=\"font-size: 8pt;\">&nbsp;</span></td>\r\n<td style=\"border: 1px none rgb(206, 212, 217); text-align: right;\"><span style=\"font-size: 8pt;\">&nbsp;</span></td>\r\n<td style=\"border: 1px none rgb(206, 212, 217); text-align: right;\"><span style=\"font-size: 8pt;\">&nbsp;</span></td>\r\n<td style=\"border: 1px solid rgb(206, 212, 217); text-align: right;\" colspan=\"2\"><span style=\"font-size: 8pt;\"><strong>Total IVA al {impuesto.impuesto} %</strong></span></td>\r\n<td style=\"border: 1px solid rgb(206, 212, 217); text-align: right;\"><span style=\"font-size: 8pt;\">{impuesto.total_impuestos} &euro;</span></td>\r\n</tr>\r\n<tr>\r\n<td style=\"border: 1px none rgb(206, 212, 217);\"><span style=\"font-size: 8pt;\">&nbsp;</span></td>\r\n<td style=\"border: 1px none rgb(206, 212, 217);\"><span style=\"font-size: 8pt;\">&nbsp;</span></td>\r\n<td style=\"border: 1px none rgb(206, 212, 217); text-align: right;\"><span style=\"font-size: 8pt;\">&nbsp;</span></td>\r\n<td style=\"border: 1px none rgb(206, 212, 217); text-align: right;\"><span style=\"font-size: 8pt;\">&nbsp;</span></td>\r\n<td style=\"border: 1px solid rgb(206, 212, 217); text-align: right;\" colspan=\"2\"><span style=\"font-size: 8pt;\"><strong>&nbsp;Importe Total</strong></span></td>\r\n<td style=\"border: 1px solid rgb(206, 212, 217); text-align: right;\"><span style=\"font-size: 8pt;\"><strong>{cabecera.importe_total} &euro;</strong></span></td>\r\n</tr>\r\n</tbody>\r\n</table>\r\n<p>&nbsp;</p>\r\n<table style=\"border-collapse: collapse; width: 100%;\" border=\"0\"><colgroup><col style=\"width: 99.9377%;\"></colgroup>\r\n<tbody>\r\n<tr>\r\n<td style=\"border: 1px solid rgb(206, 212, 217); background-color: #ecf0f1;\"><span style=\"font-size: 10pt;\"><strong>Notas:</strong></span></td>\r\n</tr>\r\n<tr>\r\n<td style=\"border: 1px solid rgb(206, 212, 217); font-size: 8pt;\">\r\n<p>{cabecera.notas}</p>\r\n<p>&nbsp;</p>\r\n</td>\r\n</tr>\r\n</tbody>\r\n</table>\r\n</div>\r\n</div>','490484A9474D03AB69738B7FC05D057C');
/*!40000 ALTER TABLE `app_report_templates` ENABLE KEYS */;
UNLOCK TABLES;

--
-- Table structure for table `app_roles`
--

DROP TABLE IF EXISTS `app_roles`;
/*!40101 SET @saved_cs_client     = @@character_set_client */;
/*!40101 SET character_set_client = utf8mb4 */;
CREATE TABLE `app_roles` (
  `id` char(32) NOT NULL,
  `nombre` varchar(100) NOT NULL,
  `fecha_creacion` timestamp NULL DEFAULT current_timestamp(),
  `fecha_modificacion` timestamp NULL DEFAULT current_timestamp() ON UPDATE current_timestamp(),
  `is_admin` int(11) DEFAULT NULL,
  `description` varchar(255) DEFAULT NULL,
  PRIMARY KEY (`id`)
) ENGINE=InnoDB DEFAULT CHARSET=utf8mb3 COLLATE=utf8mb3_general_ci;
/*!40101 SET character_set_client = @saved_cs_client */;

--
-- Dumping data for table `app_roles`
--

LOCK TABLES `app_roles` WRITE;
/*!40000 ALTER TABLE `app_roles` DISABLE KEYS */;
INSERT INTO `app_roles` VALUES
('1274DDFA7F6109B4FB51287900D64149','segundo ejemplo','2025-03-10 20:55:31','2025-03-10 20:55:31',0,'acumula permisos'),
('4C84E85CC544B6789633DA6D5D379BB2','Ventas ejemplo','2025-03-10 18:33:55','2025-03-10 18:35:27',0,'Ejemplo de test'),
('A53011E6C0391E783222B1E312EBCB67','Administrador','2025-03-04 19:12:39','2025-03-06 17:39:41',1,'Super administrador del sistema');
/*!40000 ALTER TABLE `app_roles` ENABLE KEYS */;
UNLOCK TABLES;

--
-- Table structure for table `app_roles_usuarios`
--

DROP TABLE IF EXISTS `app_roles_usuarios`;
/*!40101 SET @saved_cs_client     = @@character_set_client */;
/*!40101 SET character_set_client = utf8mb4 */;
CREATE TABLE `app_roles_usuarios` (
  `id` char(32) NOT NULL,
  `fecha_creacion` timestamp NULL DEFAULT current_timestamp(),
  `fecha_modificacion` timestamp NULL DEFAULT current_timestamp() ON UPDATE current_timestamp(),
  `id_usuario` char(32) DEFAULT NULL,
  `id_rol` char(32) DEFAULT NULL,
  PRIMARY KEY (`id`),
  KEY `FK_app_roles_usuarios_app_roles` (`id_rol`),
  KEY `FK_app_roles_usuarios_usuarios` (`id_usuario`),
  CONSTRAINT `FK_app_roles_usuarios_app_roles` FOREIGN KEY (`id_rol`) REFERENCES `app_roles` (`id`),
  CONSTRAINT `FK_app_roles_usuarios_usuarios` FOREIGN KEY (`id_usuario`) REFERENCES `usuarios` (`id`)
) ENGINE=InnoDB DEFAULT CHARSET=utf8mb3 COLLATE=utf8mb3_general_ci;
/*!40101 SET character_set_client = @saved_cs_client */;

--
-- Dumping data for table `app_roles_usuarios`
--

LOCK TABLES `app_roles_usuarios` WRITE;
/*!40000 ALTER TABLE `app_roles_usuarios` DISABLE KEYS */;
INSERT INTO `app_roles_usuarios` VALUES
('2E70F9C080AD93C612CD40CBE561F02E','2025-03-04 19:26:27','2025-03-04 19:26:27','ED4B7E942E8CAA1836F247F2E4F73EBA','A53011E6C0391E783222B1E312EBCB67'),
('BCAE71DDE2A4EC90974CA1D1B4EA0866','2025-03-10 18:37:15','2025-03-10 18:37:15','590A4A27433A5C3A85D4939810302137','4C84E85CC544B6789633DA6D5D379BB2');
/*!40000 ALTER TABLE `app_roles_usuarios` ENABLE KEYS */;
UNLOCK TABLES;

--
-- Table structure for table `app_scripts`
--

DROP TABLE IF EXISTS `app_scripts`;
/*!40101 SET @saved_cs_client     = @@character_set_client */;
/*!40101 SET character_set_client = utf8mb4 */;
CREATE TABLE `app_scripts` (
  `id` char(32) NOT NULL,
  `fecha_creacion` timestamp NULL DEFAULT current_timestamp(),
  `fecha_modificacion` timestamp NULL DEFAULT current_timestamp() ON UPDATE current_timestamp(),
  `estado` int(11) DEFAULT NULL,
  `id_entity` char(32) DEFAULT NULL,
  `filename` varchar(60) DEFAULT NULL,
  `code` text DEFAULT NULL,
  `type` varchar(20) DEFAULT NULL,
  PRIMARY KEY (`id`),
  UNIQUE KEY `ix_script_filename` (`filename`),
  KEY `FK_app_scripts_app_entities` (`id_entity`),
  CONSTRAINT `FK_app_scripts_app_entities` FOREIGN KEY (`id_entity`) REFERENCES `app_entities` (`id`)
) ENGINE=InnoDB DEFAULT CHARSET=utf8mb3 COLLATE=utf8mb3_general_ci;
/*!40101 SET character_set_client = @saved_cs_client */;

--
-- Dumping data for table `app_scripts`
--

LOCK TABLES `app_scripts` WRITE;
/*!40000 ALTER TABLE `app_scripts` DISABLE KEYS */;
INSERT INTO `app_scripts` VALUES
('124C541483557EA60DE0CE15B26F5073','2025-04-21 17:23:32','2025-05-05 12:05:20',1,'490484A9474D03AB69738B7FC05D057C','ventas_ofertas.js','document.addEventListener(\"DOMContentLoaded\", onload);\r\n\r\n\r\nfunction onload(){\r\n    \r\n    //suscribimos eventos\r\n    var grid = document.getElementById(\'grid_lineas\');\r\n    grid.addEventListener(\'AfterInsert\',refrescarTotales);\r\n    grid.addEventListener(\'OnDelete\',refrescarTotales);\r\n    \r\n}\r\n\r\nfunction refrescarTotales(e){\r\n    \r\n    let id = MyApp.form.getFieldValue(\"id\");\r\n    \r\n    MyApp.api.retrieve(\"ventas_ofertas\",id).then(array => {\r\n        let r = array[0]; \r\n        \r\n        MyApp.form.setFieldValue(\"importe_total\", parseFloat(r.importe_total).toFixed(2) );\r\n        MyApp.form.setFieldValue(\"total_neto\", parseFloat(r.total_neto).toFixed(2) );\r\n        MyApp.form.setFieldValue(\"total_impuestos\", parseFloat(r.total_impuestos).toFixed(2) );\r\n\r\n    });\r\n    \r\n}','form'),
('70295DF2E962E20B5093655D0BF9CAAC','2025-09-23 06:55:26','2025-09-23 11:24:24',1,'20AB28F839675213390C76A55A267945','app_transiciones_proceso.js','document.addEventListener(\"DOMContentLoaded\", onload);\r\n\r\n\r\nfunction onload(){\r\n    //establecemos el prefiltro de los lookup\r\n    let id_proceso = MyApp.form.getFieldValue(\"id_proceso\" );\r\n    console.log(id_proceso);\r\n    \r\n    let obj = document.getElementById(\"id_fase_inicio\");\r\n    obj.setAttribute(\"data-field\",\"id_proceso\");\r\n    obj.setAttribute(\"data-value\",id_proceso);\r\n    \r\n    obj = document.getElementById(\"id_fase_fin\");\r\n    obj.setAttribute(\"data-field\",\"id_proceso\");\r\n    obj.setAttribute(\"data-value\",id_proceso);\r\n}\r\n\r\n','form'),
('8A5500AFBBED13AD3EC3847E2DF0FD9C','2026-03-12 18:00:59','2026-06-12 13:22:10',1,'3D87D8B6639DF0D570E9AB08F03853FD','app_proyectos_test.js','document.addEventListener(\"DOMContentLoaded\", onload);\r\n\r\n\r\nfunction onload(){\r\n    \r\n    const boton = document.querySelector(\'button[name=\"btn_modal\"]\');\r\n\r\n    // Ejemplo de uso: añadir un evento\r\n    boton.addEventListener(\'click\', on_btnclick );\r\n}\r\n\r\nfunction on_btnclick(){\r\n    abrirModal(\'./modules/ventas/code/codigo_barras.html\',\'Lector de QR\');\r\n}','form'),
('9881DF1C1029B40884A773C88966E307','2026-03-10 18:54:23','2026-03-10 18:55:24',1,'383D9E6BA1659044E079B71BCE51FE19','app_form_areas.js','document.addEventListener(\"DOMContentLoaded\", onload);\r\n\r\n\r\nfunction onload(){\r\n    //establecemos el prefiltro de los lookup\r\n    let id_form = MyApp.form.getFieldValue(\"id_form\" );\r\n    \r\n    let obj = document.getElementById(\"id_tab\");\r\n    obj.setAttribute(\"data-field\",\"id_form\");\r\n    obj.setAttribute(\"data-value\",id_form);\r\n}\r\n','form'),
('AD4C7A565384DA5DC295A6BFB2B7CAC3','2026-03-23 16:06:45','2026-03-23 21:17:49',1,'68BE6D4857B45CC219DBA380485C0FBF','keypass_clipboard.js','document.addEventListener(\"DOMContentLoaded\", onload);\r\n\r\n\r\nfunction onload(){\r\n    \r\n    const boton = document.querySelector(\'button[name=\"copiar\"]\');\r\n\r\n    // Ejemplo de uso: añadir un evento\r\n    boton.addEventListener(\'click\', on_btnclick );\r\n}\r\n\r\nfunction on_btnclick(){\r\n    \r\n    let id = MyApp.form.getFieldValue(\"id\");\r\n    \r\n    MyApp.api.retrieve(\"keypass\",id).then(array => {\r\n        let r = array[0]; \r\n        \r\n        MyApp.api.decypher(r[\'pwd\']).then(response => {\r\n            if (navigator.clipboard){\r\n                navigator.clipboard.writeText(response[\'message\']);\r\n            }else{\r\n                old_copy(response[\'message\']);\r\n            }\r\n            MyApp.ui.alert(\'Texto copiado\',\'Simple App\');\r\n        })\r\n\r\n    });\r\n    \r\n}\r\n\r\nfunction old_copy(msg){\r\n    const textArea = document.createElement(\'textarea\');\r\n    textArea.value = msg;\r\n    textArea.style.opacity = 0;\r\n    document.body.appendChild(textArea);\r\n    textArea.focus();\r\n    textArea.select();\r\n    try {\r\n      const success = document.execCommand(\'copy\');\r\n      console.log(`Text copy was ${success ? \'successful\' : \'unsuccessful\'}.`);\r\n    } catch (err) {\r\n      console.error(err.name, err.message);\r\n    }\r\n    document.body.removeChild(textArea);\r\n  }','form'),
('B20DAED33993B1517806BD3564ACF49E','2025-04-21 17:23:32','2025-08-28 11:02:03',1,'C0F34C980D8AC44DAB5B7148A9669AD8','ventas_pedido.js','document.addEventListener(\"DOMContentLoaded\", onload);\r\n\r\n\r\nfunction onload(){\r\n    \r\n    //suscribimos eventos\r\n    var grid = document.getElementById(\'grid_lineas\');\r\n    grid.addEventListener(\'AfterInsert\',refrescarTotales);\r\n    grid.addEventListener(\'OnDelete\',refrescarTotales);\r\n    \r\n}\r\n\r\nfunction refrescarTotales(e){\r\n    \r\n    let id = MyApp.form.getFieldValue(\"id\");\r\n    \r\n    MyApp.api.retrieve(\"ventas_pedidos\",id).then(array => {\r\n        let r = array[0]; \r\n        \r\n        MyApp.form.setFieldValue(\"importe_total\", parseFloat(r.importe_total).toFixed(2) );\r\n        MyApp.form.setFieldValue(\"total_neto\", parseFloat(r.total_neto).toFixed(2) );\r\n        MyApp.form.setFieldValue(\"total_impuestos\", parseFloat(r.total_impuestos).toFixed(2) );\r\n\r\n    });\r\n    \r\n}','form');
/*!40000 ALTER TABLE `app_scripts` ENABLE KEYS */;
UNLOCK TABLES;

--
-- Table structure for table `app_secuencias_numeraciones`
--

DROP TABLE IF EXISTS `app_secuencias_numeraciones`;
/*!40101 SET @saved_cs_client     = @@character_set_client */;
/*!40101 SET character_set_client = utf8mb4 */;
CREATE TABLE `app_secuencias_numeraciones` (
  `id` char(32) NOT NULL,
  `fecha_creacion` timestamp NULL DEFAULT current_timestamp(),
  `fecha_modificacion` timestamp NULL DEFAULT current_timestamp() ON UPDATE current_timestamp(),
  `anio` int(11) DEFAULT NULL,
  `siguiente` int(11) DEFAULT NULL,
  `id_numeracion` char(32) DEFAULT NULL,
  PRIMARY KEY (`id`),
  KEY `FK_numeracion_secencias` (`id_numeracion`),
  CONSTRAINT `FK_numeracion_secencias` FOREIGN KEY (`id_numeracion`) REFERENCES `app_numeraciones` (`id`) ON DELETE CASCADE
) ENGINE=InnoDB DEFAULT CHARSET=utf8mb3 COLLATE=utf8mb3_general_ci;
/*!40101 SET character_set_client = @saved_cs_client */;

--
-- Dumping data for table `app_secuencias_numeraciones`
--

LOCK TABLES `app_secuencias_numeraciones` WRITE;
/*!40000 ALTER TABLE `app_secuencias_numeraciones` DISABLE KEYS */;
INSERT INTO `app_secuencias_numeraciones` VALUES
('517CD82D88AE93E9A83373D4F84FA686','2026-06-13 17:40:20','2026-06-13 17:40:20',2026,17,'9030102AFFB07384C5E1DC40E2A4ECB1'),
('FDDDD118B1ABFF1075F3B55E9F934E44','2026-06-15 15:35:27','2026-06-15 15:35:27',2026,20,'BED79F9724E2291B624D18862B714864');
/*!40000 ALTER TABLE `app_secuencias_numeraciones` ENABLE KEYS */;
UNLOCK TABLES;

--
-- Table structure for table `app_tareas_proyectos`
--

DROP TABLE IF EXISTS `app_tareas_proyectos`;
/*!40101 SET @saved_cs_client     = @@character_set_client */;
/*!40101 SET character_set_client = utf8mb4 */;
CREATE TABLE `app_tareas_proyectos` (
  `id` char(32) NOT NULL,
  `nombre` varchar(100) NOT NULL,
  `fecha_creacion` timestamp NULL DEFAULT current_timestamp(),
  `fecha_modificacion` timestamp NULL DEFAULT current_timestamp() ON UPDATE current_timestamp(),
  `descripcion` text DEFAULT NULL,
  `estado_tarea` int(11) DEFAULT NULL,
  `id_proyecto` char(32) DEFAULT NULL,
  `orden` int(11) DEFAULT NULL,
  PRIMARY KEY (`id`),
  KEY `FK_app_tareas_proyectos_app_proyectos` (`id_proyecto`),
  CONSTRAINT `FK_app_tareas_proyectos_app_proyectos` FOREIGN KEY (`id_proyecto`) REFERENCES `app_proyectos` (`id`)
) ENGINE=InnoDB DEFAULT CHARSET=utf8mb3 COLLATE=utf8mb3_general_ci;
/*!40101 SET character_set_client = @saved_cs_client */;

--
-- Dumping data for table `app_tareas_proyectos`
--

LOCK TABLES `app_tareas_proyectos` WRITE;
/*!40000 ALTER TABLE `app_tareas_proyectos` DISABLE KEYS */;
INSERT INTO `app_tareas_proyectos` VALUES
('01A2A0509A5DF01FCDEBCE927ABCEAF8','Formularios de ACCION','2025-03-11 19:05:20','2025-03-11 23:21:20','<ul>\r\n<li>Formulario que acciona algo... subir un fichero, cambiar un password... etc. Que sea un formulario modal</li>\r\n<li>Definido como una lista de campos (como en entity) y c&oacute;digo de servidor. Duda:</li>\r\n<li>&iquest;se puede usar la entity, pero como un tipo de entidad?</li>\r\n<li>Ver notas de paneles</li>\r\n</ul>',2,'BDBAD4E456A7D9DF3BDD1E6D707371BA',0),
('085F92EF006DEF0ABE9D9DB933F8FFCE','Guardar registro desde teclado','2026-03-20 16:05:26','2026-03-20 16:05:26','<p>Usar la combinaci&oacute;n de teclas Ctrl+S para guardar el formulario</p>',2,'BDBAD4E456A7D9DF3BDD1E6D707371BA',0),
('0D87BE851DB89EE844A7DDDBC9DCBB76','LOGIN TEST EN SUBGRID','2025-02-25 10:41:54','2025-03-06 18:46:40',NULL,2,'BDBAD4E456A7D9DF3BDD1E6D707371BA',0),
('0DB3C6AC4210DDF502EE38A7555722A0','Bloqueo de registros (hacerlos no editables)','2025-04-10 14:33:41','2025-08-29 18:49:30','<p>Se podr&iacute;a crear un campo de estado para bloqueo llamado \"Estado del registro\" o \"status\" con valor true/false. A&ntilde;adirlo a todas las entidades. En el controller, tratar el editable para poner como bloqueados todos los controles.</p>\r\n<p>se ha creado un tipo de dato nuevo llamado \"status\" o \"estado del registro\" para que al a&ntilde;adir la columna a la tabla ya tenga esta gesti&oacute;n nativa.</p>\r\n<p>no s&eacute; si en el controller o en la generaci&oacute;n del formulario.</p>\r\n<p>Analizarlo.</p>\r\n<ul>\r\n<li>FormManager::Run debe recibir el modo del formulario para que en el generate_field reciba el modo del control. <span style=\"color: rgb(45, 194, 107);\">(ok)</span></li>\r\n<li>En generate_field los controles avanzados no tienen tratamiento de disabled. Ejemplo: lookup.<span style=\"color: rgb(45, 194, 107);\"> (ok)</span></li>\r\n<li>Los <strong>subgrid </strong>deben ser tambi&eacute;n bloqueables en el formulario. Tiene que haber una propiedad y pasarla al webservice para que no genere los botones de \"nuevo\", borrar y duplicar<span style=\"color: rgb(45, 194, 107);\">. (ok)</span></li>\r\n<li><span style=\"color: rgb(0, 0, 0);\">Pendiente botones del formulario para desactivar el \"guardar\" y habilitar unos botones de activaci&oacute;n/desactivaci&oacute;n Ok.</span></li>\r\n</ul>\r\n<p>&nbsp;</p>\r\n<p>&nbsp;</p>',2,'BDBAD4E456A7D9DF3BDD1E6D707371BA',0),
('1513E313514775185689C13E3796347B','BPF','2025-09-17 16:27:26','2025-10-20 17:21:35',NULL,2,'BDBAD4E456A7D9DF3BDD1E6D707371BA',0),
('2290746AE6DA5A9B34D67A2CC9D261C0','Control Lookup debe usar vista de tipo lookup. ','2025-02-12 18:29:33','2025-04-07 20:03:45','<p>En edici&oacute;n de la columna tipo lookup s&oacute;lo ser&iacute;a necesario informar la tabla, la vista har&iacute;a el resto.</p>',2,'BDBAD4E456A7D9DF3BDD1E6D707371BA',3),
('2686FC95DE4FD2DD00BD29172E9DAF63','Visor de informes PDF','2025-03-19 20:07:45','2025-03-28 17:24:21','<ul>\r\n<li>crear plantillas de informes con consultas relacionadas.<span style=\"color: rgb(22, 145, 121);\"> OK</span></li>\r\n<li>montar una p&aacute;gina espec&iacute;fica para visualizar el informe en html y bot&oacute;n con exportaci&oacute;n a pdf. <span style=\"color: rgb(22, 145, 121);\">OK</span></li>\r\n<li>asociar la plantilla a la entidad. <span style=\"color: rgb(22, 145, 121);\">OK</span></li>\r\n<li>par&aacute;metros <span style=\"color: rgb(22, 145, 121);\">OK</span>\r\n<ul>\r\n<li>plantilla (id_template)</li>\r\n<li>item (elemento a imprimir) el id del objeto que pretendemos imprimir.</li>\r\n</ul>\r\n</li>\r\n<li>montar un mecanismo para imprimir desde un formulario o desde listado. Selecci&oacute;n del informe, o bien bot&oacute;n. <span style=\"color: rgb(224, 62, 45);\">OK.</span></li>\r\n</ul>',2,'BDBAD4E456A7D9DF3BDD1E6D707371BA',3),
('29E21E49F5BF5427522C0CE16E5F348E','Definir roles y permisos','2025-03-04 19:34:22','2025-03-11 18:55:05','<ul>\r\n<li style=\"color: rgb(22, 145, 121);\"><span style=\"color: rgb(22, 145, 121);\">roles ok&nbsp;</span></li>\r\n<li style=\"color: rgb(22, 145, 121);\"><span style=\"color: rgb(22, 145, 121);\">asignaci&oacute;n roles a usuarios - ok&nbsp;</span></li>\r\n<li style=\"color: rgb(22, 145, 121);\"><span style=\"color: rgb(22, 145, 121);\">permisos por entidad asociado al rol - OK</span></li>\r\n<li style=\"color: rgb(22, 145, 121);\"><span style=\"color: rgb(22, 145, 121);\">usar permisos en grid - OK</span></li>\r\n<li style=\"color: rgb(22, 145, 121);\"><span style=\"color: rgb(22, 145, 121);\">usar permisos para men&uacute; principal ok</span></li>\r\n</ul>',2,'BDBAD4E456A7D9DF3BDD1E6D707371BA',0),
('396D872E6944FC68AFF01AD5624288C7','formularios con pestañas','2025-10-20 17:23:47','2026-03-11 11:33:12','<p>El area se asocia a un tab. Se configuran en paralelo.&nbsp;</p>\r\n<p>Pendiente filtrar por los tabs del formulario en el lookup del tab. JS en el formulario. <strong>OK</strong></p>\r\n<p></p>\r\n<p></p>',2,'BDBAD4E456A7D9DF3BDD1E6D707371BA',1),
('3C0DF5B9994D85C5BD4724589C196854','Afinar visualización de menu ','2025-04-14 22:22:24','2025-04-15 18:03:12','<p>En mobiles. En escritorio parece que va bien.</p>',2,'BDBAD4E456A7D9DF3BDD1E6D707371BA',0),
('3DBADC98E5266350F57696E9DFD3F07D','Alojar contenido CUSTOM en secciones','2025-04-15 18:04:00','2026-03-10 21:36:52','<table style=\"border-collapse: collapse; width: 100%;\" border=\"1\"><colgroup><col style=\"width: 74.7563%;\"><col style=\"width: 25.2437%;\"></colgroup>\r\n<tbody>\r\n<tr>\r\n<td>insertar contenido custom como control</td>\r\n<td><span style=\"color: #169179;\"><strong>OK</strong></span></td>\r\n</tr>\r\n<tr>\r\n<td>Al mostrar formulario, lanzar los plugin oportunos</td>\r\n<td><span style=\"color: #e03e2d;\">pdte</span></td>\r\n</tr>\r\n<tr>\r\n<td>EJEMPLO: entidad proyecto</td>\r\n<td>&nbsp;</td>\r\n</tr>\r\n</tbody>\r\n</table>',3,'BDBAD4E456A7D9DF3BDD1E6D707371BA',2),
('4154366626F465E1DDA775C7DF28EF27','Nuevo editor de consultas visual','2026-03-26 11:45:49','2026-03-26 11:46:15','<p>Definir un editor visual que permita generar SQL con todos los tipos de joins y agregados.</p>\r\n<p>Chatgpt parece que lo monta bien.</p>\r\n<p></p>',0,'BDBAD4E456A7D9DF3BDD1E6D707371BA',1),
('42AE896FD096A7DB12A56C2AF8204185','finalizar crm de ventas','2026-01-01 23:25:27','2026-06-19 16:43:00','<ul>\r\n<li>Oferta: ok</li>\r\n<li>Pedido: pdte copiar lineas desde oferta.</li>\r\n<li>Replicar calculos de lineas. Ok.</li>\r\n</ul>\r\n<p></p>',1,'BDBAD4E456A7D9DF3BDD1E6D707371BA',0),
('44BC6282312FE5D107706F9D7B6EC1A0','Picking??','2025-02-26 18:05:06','2025-02-26 18:05:06','\r\nApp de picking con pistola para enytada/salida de almacen\r\n',0,'2B5297FBE05CFA798C2D107CA982AB8D',0),
('45DB677BF300E0FF6FA4318955A3E4EE','Visualización de gráfico en formulario','2025-03-23 12:33:39','2025-04-12 18:03:14','<ul>\r\n<li>definir la consulta -tipo de gr&aacute;fico - campo etiquetas y campo valores <span style=\"color: rgb(22, 145, 121);\"><strong>OK</strong></span>\r\n<ul>\r\n<li>Ahora admite varios campos para las series de datos.</li>\r\n<li>1 solo campo para el eje x&nbsp;</li>\r\n</ul>\r\n</li>\r\n<li>Tipos de gr&aacute;fico:&nbsp;\r\n<ul>\r\n<li>barras</li>\r\n<li>l&iacute;neas</li>\r\n<li>donut</li>\r\n<li>tarta</li>\r\n</ul>\r\n</li>\r\n<li>integrar filtro desde formulario<span style=\"color: rgb(22, 145, 121);\"> <strong>OK</strong>. Solo hay que tener cuidado de meter el campo de filtrado dentro del group by.</span></li>\r\n</ul>',2,'BDBAD4E456A7D9DF3BDD1E6D707371BA',1),
('4A8A738C83150128962F7B05F3DFA165','Permisos en contenedor de la Rpi','2025-02-12 19:32:36','2025-02-25 10:46:12','para poder copiar y mover ficheros desde código. Asi podremos registrar librerías mediante el mantenimiento.\r\n',2,'BDBAD4E456A7D9DF3BDD1E6D707371BA',5),
('4EF1F53741506C78493EE8CA9F0E393B','guardar última búsqueda en grid asociado a entidad','2025-03-26 09:41:23','2025-03-27 16:11:20',NULL,2,'BDBAD4E456A7D9DF3BDD1E6D707371BA',0),
('4F5FF32B802D158D4413E9A2AEE41741','Nif en factura de venta tienda','2025-02-26 18:05:38','2025-02-26 18:05:38','No sale',0,'2B5297FBE05CFA798C2D107CA982AB8D',0),
('530F7A81E908EB7952B998C0E1B4C95E','Librerías de javascript','2025-02-12 19:25:01','2025-03-19 20:04:16','<p>crear recursos javascript para poder desarrollar eventos de interfaz de usuario o colorines o lo que sea.</p>\r\n<ul>\r\n<li>Creamos una entidad sin BBDD con plugins y scripts.&nbsp;</li>\r\n<li>Los requerimos mediante javascript mediante la librer&iacute;a myapp y se cargan en el evento \"load\", no en \"Domcontentload\"</li>\r\n<li>en c&oacute;digo plugin, se cargan con un include_once est&aacute;ndar, o bien alguna funci&oacute;n que permita hacer el include.&nbsp;</li>\r\n</ul>',2,'BDBAD4E456A7D9DF3BDD1E6D707371BA',7),
('5496C04367FF283841E19DF61BFAA8C3','Api genérica para entidades definidas','2025-02-12 19:35:16','2025-04-04 18:06:09','<p>Seg&uacute;n las entities definidas con sus columnas, crear una api que permita las operaciones REST.</p>\r\n<p>Deber&iacute;a servir para:</p>\r\n<ul>\r\n<li>conectar Power BI a la app.</li>\r\n<li>aplicar l&oacute;gica con datos en la interfaz de usuario</li>\r\n</ul>\r\n<p><strong>Soluci&oacute;n:</strong></p>\r\n<p>/api/entity.php</p>\r\n<p>recibe varios par&aacute;metros:</p>\r\n<ul>\r\n<li><strong>query</strong>: consulta en formato json (hay que pasarlo con encodeURIComponent). La api MyApp.api.query ya lo soporta.</li>\r\n<li>o bien, par&aacute;metros igual que en entity:\r\n<ul>\r\n<li><strong>controller</strong>: nombre de tabla</li>\r\n<li><strong>item</strong>: id del registro</li>\r\n</ul>\r\n</li>\r\n<li>GET consulta.</li>\r\n<li>POST realiza un <strong>UPSERT de una lista de objetos de la misma tabla</strong></li>\r\n</ul>',2,'BDBAD4E456A7D9DF3BDD1E6D707371BA',1),
('58225C3EF835E39F2CAFC504906C62B1','Custom buttons desde grid','2025-03-26 09:29:54','2025-03-27 14:05:47','<p>mostrar los botones custom para operaciones masivas.</p>',2,'BDBAD4E456A7D9DF3BDD1E6D707371BA',0),
('58A9A20C0BEFBEB4A780888DEDC049F8','PANEL (informativo) como panel de entrada, home page, etc.','2025-03-11 19:09:40','2025-03-11 23:21:28','<p>Como en autoscrapper, definimos un formulario para dar informaci&oacute;n de entrada al sistema.&nbsp;</p>\r\n<p>&iquest;puede ser un tipo de formulario?</p>\r\n<p>&iquest;una entidad que no tiene BBDD detr&aacute;s?</p>\r\n<p>&iquest;matamos 2 p&aacute;jaros de un tiro?</p>',2,'BDBAD4E456A7D9DF3BDD1E6D707371BA',0),
('656405CC60C5E4068A499FA1162CF49B','Definir relaciones (borrado en cascada)','2025-02-12 19:40:41','2025-03-26 09:23:49','<p>un maestro de relaciones para definir las foreign keys, indexarlas e implementar el delete cascade.</p>',2,'BDBAD4E456A7D9DF3BDD1E6D707371BA',4),
('71CDB97A53091AB457AEB273FA9F2F0B','Definir íncides de BBDD (como con relaciones)','2025-10-20 17:37:26','2026-01-25 19:45:08',NULL,2,'BDBAD4E456A7D9DF3BDD1E6D707371BA',2),
('77474D3C584ABBE4B7DCB03D0ABF0BE5','Librerías de código','2025-02-12 19:25:01','2025-03-19 20:07:12','<p>Como en los plugin, que se pueda registrar una biblioteca de c&oacute;digo php.&nbsp;</p>\r\n<p>los cargamos como plugin en una entidad que no tenga BBDD. y se le hace un include.</p>\r\n<p>POr ejemplo: definir una entidad sin BBDD llamada \"Ventas.Globals\".</p>\r\n<p>Esto almacena el fichero, al publicar en la carpeta&nbsp;</p>\r\n<p>modules/<strong>{carpeta del modulo}</strong>/plugins/<strong>{nombrefichero.php}</strong></p>',2,'BDBAD4E456A7D9DF3BDD1E6D707371BA',6),
('786F9D52CD3B421FCA3642E2ECCCDE81','RLS Seguridad a nivel de fila (nivel de empresa)','2025-06-23 12:11:55','2026-03-31 17:29:42','<p>Agregar seguridad a nivel de fila (RLS, por sus siglas en ingl&eacute;s: <strong>Row-Level Security</strong>) en tu aplicaci&oacute;n significa asegurarte de que los usuarios solo puedan ver o manipular los datos que les corresponden. Aqu&iacute; tienes una gu&iacute;a clara y pr&aacute;ctica para a&ntilde;adir esta seguridad, con enfoques seg&uacute;n el tipo de aplicaci&oacute;n y base de datos que est&eacute;s usando.</p>\r\n<h2>1. Principio base de la seguridad a nivel de fila</h2>\r\n<p>Asocia cada fila de tus tablas con un \"due&ntilde;o\" o \"rol\" mediante un campo como:</p>\r\n<ul>\r\n<li>user_id</li>\r\n<li>grupo_id</li>\r\n<li>empresa_id</li>\r\n</ul>\r\n<p>Tu l&oacute;gica de acceso debe filtrar por ese campo, seg&uacute;n el usuario logueado.</p>\r\n<h2>2. M&eacute;todos comunes para implementar RLS</h2>\r\n<p><strong>Opci&oacute;n A:</strong> Filtrado manual en consultas (nivel de aplicaci&oacute;n)<br>Muy flexible. Debes modificar tus consultas SQL o generador ORM para incluir condiciones basadas en el usuario.</p>\r\n<pre><strong>php</strong><br><br>// Ejemplo en PHP con PDO<br>$stmt = $pdo-&gt;prepare(\"SELECT * FROM ventas WHERE user_id = :uid\");<br>$stmt-&gt;execute([\'uid\' =&gt; $usuario_actual_id]);</pre>\r\n<p>Pros:</p>\r\n<ul>\r\n<li>F&aacute;cil de controlar y depurar</li>\r\n<li>No dependes de la base de datos</li>\r\n</ul>\r\n<p>Contras:</p>\r\n<ul>\r\n<li>Repetitivo</li>\r\n<li>Riesgo si olvidas filtrar alguna consulta</li>\r\n</ul>\r\n<p><strong>Opci&oacute;n B:</strong></p>\r\n<p>Seguridad autom&aacute;tica en la base de datos (RLS en SQL)<br>Ideal si usas PostgreSQL u otros motores que soportan RLS nativamente.</p>\r\n<p>sql<br><br>-- PostgreSQL: habilita RLS<br>ALTER TABLE ventas ENABLE ROW LEVEL SECURITY;<br><br>-- Define pol&iacute;tica<br>CREATE POLICY ventas_usuario_policy<br>&nbsp; ON ventas<br>&nbsp; USING (user_id = current_setting(\'app.current_user\')::int);<br><br>Y luego desde tu aplicaci&oacute;n:<br><br>sql<br><br>SET app.current_user = 123; &nbsp;-- cada vez que se conecta el usuario</p>\r\n<p>Pros:</p>\r\n<ul>\r\n<li>Muy seguro, no puedes olvidarte del filtro</li>\r\n<li>Centralizado en la base de datos</li>\r\n</ul>\r\n<p>Contras:</p>\r\n<ul>\r\n<li>Requiere soporte de tu motor (no funciona en MySQL est&aacute;ndar)</li>\r\n<li>A&ntilde;ade complejidad a la configuraci&oacute;n</li>\r\n</ul>\r\n<p><strong>Opci&oacute;n C: </strong></p>\r\n<p>Middleware o capa centralizada<br>Si tienes un ORM o librer&iacute;a central para consultas (como est&aacute;s construyendo), puedes interceptar autom&aacute;ticamente cada consulta y a&ntilde;adir el filtro por usuario o grupo.</p>\r\n<p>Ejemplo simple en pseudoc&oacute;digo:</p>\r\n<p>php</p>\r\n<pre>function applyRLS($query, $entity) {<br>&nbsp; if ($entity === \'ventas\') {<br>&nbsp; &nbsp; $query-&gt;where(\'user_id\', \'=\', getCurrentUserId());<br>&nbsp; }<br>&nbsp; return $query;<br>}</pre>\r\n<p><br>Pros:</p>\r\n<ul>\r\n<li>Reutilizable y seguro</li>\r\n<li>M&aacute;s f&aacute;cil de mantener</li>\r\n</ul>\r\n<p>Contras:</p>\r\n<ul>\r\n<li>Debes controlar que todas las consultas pasen por esta capa</li>\r\n</ul>\r\n<h2>Consejos adicionales</h2>\r\n<p>Si usas roles jer&aacute;rquicos (admin, manager, usuario), incluye reglas como empresa_id, grupo_id, etc.</p>\r\n<ul>\r\n<li>Evita confiar solo en el frontend. Nunca mandes todos los datos al cliente.</li>\r\n<li>Usa pruebas automatizadas para asegurar que nadie accede a lo que no debe.</li>\r\n<li>Documenta bien las pol&iacute;ticas para evitar errores en el futuro.</li>\r\n</ul>\r\n<p></p>',2,'BDBAD4E456A7D9DF3BDD1E6D707371BA',0),
('890AADEAB4EF8C3884151A188C796C9A','Navegacion por pestañas ','2025-04-11 07:07:51','2025-08-22 17:52:09','<p>Actualmente, el bot&oacute;n de volver atr&aacute;s se hace en el servidor y no diferencia la navegaci&oacute;n independiente de las pesta&ntilde;as.</p>',2,'BDBAD4E456A7D9DF3BDD1E6D707371BA',0),
('8D3E5650D17B9CF43B32D348F3C77EF7','Selector de vistas directamente en el grid.','2025-02-12 18:28:53','2025-03-23 18:25:17','<p>para poder seleccionar distintas vistas en un grid dependiente. Usar el tipo de vista (ahora son todas p&uacute;blicas)</p>',2,'BDBAD4E456A7D9DF3BDD1E6D707371BA',11),
('936C73232F3405E025DC0EED47A93CD5','Probar acceso a servicio externo (desde rpi)','2025-04-15 18:06:53','2025-05-02 17:56:45',NULL,2,'BDBAD4E456A7D9DF3BDD1E6D707371BA',0),
('939D61C4B7A758D184D13A2350336FD1','Menú expandido en función de la pagina en curso','2025-02-12 18:35:49','2025-02-25 10:45:44','auto-expandir en función del controller seleccionado.\r\nNo debería ser difícil.',2,'BDBAD4E456A7D9DF3BDD1E6D707371BA',0),
('950DDC8828DE36BA5691DD11AA7B7DD8','Revisar estilo de botones del BPF','2026-03-26 11:49:08','2026-06-13 18:10:37','<p>Se ve muy grande y aparatoso. Quiz&aacute;s un selector un un bot&oacute;n de \"GO\" podr&iacute;a ir bien para reducir espacio.</p>\r\n<p>Lo hemos cambiado. Ya no se ven todas las fases porque puede ser un grafo. Ahora s&oacute;lo se ve la fase activa y las transiciones de este estado.&nbsp;</p>',2,'BDBAD4E456A7D9DF3BDD1E6D707371BA',0),
('9C7C5CF8E2BBCF156A705CDD849BC065','integrar html al estilo de webresources, bien como modal o como iframe','2025-10-20 17:30:29','2026-03-12 18:36:59','<p>Ya tenemos la entidad que los almacena, ahora necesitamos invocarlos para que se muestren.</p>\r\n<p>Nos dar&aacute; flexibilidad a la hora de desarrollar interfaces complejas.</p>\r\n<ul>\r\n<li>integrar en formulario como un control iframe:&nbsp;<span style=\"color: #169179;\">OK</span>.</li>\r\n<li>funciones para abrir y navegar a recursos web como formulario de di&aacute;logo. <span style=\"color: #169179;\">OK</span>.</li>\r\n</ul>',2,'BDBAD4E456A7D9DF3BDD1E6D707371BA',0),
('A0157C7F162C5BD618C92AE713BFB1C5','Mantenimiento de botones de la entidad','2025-02-12 19:24:19','2025-03-04 19:33:59','para ser gestionado por plugins, y no tener que definirlo en el preRenderForm\r\n(tipo list o form)',2,'BDBAD4E456A7D9DF3BDD1E6D707371BA',3),
('AA2ED7F01575542AFE6D88910D409C6C','Tener propios Alert y Confirm','2026-03-12 18:44:38','2026-03-21 18:53:10','<p>dos formularios modales de parada y espera para que en js podamos mostrar nuestros propios mensajes</p>\r\n<ul>\r\n<li style=\"color: #169179;\"><span style=\"color: #169179;\">alert</span></li>\r\n<li style=\"color: #169179;\"><span style=\"color: #169179;\">confirm</span></li>\r\n<li>confirmaci&oacute;n de par&aacute;metros. por ejemplo: pasarle un json. <span style=\"color: #e03e2d;\">descartado</span>.</li>\r\n</ul>\r\n<pre>{<br>\"params\" : [<br>  \"param 1\" : { \"type\": \"text\" },<br> &nbsp;\"param 2\" : { \"type\": \"int\" },<br>  \"param 3\" : { \"type\": \"option\" , \"options\" : [ \"A\", \"B\",\"C\" ] }<br>]<br>}</pre>\r\n<p>Que monte un peque&ntilde;o formulario donde se puedan introducir esos valores y que al cerrar el formulario se puedan recuperar los valores introducidos por el usuario.</p>\r\n<p>Podr&iacute;a servir para muchos procesos.</p>',2,'BDBAD4E456A7D9DF3BDD1E6D707371BA',0),
('AC7EF35D85FC9D312E5EE7A3FD231919','JSON queries','2025-02-25 09:05:11','2025-04-03 19:42:30','<p>definir consultas en formato json que puedan ser ejecutadas desde la interfaz y as&iacute; evitar inyecciones SQL.</p>\r\n<p>TEnemos un ejemplo en chatgpt.</p>',2,'BDBAD4E456A7D9DF3BDD1E6D707371BA',99),
('B7E85F51B0C3DB4FFB2E91E654D7F711','Crear tareas programadas','2025-02-12 19:27:26','2025-10-20 17:39:09','<p>Cron por &iquest;minuto? y que mire los trabajos pendientes</p>',0,'BDBAD4E456A7D9DF3BDD1E6D707371BA',6),
('B8A056581830C1D086505479F6007FED','Ejecución de plugins desde grid ','2025-02-12 18:23:35','2025-03-09 18:15:15','<p>Debe responder a los eventos definidos en el plugin de la entidad.</p>\r\n<p>Ok para insert, duplicate y pre-render</p>',2,'BDBAD4E456A7D9DF3BDD1E6D707371BA',0),
('C48660A87DCE2FE5ADACD645E224D347','Albaran compra sume stock','2025-02-26 18:11:55','2025-02-26 18:11:55','Ahora solo cuenta coste.\r\n',0,'2B5297FBE05CFA798C2D107CA982AB8D',0),
('C503AB7844374873E870C869E2FB2DB1','Definir método genérico para procesos batch','2025-02-12 19:22:54','2025-10-20 17:39:09','A modo de plugin o algo así que se registre',0,'BDBAD4E456A7D9DF3BDD1E6D707371BA',10),
('C691DEE8C48694C7DFE181F63617D80B','Lookups con campos enlazados','2025-02-12 18:23:35','2025-04-08 17:03:31','<p>poder filtrar en un lookup en funci&oacute;n de otro campo de la pantalla. Ejemplo: seleccionas provincia y el campo ciudad filtra por las ciudades de dicha provincia.</p>\r\n<p><span style=\"color: rgb(22, 145, 121);\"><strong>Funciona</strong></span>. en los campos lookup informar de data-field y data-value, como en los subgrid.</p>',2,'BDBAD4E456A7D9DF3BDD1E6D707371BA',3),
('C79FB53E18686589C6BACC7C01DBB409','Error en oferta. Pierde empresa.','2026-04-21 08:50:51','2026-06-13 18:10:00',NULL,3,'BDBAD4E456A7D9DF3BDD1E6D707371BA',0),
('CC90EC5C292CF49A2EF70E7EE9BF84AD','Eliminar imágenes en control imagen','2025-04-29 14:32:17','2025-05-14 18:21:53','<p>- no limpia el directorio de destino, pero limpia la bbdd.</p>',2,'BDBAD4E456A7D9DF3BDD1E6D707371BA',0),
('D011B3AD54C59AFF4A668B9F994E4FC1','Formulario de inserción rápida ','2025-04-16 15:22:56','2025-04-23 15:40:54',NULL,2,'BDBAD4E456A7D9DF3BDD1E6D707371BA',1),
('D5502C89EDA244D2B98786E8CD763B21','Pedidos de venta','2025-02-26 18:03:25','2025-02-26 18:03:25','Registrarlos y descontar del almacén. Como en tienda.\r\n',0,'2B5297FBE05CFA798C2D107CA982AB8D',0),
('DA477785F8361FFE1156D094D965387E','Menu ocultable en modo escritorio','2025-08-25 13:09:07','2025-08-27 07:18:35','<p>que solo se vea el icono de las 3 rayitas y una barra vertical. No mostrar los puntos de menu</p>\r\n<p>Util para tablet modo horizontal y portatil para ganar espacio</p>\r\n<p>&nbsp;</p>',2,'BDBAD4E456A7D9DF3BDD1E6D707371BA',2),
('E1E2B2C607BD4B02A7B3F96D99B18B5A','Eventos de recarga de grid','2025-04-16 22:33:16','2025-04-23 15:41:02',NULL,2,'BDBAD4E456A7D9DF3BDD1E6D707371BA',0),
('E6F8A39B142E456E5E04C475CAD03742','Formulario de edición rápida???','2025-04-16 15:22:56','2025-10-20 17:39:09',NULL,0,'BDBAD4E456A7D9DF3BDD1E6D707371BA',3),
('F020B362F608DAA86FFA1A32C2E6A3EB','Columnas tipo fichero','2025-02-19 23:16:58','2025-02-25 10:45:53','Imagen o fichero en general.',2,'BDBAD4E456A7D9DF3BDD1E6D707371BA',1),
('F2BA8CAB4716E4367AFC9E5AF45BB5B0','Botones up-down desde grid para ordenar listados','2025-02-12 18:33:58','2025-02-25 10:46:03','En movil se ve mal.\r\nHay que mejorar los botones.',2,'BDBAD4E456A7D9DF3BDD1E6D707371BA',2),
('F9BBA7BCA45BF08B72242813646982E1','personalizar altura en textarea y richtext (tinymce) y editor ace','2026-04-25 19:38:46','2026-04-25 19:38:46','<p>ahora mismo no es personalizable. tienen una altura predefinida. Se deber&iacute;a personalizar para mejorar el UX.</p>',0,'BDBAD4E456A7D9DF3BDD1E6D707371BA',0),
('F9FCA9ED5D1AD64A1AE88A59CD1F4F0B','Boton nuevo - quick','2025-05-12 08:12:00','2025-06-09 12:21:08','<p>Si no hay quick create, que navegue hasta el principal en modo \"new\"</p>',2,'BDBAD4E456A7D9DF3BDD1E6D707371BA',0);
/*!40000 ALTER TABLE `app_tareas_proyectos` ENABLE KEYS */;
UNLOCK TABLES;

--
-- Table structure for table `app_teams`
--

DROP TABLE IF EXISTS `app_teams`;
/*!40101 SET @saved_cs_client     = @@character_set_client */;
/*!40101 SET character_set_client = utf8mb4 */;
CREATE TABLE `app_teams` (
  `id` char(32) NOT NULL,
  `equipo` varchar(100) DEFAULT NULL,
  `fecha_creacion` timestamp NULL DEFAULT current_timestamp(),
  `fecha_modificacion` timestamp NULL DEFAULT current_timestamp() ON UPDATE current_timestamp(),
  PRIMARY KEY (`id`)
) ENGINE=InnoDB DEFAULT CHARSET=utf8mb3 COLLATE=utf8mb3_general_ci;
/*!40101 SET character_set_client = @saved_cs_client */;

--
-- Dumping data for table `app_teams`
--

LOCK TABLES `app_teams` WRITE;
/*!40000 ALTER TABLE `app_teams` DISABLE KEYS */;
INSERT INTO `app_teams` VALUES
('1245D8AF8C9C9CE018B22A2D58576A33','Aprobadores de ofertas','2026-06-12 11:10:21','2026-06-12 11:10:21');
/*!40000 ALTER TABLE `app_teams` ENABLE KEYS */;
UNLOCK TABLES;

--
-- Table structure for table `app_transiciones_proceso`
--

DROP TABLE IF EXISTS `app_transiciones_proceso`;
/*!40101 SET @saved_cs_client     = @@character_set_client */;
/*!40101 SET character_set_client = utf8mb4 */;
CREATE TABLE `app_transiciones_proceso` (
  `id` char(32) NOT NULL,
  `nombre` varchar(100) DEFAULT NULL,
  `fecha_creacion` timestamp NULL DEFAULT current_timestamp(),
  `fecha_modificacion` timestamp NULL DEFAULT current_timestamp() ON UPDATE current_timestamp(),
  `id_fase_inicio` char(32) DEFAULT NULL,
  `id_proceso` char(32) DEFAULT NULL,
  `id_fase_fin` char(32) DEFAULT NULL,
  PRIMARY KEY (`id`)
) ENGINE=InnoDB DEFAULT CHARSET=utf8mb3 COLLATE=utf8mb3_general_ci;
/*!40101 SET character_set_client = @saved_cs_client */;

--
-- Dumping data for table `app_transiciones_proceso`
--

LOCK TABLES `app_transiciones_proceso` WRITE;
/*!40000 ALTER TABLE `app_transiciones_proceso` DISABLE KEYS */;
INSERT INTO `app_transiciones_proceso` VALUES
('0219AA1B9276DF9ECD1425FE6FF25286','Finalizar','2025-09-24 12:30:37','2025-09-24 12:31:06','80FCA66FD4BCE032AC33C59EDB309474','45638ECFBE5174C38B169DE2C67BDE87','7A73484116A62791AB23D24A81673579'),
('2CFA6B3D97F29C094A70E9C7BBB5702B','Confirmar Pedido','2025-09-22 18:23:16','2025-09-22 18:25:07','C312D5CFC82D8CE6C7384E83B3D30A50','F16B54E64435670CEF531775394C4628','5FC77654D12C165D3E8F31A4B8BA489B'),
('33C0BE1023AF2FABEEDDC8887C462D80','Cancelar','2025-09-22 18:23:16','2025-09-22 18:25:56','C312D5CFC82D8CE6C7384E83B3D30A50','F16B54E64435670CEF531775394C4628','E8B7813D77D35EE89A71F78BA9247870'),
('4C552E72F10F58D111A55F5FE6559F77','Iniciar ejecucion','2025-09-24 12:30:37','2025-11-27 18:15:16','B7075A4B475EB10E8D91A50B29BB2BD1','45638ECFBE5174C38B169DE2C67BDE87','80FCA66FD4BCE032AC33C59EDB309474'),
('5AF14AB4E7ABAFC6A2EEE9EEACB03662','Enviar a aprobación','2025-11-27 18:13:48','2025-11-27 18:13:48','6FEE52135C37B80BD401F9E50C1B4D96','45638ECFBE5174C38B169DE2C67BDE87','B7075A4B475EB10E8D91A50B29BB2BD1'),
('6DA468B3B1A59E4A81B28E13797621FC','Revisar','2026-06-19 12:44:58','2026-06-19 12:44:58','D09C09AC9A7962A727691ECA027F9892','1DDE9C45D0C99024ACA7F9C98AD8FEF1','27C7A68F331CE1727B703A8D9FDD4DC2'),
('82385BFDF967EF5033611D546C1A200D','Cancelar','2025-09-23 11:27:29','2026-06-19 08:48:38','D09C09AC9A7962A727691ECA027F9892','1DDE9C45D0C99024ACA7F9C98AD8FEF1','749D81942CC297E4CC319C8968CE0223'),
('A0A51AF2C2B8A95A3DD70C72C7D560E0','Entregar a cliente','2025-09-22 18:23:16','2025-09-22 18:23:16','A83C80BF506BB6FE3C63EAC35E276685','F16B54E64435670CEF531775394C4628','C312D5CFC82D8CE6C7384E83B3D30A50'),
('A65B9E306514693BCB27FF78BDE66994','Facturar','2025-09-23 11:27:29','2025-09-23 11:28:06','D09C09AC9A7962A727691ECA027F9892','1DDE9C45D0C99024ACA7F9C98AD8FEF1','03C6DC89CBF9BCA85717DA87B7CD7789'),
('AF83A08F7DC18D028D41FAD8D48A4020','Reiniciar','2025-09-25 16:16:47','2025-11-27 18:15:47','7A73484116A62791AB23D24A81673579','45638ECFBE5174C38B169DE2C67BDE87','6FEE52135C37B80BD401F9E50C1B4D96'),
('C38BFD126E4FD2A6ECE2335ED7C8DBAE','Confirmar','2025-09-23 11:27:29','2025-09-23 11:27:29','27C7A68F331CE1727B703A8D9FDD4DC2','1DDE9C45D0C99024ACA7F9C98AD8FEF1','D09C09AC9A7962A727691ECA027F9892'),
('DF19A49BF87F04FBC29903BAD8520A0A','Revisar','2025-09-22 18:23:42','2025-09-22 18:23:42','C312D5CFC82D8CE6C7384E83B3D30A50','F16B54E64435670CEF531775394C4628','A83C80BF506BB6FE3C63EAC35E276685');
/*!40000 ALTER TABLE `app_transiciones_proceso` ENABLE KEYS */;
UNLOCK TABLES;

--
-- Table structure for table `app_user_controls`
--

DROP TABLE IF EXISTS `app_user_controls`;
/*!40101 SET @saved_cs_client     = @@character_set_client */;
/*!40101 SET character_set_client = utf8mb4 */;
CREATE TABLE `app_user_controls` (
  `id` char(32) NOT NULL,
  `fecha_creacion` timestamp NULL DEFAULT current_timestamp(),
  `fecha_modificacion` timestamp NULL DEFAULT current_timestamp() ON UPDATE current_timestamp(),
  `control_type` varchar(50) DEFAULT NULL,
  `dbcolumn` varchar(50) DEFAULT NULL,
  `view_column_rel` varchar(50) DEFAULT NULL,
  `id_seccion` char(32) DEFAULT NULL,
  `id_vista` char(32) DEFAULT NULL,
  `orden` int(11) DEFAULT NULL,
  `label` varchar(50) DEFAULT NULL,
  `id_grafico` char(32) DEFAULT NULL,
  `custom_section` varchar(50) DEFAULT NULL,
  `width` varchar(20) DEFAULT NULL,
  `nombre` varchar(50) DEFAULT NULL,
  `id_resource` char(32) DEFAULT NULL,
  `height` int(11) DEFAULT NULL,
  PRIMARY KEY (`id`),
  KEY `FK_app_user_controls_app_form_sections` (`id_seccion`),
  KEY `FK_app_user_controls_app_views` (`id_vista`),
  CONSTRAINT `FK_app_user_controls_app_form_sections` FOREIGN KEY (`id_seccion`) REFERENCES `app_form_sections` (`id`) ON DELETE CASCADE,
  CONSTRAINT `FK_app_user_controls_app_views` FOREIGN KEY (`id_vista`) REFERENCES `app_views` (`id`)
) ENGINE=InnoDB DEFAULT CHARSET=utf8mb3 COLLATE=utf8mb3_general_ci;
/*!40101 SET character_set_client = @saved_cs_client */;

--
-- Dumping data for table `app_user_controls`
--

LOCK TABLES `app_user_controls` WRITE;
/*!40000 ALTER TABLE `app_user_controls` DISABLE KEYS */;
INSERT INTO `app_user_controls` VALUES
('0518CA9C8265B99AA5E95A74F1E6F0EF','2026-03-25 20:46:16','2026-03-25 20:46:16','column','titulo',NULL,'3CCE984864934802D8126504D1F124EC',NULL,0,NULL,NULL,NULL,'col-100',NULL,NULL,NULL),
('05AA77D45D5BECC1AEF78F985144FD09','2025-09-23 11:48:17','2026-04-26 11:08:27','view',NULL,'id_oferta','10C8010829E45639B38AE52F1DDA1890','BB4BA711F1C50B586B861ACD998D1200',2,'Pedidos relacionados',NULL,NULL,'col-100',NULL,NULL,200),
('05D4D353C7E5218CD6610E8D6921E25C','2025-05-15 15:23:29','2025-05-15 15:36:07','column','codigo',NULL,'3CCE984864934802D8126504D1F124EC',NULL,1,NULL,NULL,NULL,'col-50',NULL,NULL,NULL),
('07A589F4E0B6B013A45770130CBDED3C','2026-03-20 09:10:47','2026-03-20 09:11:21','view',NULL,'id_usuario','98F3BD47234AB59BFA9177F468DF41FF','71BD929FE8A9050314FB4A1DC143EA2B',0,'Seguridad',NULL,NULL,'col-100',NULL,NULL,NULL),
('0B7402B9A224EC9EB0616A7383A71480','2025-05-15 15:23:29','2026-03-25 20:46:02','column','id_cuenta',NULL,'3CCE984864934802D8126504D1F124EC',NULL,4,NULL,NULL,NULL,'col-100',NULL,NULL,NULL),
('0B7CB964317DD53B7263509035538A33','2025-08-27 07:13:33','2025-08-27 07:13:33','column','direccion2',NULL,'629A9B1C6A884E263C24BA6D9D9384D3',NULL,6,NULL,NULL,NULL,'col-100',NULL,NULL,NULL),
('0BB15709D069CDFB91762721E353B902','2025-03-09 19:27:57','2025-04-17 16:02:31','view',NULL,'id_entity','E64B7D0AD7FE212B168C92528538D79D','42B1C527BAE44053C6EA434AC2C7EE99',2,'Formularios',NULL,NULL,'col-100',NULL,NULL,NULL),
('0C218B09D8DD488B6B7F7F3E9925F606','2025-09-01 18:25:18','2025-09-01 18:36:30','column','pendientes',NULL,'743C0E4E92842F94926D004E952A611A',NULL,2,NULL,NULL,NULL,'col-33',NULL,NULL,NULL),
('0C47CDEADDB847063302F181A5D1E39F','2025-04-22 13:02:31','2025-04-22 13:08:00','column','total_impuestos',NULL,'97C2E5E60FD570207AF62A4B663DAC40',NULL,9,NULL,NULL,NULL,'col-100',NULL,NULL,NULL),
('0CDFD21E82327D60F3C41F6C7DC3ADB1','2025-03-09 22:28:42','2025-04-17 16:02:31','column','estado',NULL,'79C8F54C5FE8595BD9E3D5DFCB7F67BB',NULL,1,NULL,NULL,NULL,'col-100',NULL,NULL,NULL),
('0E42B31B8907EBA8B27A0C6CA08FAFF5','2026-03-27 14:12:42','2026-03-27 14:12:42','column','id_empresa',NULL,'9702FBAE41A77B08077F27F35398DC63',NULL,2,NULL,NULL,NULL,'col-100',NULL,NULL,NULL),
('0EDDCAA313BF4955D8CE581B636B969B','2025-08-27 07:13:33','2025-08-27 07:13:33','column','email',NULL,'629A9B1C6A884E263C24BA6D9D9384D3',NULL,3,NULL,NULL,NULL,'col-100',NULL,NULL,NULL),
('0EDF5F137CFFDA1F1034ACECFDA5AB8E','2025-03-11 19:41:53','2025-04-17 16:02:31','column','tipo_entidad',NULL,'BE842878675192696A6AC1741569B167',NULL,2,'Tipo Entidad',NULL,NULL,'col-100',NULL,NULL,NULL),
('0F6F9E156188CAFEAA85DCD7DECE3B1B','2026-03-26 10:29:58','2026-03-26 10:30:33','view',NULL,'id_related_entity','22C0E3D6D6C8056C9CCCC37EF9BA8AD6','B794803CD33B5BC4BC254D4D486BF13C',0,'Relaciones 1:N',NULL,NULL,'col-100',NULL,NULL,NULL),
('11DA79D59296288863F725106FEDD6C4','2026-06-13 17:04:32','2026-06-13 17:04:32','column','id',NULL,'3BE2BB20C62E4E7791F65C84F89292C4',NULL,0,NULL,NULL,NULL,'col-100',NULL,NULL,NULL),
('1354906299DB8571D6B40062E33614C1','2025-09-01 18:25:18','2025-09-01 18:36:51','column','iniciadas',NULL,'743C0E4E92842F94926D004E952A611A',NULL,3,NULL,NULL,NULL,'col-33',NULL,NULL,NULL),
('1440C5734FC0C02EF4472D1F377CCE8D','2025-04-16 18:50:04','2026-03-24 11:17:25','column','nombre',NULL,'1711556FB7406999C5EF9E62F3080879',NULL,3,NULL,NULL,NULL,'col-100',NULL,NULL,NULL),
('171B54DEA0BB6C65938C4A32EED3B262','2026-06-23 07:24:45','2026-06-23 07:30:00','column','formula',NULL,'735E3E38874D597964AE1613463A97C0',NULL,14,NULL,NULL,NULL,'col-100',NULL,NULL,NULL),
('1747C7CC87D4472D73186D31C2413557','2025-03-17 15:28:05','2025-04-17 16:02:31','column','template',NULL,'D5A5880AB7D3912B8A47CB485766EE72',NULL,2,NULL,NULL,NULL,'col-100',NULL,NULL,NULL),
('17CEB0A9AF92BD196D2169DB50ADAEF2','2026-06-18 18:49:03','2026-06-18 18:49:03','column','titulo',NULL,'F8B77DF5B7D1EAFCDA870066697EA7BB',NULL,1,NULL,NULL,NULL,'col-100',NULL,NULL,NULL),
('188F8A56F8DDADA9D91F696365AC93F0','2025-08-27 07:13:33','2025-08-27 07:13:33','column','email',NULL,'E46E6B47CF9A6F671E1F886074EFE5F7',NULL,3,NULL,NULL,NULL,'col-100',NULL,NULL,NULL),
('1B0114DD1398D550A02FC3A28C1A2A5A','2025-05-15 15:23:29','2026-03-25 20:46:02','column','valido_hasta',NULL,'3CCE984864934802D8126504D1F124EC',NULL,6,NULL,NULL,NULL,'col-50',NULL,NULL,NULL),
('1DE8D132B2A8D042675CFCCE79CE7207','2025-04-24 18:48:06','2025-04-24 18:48:06','column','login',NULL,'8E1110C1CC66235A0309BC403950C568',NULL,1,NULL,NULL,NULL,'col-100',NULL,NULL,NULL),
('1E88B445FDD412997DFB82212EA4E7BC','2026-06-19 12:27:14','2026-06-19 12:27:14','column','id',NULL,'D171F5BC9CAE2360E6FCFBE3BB28CBA4',NULL,0,NULL,NULL,NULL,'col-100',NULL,NULL,NULL),
('1EB8127C2BD4C1313733A9FB04AD5386','2025-09-22 18:16:03','2025-09-22 18:58:19','view',NULL,'t.id_proceso','08AE869790426C9D298F45D75A034598','41D8A6B436E9ECAA0BB2355675EDCA2C',0,NULL,NULL,NULL,'col-100',NULL,NULL,NULL),
('1F12360D63C774DAC427814B1B76B225','2026-06-13 17:04:32','2026-06-13 17:04:32','column','siguiente',NULL,'3BE2BB20C62E4E7791F65C84F89292C4',NULL,4,NULL,NULL,NULL,'col-100',NULL,NULL,NULL),
('1F3EBF78407CE4D9FB1F2A27ACB4433E','2026-06-13 17:04:32','2026-06-13 17:04:32','column','prefijo',NULL,'3BE2BB20C62E4E7791F65C84F89292C4',NULL,2,NULL,NULL,NULL,'col-100',NULL,NULL,NULL),
('2106788696DBF9C2B00648BF549F0920','2025-08-27 07:13:33','2025-08-27 07:13:33','column','codpostal',NULL,'E46E6B47CF9A6F671E1F886074EFE5F7',NULL,10,NULL,NULL,NULL,'col-100',NULL,NULL,NULL),
('223D81C57ED2B98C2400A4BFAE760AA1','2026-06-13 17:04:32','2026-06-13 17:04:32','column','fecha_creacion',NULL,'3BE2BB20C62E4E7791F65C84F89292C4',NULL,100,NULL,NULL,NULL,'col-100',NULL,NULL,NULL),
('2281B6C25C012C52A0EFAF5D1DCAB4A5','2025-02-12 18:06:47','2025-04-17 16:02:31','column','nombre',NULL,'743C0E4E92842F94926D004E952A611A',NULL,1,NULL,NULL,NULL,'col-100',NULL,NULL,NULL),
('2670469D0E3B03CA01FA34D0427AC962','2025-04-22 13:02:31','2025-04-22 13:15:35','column','id_oferta',NULL,'23011B0CDE8AAB0C7870A80A5CCA3C4B',NULL,1,NULL,NULL,NULL,'col-50',NULL,NULL,NULL),
('2692025021A3516D1DEC213778097D95','2025-05-15 15:23:29','2025-05-15 15:33:14','column','notas',NULL,'B025294746427F4AE90AE99579799523',NULL,1,NULL,NULL,NULL,'col-100',NULL,NULL,NULL),
('28286902954E853D2F00EAE53BAC4CEF','2025-04-16 15:06:03','2026-03-16 15:00:27','column','estado_tarea',NULL,'635CA7CD4C2DBBD043D317A2E988CBDC',NULL,2,NULL,NULL,NULL,'col-100',NULL,NULL,NULL),
('296D789FE9A40420FEDD7289352A6301','2026-03-20 09:14:17','2026-03-20 09:14:17','column','id',NULL,'9D62FBDD595B6337DDF6BF1937466FB0',NULL,0,NULL,NULL,NULL,'col-100',NULL,NULL,NULL),
('2A408B33F6E769AE324F315DD3EDC5E5','2025-03-19 12:20:57','2025-04-17 16:02:31','view',NULL,'id_template','D5A5880AB7D3912B8A47CB485766EE72','94E45991CB72F05CE7AB3BAE2CE56C59',3,'Consultas',NULL,NULL,'col-100',NULL,NULL,NULL),
('2A78E1B03C3DF964281EEE08EE0749D4','2026-03-10 15:59:21','2026-03-10 16:22:46','column','nombre',NULL,'38316B53C0C4CF0627A950593678FD8E',NULL,3,NULL,NULL,NULL,'col-100',NULL,NULL,NULL),
('2B68F7F79713677A3F1EBECF4946BD57','2025-09-05 12:59:39','2025-09-22 18:28:26','column','campo_entidad',NULL,'EB992AF0D14C2C32531BB339C78B3D75',NULL,3,NULL,NULL,NULL,'col-100',NULL,NULL,NULL),
('2BE8EE9459480A9C6F30062294ADC0DF','2026-03-26 10:31:56','2026-03-26 10:36:47','view',NULL,'id_entity','22C0E3D6D6C8056C9CCCC37EF9BA8AD6','B794803CD33B5BC4BC254D4D486BF13C',0,'Relaciones N:1',NULL,NULL,'col-100',NULL,NULL,NULL),
('2C34E7554C5BF0894DEAC5CA41CBDEFB','2025-04-16 18:50:04','2025-04-17 16:02:31','column','imagen',NULL,'BB55F11CD0F97689F43967E2FA093CC4',NULL,1,NULL,NULL,NULL,'col-100',NULL,NULL,NULL),
('2DF39577E37C3A6FA7240DE4EAA40F7D','2026-06-22 18:08:16','2026-06-23 07:56:28','column','cliente',NULL,'33C59B986AEA68275967B188A72850BD',NULL,1,NULL,NULL,NULL,'col-100',NULL,NULL,NULL),
('2FC28B08ED7A7CC8C4D8A195C019CEC5','2025-08-27 07:13:33','2025-08-27 07:13:33','column','direccion1',NULL,'E46E6B47CF9A6F671E1F886074EFE5F7',NULL,6,NULL,NULL,NULL,'col-100',NULL,NULL,NULL),
('32CDF9EBF18E3C858886B4978582D9FC','2025-03-09 22:28:42','2025-04-17 16:02:31','column','code',NULL,'9D67E486961A4CBCA59700CE32256316',NULL,5,NULL,NULL,NULL,'col-100',NULL,NULL,NULL),
('352E03AD2C08E0D309460E3727B60961','2025-03-09 19:19:29','2025-08-26 12:06:35','column','mostrar_menu',NULL,'BE842878675192696A6AC1741569B167',NULL,5,NULL,NULL,NULL,'col-100',NULL,NULL,NULL),
('35F7F9F1AE6D106FDC64237B94E1D4AA','2026-03-10 15:59:21','2026-03-10 15:59:21','column','id',NULL,'38316B53C0C4CF0627A950593678FD8E',NULL,0,NULL,NULL,NULL,'col-100',NULL,NULL,NULL),
('373F239F0151CAEFE4A34DBA6363E03E','2025-08-22 11:17:24','2025-08-22 11:17:24','column','id',NULL,'E73E6E4A2CDA530135CE5F428ABB9575',NULL,0,NULL,NULL,NULL,'col-100',NULL,NULL,NULL),
('39042D97185F24D4385B9840874D9586','2026-06-13 17:04:32','2026-06-13 17:04:32','column','longitud',NULL,'3BE2BB20C62E4E7791F65C84F89292C4',NULL,5,NULL,NULL,NULL,'col-100',NULL,NULL,NULL),
('3A70FA116CA3C608BAF119262BF9AF6E','2026-06-13 17:04:32','2026-06-13 17:04:32','column','fecha_modificacion',NULL,'3BE2BB20C62E4E7791F65C84F89292C4',NULL,99,NULL,NULL,NULL,'col-100',NULL,NULL,NULL),
('3AF523D0D0A9052F3133414D44FF3AC0','2025-05-15 15:23:29','2025-05-15 15:36:15','column','estado',NULL,'F8B77DF5B7D1EAFCDA870066697EA7BB',NULL,2,NULL,NULL,NULL,'col-50',NULL,NULL,NULL),
('3E85B9FD4D841903FB0EA36818747613','2026-06-23 07:24:45','2026-06-23 07:24:45','column','type',NULL,'6153CFCE700EED3A17F449E798F0BEFA',NULL,4,NULL,NULL,NULL,'col-100',NULL,NULL,NULL),
('3E888C1A8DB182DEB763CDEA8A1F3281','2026-06-22 18:08:16','2026-06-23 07:05:02','column','foto',NULL,'40C727444D4F729FE02873740F690FEA',NULL,0,NULL,NULL,NULL,'col-100',NULL,NULL,NULL),
('402A129E707D64AE2A13462577D384D2','2025-03-09 22:28:42','2025-05-06 10:10:06','column','id_module',NULL,'73A8FFAD3DE8740E3903C4EB65805EBA',NULL,2,NULL,NULL,NULL,'col-100',NULL,NULL,NULL),
('40847F59E9555ECAE34480B82AB6CA3F','2025-04-16 15:06:03','2025-04-17 16:02:31','column','id',NULL,'5B31E61FBB94580A0216A8FC60CCCDC4',NULL,0,NULL,NULL,NULL,'col-100',NULL,NULL,NULL),
('408D0E9020702D13F18EDE6B4558EB4A','2025-02-07 18:50:52','2025-04-17 16:02:31','column','nombre',NULL,'1ED436397DE15F37E77586B00F4F079F',NULL,1,NULL,NULL,NULL,'col-100',NULL,NULL,NULL),
('41AB6C891182F831A47F6922C0EDBB37','2025-05-15 15:23:29','2025-05-15 15:36:07','column','codigo',NULL,'F8B77DF5B7D1EAFCDA870066697EA7BB',NULL,1,NULL,NULL,NULL,'col-50',NULL,NULL,NULL),
('41EB12B090A3A5A72A9A3F4D2B5C751F','2025-04-16 18:50:04','2026-03-24 11:17:25','column','precio',NULL,'1711556FB7406999C5EF9E62F3080879',NULL,6,NULL,NULL,NULL,'col-50',NULL,NULL,NULL),
('436AB4A920307CFFBFB49303655F974D','2025-04-16 18:50:04','2026-03-24 11:17:25','column','peso',NULL,'1711556FB7406999C5EF9E62F3080879',NULL,9,NULL,NULL,NULL,'col-33',NULL,NULL,NULL),
('439A55C4201DF2BF3F89F73F070B3CDF','2025-09-05 12:59:39','2025-09-05 12:59:39','column','id_entity',NULL,'AB0ABDFDA78C901CE6A16B96341BC852',NULL,1,NULL,NULL,NULL,'col-100',NULL,NULL,NULL),
('44E02692D1A511289520B9F4CF5D7655','2026-06-19 12:27:14','2026-06-19 12:28:28','column','id_pedido',NULL,'D171F5BC9CAE2360E6FCFBE3BB28CBA4',NULL,1,NULL,NULL,NULL,'col-50',NULL,NULL,NULL),
('44F947E7FA917A8959763B362FB63633','2026-06-23 07:24:45','2026-06-23 07:33:18','column','required',NULL,'E552A216E6549588DE85EBE71DDDBD96',NULL,18,NULL,NULL,NULL,'col-100',NULL,NULL,NULL),
('452561E3615B3235FC3A95F7E90C98BA','2025-08-27 07:13:33','2026-03-23 19:38:49','column','empresa',NULL,'629A9B1C6A884E263C24BA6D9D9384D3',NULL,2,NULL,NULL,NULL,'col-100',NULL,NULL,NULL),
('4568CE16484AE635F24395EDF354CD40','2026-03-26 15:55:11','2026-03-26 16:36:39','graph',NULL,'id_cuenta','18EECFCA76911C0DAAF66425B212AF34',NULL,0,NULL,'FBCD4ABD9823A4AA97BBB9CE07510C12',NULL,'col-100',NULL,NULL,315),
('45F89243730A4F73365D2A32680F4A87','2025-03-10 18:13:22','2025-04-17 16:02:31','view',NULL,'id_rol','B71CC519A8B9D7155E1B08DBA5D4681A','FAD0DF8F2ADD9313B1A58BBE1BD9EE4F',4,NULL,NULL,NULL,'col-100',NULL,NULL,NULL),
('462B96C2B101ACC4305B9C4C1A6E0596','2025-04-22 13:02:31','2025-04-22 13:08:29','column','total_linea',NULL,'97C2E5E60FD570207AF62A4B663DAC40',NULL,10,NULL,NULL,NULL,'col-100',NULL,NULL,NULL),
('4645530C015FF17B37B9875C7A097F20','2025-04-24 18:48:06','2025-04-24 18:48:06','column','id',NULL,'8E1110C1CC66235A0309BC403950C568',NULL,0,NULL,NULL,NULL,'col-100',NULL,NULL,NULL),
('46AC61088BD3A41E353D9AE46C02563E','2025-04-16 18:50:04','2026-03-24 11:17:25','column','ean_code',NULL,'1711556FB7406999C5EF9E62F3080879',NULL,5,NULL,NULL,NULL,'col-50',NULL,NULL,NULL),
('46B93603B13648F8448A981BA81EB63D','2025-03-16 15:55:13','2025-04-17 16:02:31','column','filename',NULL,'B7B6CD8CC7CAB3149F89BBDF4DF1184E',NULL,4,NULL,NULL,NULL,'col-100',NULL,NULL,NULL),
('484DAB6E86B93A8AAAB38424C6CC81E2','2026-06-22 18:08:16','2026-06-23 07:09:31','column','gastos_envio_sn',NULL,'33C59B986AEA68275967B188A72850BD',NULL,6,NULL,NULL,NULL,'col-50',NULL,NULL,NULL),
('48CE341E94C025A961915215CEB0B8D5','2026-03-24 11:17:44','2026-03-24 11:17:44','column','id_familia',NULL,'1711556FB7406999C5EF9E62F3080879',NULL,1,NULL,NULL,NULL,'col-100',NULL,NULL,NULL),
('4A8F581E15E7742C83CBB653AA6349AE','2026-06-19 12:27:14','2026-06-19 12:35:09','column','total_linea',NULL,'861EA97A5A6D2699AE7E09F8C21E9425',NULL,11,NULL,NULL,NULL,'col-100',NULL,NULL,NULL),
('4B7D6E1639037D88AD55899FE37C47C2','2025-08-27 07:13:33','2025-08-27 07:13:33','column','telefono',NULL,'E46E6B47CF9A6F671E1F886074EFE5F7',NULL,5,NULL,NULL,NULL,'col-100',NULL,NULL,NULL),
('4C8104B959AB0A4A47A1F33E1CA8DD55','2025-08-22 11:15:06','2025-08-22 11:15:06','column','nombre',NULL,'A1186A13B9C7ABFF390DCAF53FA2AB43',NULL,1,NULL,NULL,NULL,'col-100',NULL,NULL,NULL),
('4C8B4D1A38862D47E7FF659707D886CF','2025-03-17 15:28:05','2025-04-17 16:02:31','column','id',NULL,'D5A5880AB7D3912B8A47CB485766EE72',NULL,0,NULL,NULL,NULL,'col-100',NULL,NULL,NULL),
('4CB9F4B7B93C21DD71256BB433D3D035','2025-04-23 16:11:32','2025-04-23 16:12:30','column','nombre',NULL,'DCD31305D8ED714614818C1E7DB91353',NULL,2,NULL,NULL,NULL,'col-100',NULL,NULL,NULL),
('4E1CD6345117BC26AF051CE59D82DC38','2026-06-13 17:04:32','2026-06-13 17:04:32','column','nombre',NULL,'3BE2BB20C62E4E7791F65C84F89292C4',NULL,1,NULL,NULL,NULL,'col-100',NULL,NULL,NULL),
('4E90709FE539824CA2E350397C46C07A','2026-06-23 07:24:45','2026-06-23 07:34:48','column','dominio',NULL,'735E3E38874D597964AE1613463A97C0',NULL,1,NULL,NULL,NULL,'col-100',NULL,NULL,NULL),
('4E993908A61ABEAC9D7730C630D3A211','2025-05-15 15:23:29','2025-05-15 15:27:59','column','importe_total',NULL,'BE116E97CD8680F311009F7C6524E28A',NULL,6,NULL,NULL,NULL,'col-100',NULL,NULL,NULL),
('4F0FC086BAF794C1FA08B16D9940705A','2025-09-05 13:04:40','2025-09-22 18:44:50','view',NULL,'id_proceso','BDFCBACAFFDB41F727C5B8367381DF2C','29B204843AF1F052EF4A5D4620F17365',0,NULL,NULL,NULL,'col-100',NULL,NULL,NULL),
('4F9EA1C5ED928BD1FFA757B1408AB797','2026-06-22 18:08:16','2026-06-23 07:56:14','column','productos',NULL,'33C59B986AEA68275967B188A72850BD',NULL,5,NULL,NULL,NULL,'col-100',NULL,NULL,NULL),
('501E43B50612FD4303E6C95473CACCCE','2025-05-15 15:23:29','2025-05-15 15:23:29','column','id',NULL,'F8B77DF5B7D1EAFCDA870066697EA7BB',NULL,0,NULL,NULL,NULL,'col-100',NULL,NULL,NULL),
('51783D8E7C0E3A5EED651B29880C4758','2025-08-27 07:13:33','2025-08-27 07:13:33','column','direccion1',NULL,'629A9B1C6A884E263C24BA6D9D9384D3',NULL,6,NULL,NULL,NULL,'col-100',NULL,NULL,NULL),
('52FBE4C6EED059C0C410EE233F593D98','2025-04-24 18:48:06','2025-04-24 18:48:44','column','nombre',NULL,'8E1110C1CC66235A0309BC403950C568',NULL,2,NULL,NULL,NULL,'col-100',NULL,NULL,NULL),
('5385A33AC4B44354EC49C185E3504155','2025-04-22 13:02:31','2025-04-22 13:07:37','column','impuesto',NULL,'97C2E5E60FD570207AF62A4B663DAC40',NULL,7,NULL,NULL,NULL,'col-100',NULL,NULL,NULL),
('54F77BD4731F0247C7B6E8B580A91B58','2026-03-10 15:59:21','2026-03-10 16:44:47','column','columnas',NULL,'A19E42FE7292E986B967E09C6C391A09',NULL,4,NULL,NULL,NULL,'col-100',NULL,NULL,NULL),
('55D8A5F0FC42F0C2E73D30922D5C942E','2025-04-22 13:02:31','2025-04-22 13:14:27','column','cantidad',NULL,'23011B0CDE8AAB0C7870A80A5CCA3C4B',NULL,5,NULL,NULL,NULL,'col-33',NULL,NULL,NULL),
('5741F4FDFA137A900B49FEA1866E42E4','2026-03-27 14:12:42','2026-03-27 14:12:42','column','id_usuario',NULL,'9702FBAE41A77B08077F27F35398DC63',NULL,1,NULL,NULL,NULL,'col-100',NULL,NULL,NULL),
('58886B1352BC15A3E9A3F6D4E809A28F','2025-08-22 11:17:24','2025-08-22 11:20:21','column','pwd',NULL,'E73E6E4A2CDA530135CE5F428ABB9575',NULL,3,NULL,NULL,NULL,'col-50',NULL,NULL,NULL),
('59465B4A8D77297D51C65916B4D8C434','2025-04-21 07:16:04','2025-04-21 07:27:33','column','nombre',NULL,'AF0007B58E3F4A7103CB21B2A4840128',NULL,1,NULL,NULL,NULL,'col-50',NULL,NULL,NULL),
('59DCCC54152433FD7DE6DAF15EE8A865','2025-08-27 07:13:33','2025-08-27 07:13:33','column','codpostal',NULL,'629A9B1C6A884E263C24BA6D9D9384D3',NULL,10,NULL,NULL,NULL,'col-100',NULL,NULL,NULL),
('5B17D2B29E3D25B5591DD4505B824257','2026-06-13 17:11:41','2026-06-13 17:11:41','view',NULL,'id_numeracion','FBB5C0932AA1D2D6332403A91E10F015','E253E8226E1ADF048BA0318EEF70E9F0',0,NULL,NULL,NULL,'col-100',NULL,NULL,NULL),
('5C83B7D7DFD8B095219129B545935E6E','2025-04-22 13:02:31','2025-04-22 14:39:13','column','id_producto',NULL,'23011B0CDE8AAB0C7870A80A5CCA3C4B',NULL,3,NULL,NULL,NULL,'col-100',NULL,NULL,NULL),
('5CF0E784EE3A4A24C5A807C67F60C6E0','2025-08-22 11:15:06','2025-08-22 11:15:06','column','pwd',NULL,'A1186A13B9C7ABFF390DCAF53FA2AB43',NULL,3,NULL,NULL,NULL,'col-100',NULL,NULL,NULL),
('5D295ADDB2B018020CE9A29C3777D584','2025-05-15 15:33:01','2025-08-24 12:57:33','view',NULL,'id_pedido','4E9709167C9C543DC8D37C93B655657E','8CAC4C6F972E9FE9AA7E8AE6AC4876E5',0,NULL,NULL,NULL,'col-100','grid_lineas',NULL,NULL),
('5DAB0F04C8B02DB2428E53738278C5EF','2025-08-27 07:13:33','2025-08-27 07:13:33','column','ciudad',NULL,'629A9B1C6A884E263C24BA6D9D9384D3',NULL,8,NULL,NULL,NULL,'col-100',NULL,NULL,NULL),
('5E42AACFA5F62C63391CA8EF9A26848F','2025-04-03 18:17:18','2025-04-17 16:02:31','column','query_json',NULL,'753DE3B35B73AC82B882FD7C02D74F5B',NULL,1,NULL,NULL,NULL,'col-100',NULL,NULL,NULL),
('63733F5C6AB65A2710DDC15F6AE65724','2025-03-09 22:28:42','2025-04-17 16:02:31','column','estado',NULL,'47B5283D5C0CE3D5D7A6D5B9902B7D11',NULL,1,NULL,NULL,NULL,'col-100',NULL,NULL,NULL),
('638EB3F5DC710AE1C434E97E8D3B44D5','2025-08-27 07:13:33','2025-08-27 07:13:33','column','nombre',NULL,'E46E6B47CF9A6F671E1F886074EFE5F7',NULL,2,NULL,NULL,NULL,'col-100',NULL,NULL,NULL),
('64EFEC7F6D68EB78EE80F5E78405560B','2026-06-23 07:24:45','2026-06-23 07:26:22','column','lookup_table',NULL,'735E3E38874D597964AE1613463A97C0',NULL,10,NULL,NULL,NULL,'col-100',NULL,NULL,NULL),
('673DEC9E4AFB203C06732732E95AC30B','2026-03-20 09:22:47','2026-04-26 11:17:43','view',NULL,'id_rol','2E73599A40FDE2A80879430F0444300E','2D0E3B3772219CD8770198AB434B67D2',0,NULL,NULL,NULL,'col-100',NULL,NULL,NULL),
('6756BBB121AADBFACB97BEFB4EAC9F44','2026-06-23 07:24:45','2026-06-23 07:24:45','column','id',NULL,'6153CFCE700EED3A17F449E798F0BEFA',NULL,0,NULL,NULL,NULL,'col-100',NULL,NULL,NULL),
('675743DB96B20930B5D6FBC702D7956C','2026-06-23 07:24:45','2026-06-23 07:24:45','column','value',NULL,'6153CFCE700EED3A17F449E798F0BEFA',NULL,8,NULL,NULL,NULL,'col-100',NULL,NULL,NULL),
('68DFA7C05C55BE78E2C69154E29E1CC2','2025-03-09 20:25:23','2025-04-17 16:02:31','view',NULL,'id_entity','00F5EEC9C07FDD59CC9F9B7365AE214F','357024BE676E42FC91C4BF8D23045686',4,'Botones de comandos',NULL,NULL,'col-100',NULL,NULL,NULL),
('6AA679B15408ECB804F97EF9D6EAA10C','2026-03-10 16:02:40','2026-03-10 17:49:04','view',NULL,'app_form_areas.id_form','4E4E13CBCC75002B06EEF382389921C8','44F547C359298694C704DEE48FA6BCCB',0,NULL,NULL,NULL,'col-100',NULL,NULL,NULL),
('6B0B18A5BCBAE1D9E7E0A67284F528F1','2026-06-23 07:24:45','2026-06-23 07:32:55','column','hidden',NULL,'E552A216E6549588DE85EBE71DDDBD96',NULL,7,NULL,NULL,NULL,'col-100',NULL,NULL,NULL),
('6DCA6C89AF54D53DC28656C5E7F9CF44','2025-04-22 13:02:31','2025-04-22 13:02:31','column','Concepto',NULL,'23011B0CDE8AAB0C7870A80A5CCA3C4B',NULL,4,NULL,NULL,NULL,'col-100',NULL,NULL,NULL),
('6FA6E80EB13A90F60C11F945E2B7650E','2025-05-15 15:23:29','2026-03-25 20:46:02','column','fecha_oferta',NULL,'3CCE984864934802D8126504D1F124EC',NULL,5,NULL,NULL,NULL,'col-50',NULL,NULL,NULL),
('703B05A5D854B11C76748340C2E7663A','2025-05-15 15:23:29','2026-06-18 19:06:51','column','fecha_pedido',NULL,'F8B77DF5B7D1EAFCDA870066697EA7BB',NULL,5,NULL,NULL,NULL,'col-50',NULL,NULL,NULL),
('71939A9619C9CCC4B46A0D03322167A5','2026-06-22 18:08:16','2026-06-23 07:56:21','column','direccion',NULL,'33C59B986AEA68275967B188A72850BD',NULL,4,NULL,NULL,NULL,'col-100',NULL,NULL,NULL),
('72F06BB7C984D798AF16255FACE54960','2025-03-19 12:18:35','2025-04-17 16:02:31','column','id_entity',NULL,'D5A5880AB7D3912B8A47CB485766EE72',NULL,0,NULL,NULL,NULL,'col-100',NULL,NULL,NULL),
('73E7C1D9D46DE8658361D284A1B52217','2025-04-23 16:11:32','2025-04-23 16:12:30','column','login',NULL,'DCD31305D8ED714614818C1E7DB91353',NULL,1,NULL,NULL,NULL,'col-100',NULL,NULL,NULL),
('73FBCD2116C69EB49DF4067D4F0498D8','2025-04-24 18:48:06','2025-04-24 18:48:48','column','apellidos',NULL,'8E1110C1CC66235A0309BC403950C568',NULL,3,NULL,NULL,NULL,'col-100',NULL,NULL,NULL),
('73FE2AD191CB77E82C62EE1C18B50AB0','2025-02-12 18:06:47','2025-04-17 16:02:31','column','id',NULL,'743C0E4E92842F94926D004E952A611A',NULL,0,NULL,NULL,NULL,'col-100',NULL,NULL,NULL),
('743DDC35F006DAE6B0DC799DE840BCC3','2026-06-22 18:08:16','2026-06-23 07:09:37','column','gastos_envio',NULL,'33C59B986AEA68275967B188A72850BD',NULL,7,NULL,NULL,NULL,'col-50',NULL,NULL,NULL),
('74EC6B0B8C8247027D23ABD9AD30994B','2025-09-05 12:59:39','2025-09-05 12:59:39','column','id',NULL,'AB0ABDFDA78C901CE6A16B96341BC852',NULL,0,NULL,NULL,NULL,'col-100',NULL,NULL,NULL),
('75C944E20986001BBF27B2C0206B00FD','2026-03-26 10:35:24','2026-03-26 10:35:24','view',NULL,'id_entity','38E5C7E007C70ADA864575468370F85D','AECF0D570FE0C2A36919093F63E2C0F3',0,NULL,NULL,NULL,'col-100',NULL,NULL,NULL),
('7645CF0477048B502EA1003DCFE00F43','2026-06-23 07:24:45','2026-06-23 07:24:45','column','orden',NULL,'6153CFCE700EED3A17F449E798F0BEFA',NULL,16,NULL,NULL,NULL,'col-100',NULL,NULL,NULL),
('78048C14B0B325AED1271E7DD14AB91B','2025-04-24 18:53:26','2025-04-24 18:53:26','column','pwd',NULL,'8E1110C1CC66235A0309BC403950C568',NULL,0,NULL,NULL,NULL,'col-100',NULL,NULL,NULL),
('7804D31CFB07B8A92304353FD65C73D4','2025-04-21 07:16:04','2025-04-21 07:27:30','column','id',NULL,'AF0007B58E3F4A7103CB21B2A4840128',NULL,0,NULL,NULL,NULL,'col-100',NULL,NULL,NULL),
('780F2BFFC92D3F3956B2B309F2E40BEB','2025-03-09 22:28:42','2025-04-17 16:02:31','column','filename',NULL,'6E5F1CD88EBCFD84C10ECDC4A03DE3F7',NULL,4,NULL,NULL,NULL,'col-100',NULL,NULL,NULL),
('78451B1BB1C22AF519086E468BDD85AB','2025-03-16 15:55:13','2025-04-17 16:02:31','column','code',NULL,'A71C440A387F3533C2E93A18F6230324',NULL,5,NULL,NULL,NULL,'col-100',NULL,NULL,NULL),
('78AAD5F5A978522E9D1BD3D9AE30C747','2025-08-22 11:15:06','2025-08-22 11:15:06','column','usuario',NULL,'A1186A13B9C7ABFF390DCAF53FA2AB43',NULL,2,NULL,NULL,NULL,'col-100',NULL,NULL,NULL),
('78C3163E0C0945F5CFBAFCC0A6779EFB','2025-04-10 17:32:13','2025-04-17 16:02:31','view',NULL,'id_entity','67D7B2D5E22AC7EDBDB0FEC24A238E7A','148DCECE2002716B448E41B94C9F6413',0,'Javascript',NULL,NULL,'col-100',NULL,NULL,NULL),
('7ABECE52102AC059A138F36B4D4F35BE','2025-04-24 18:48:06','2025-04-24 18:48:50','column','email',NULL,'8E1110C1CC66235A0309BC403950C568',NULL,4,NULL,NULL,NULL,'col-100',NULL,NULL,NULL),
('7BCA60FD9C2B811063B422126E810D22','2026-06-19 12:27:14','2026-06-19 12:28:42','column','orden',NULL,'D171F5BC9CAE2360E6FCFBE3BB28CBA4',NULL,2,NULL,NULL,NULL,'col-50',NULL,NULL,NULL),
('7BE0B5399CFAE3CE3DD39E60BB6CD925','2025-08-27 07:13:33','2025-08-27 07:13:33','column','id',NULL,'629A9B1C6A884E263C24BA6D9D9384D3',NULL,1,NULL,NULL,NULL,'col-100',NULL,NULL,NULL),
('7CA02EF879E9862CB2A1A6215E7585B1','2026-06-19 12:27:14','2026-06-19 12:33:06','column','descuento',NULL,'D171F5BC9CAE2360E6FCFBE3BB28CBA4',NULL,8,NULL,NULL,NULL,'col-33',NULL,NULL,NULL),
('7CA8C2F49CA990D917AB9878DE9C25C8','2025-08-27 07:13:33','2025-08-27 07:13:33','column','region',NULL,'629A9B1C6A884E263C24BA6D9D9384D3',NULL,9,NULL,NULL,NULL,'col-100',NULL,NULL,NULL),
('7D8576ABE13AF04474DDC83D4A4705C2','2025-03-17 15:28:05','2025-04-17 16:02:31','column','nombre',NULL,'D5A5880AB7D3912B8A47CB485766EE72',NULL,1,NULL,NULL,NULL,'col-100',NULL,NULL,NULL),
('7DEBEA4B1026E845A6855ED2E6F0860A','2025-02-07 18:53:05','2025-04-17 16:02:31','column','query',NULL,'753DE3B35B73AC82B882FD7C02D74F5B',NULL,0,NULL,NULL,NULL,'col-100',NULL,NULL,NULL),
('7EF09AF8EA35F0D6DDD2E31067834E60','2026-03-25 15:44:54','2026-03-25 15:44:54','column','titulo',NULL,'198629C3F580BE032545B72FE3FA3383',NULL,1,NULL,NULL,NULL,'col-100',NULL,NULL,NULL),
('80330E409AFC6CC4B4F149261EA5094A','2025-03-09 19:19:29','2025-04-17 16:02:31','column','singular_name',NULL,'8A8A8669BA755EA68E406BFA966E6C69',NULL,3,NULL,NULL,NULL,'col-100',NULL,NULL,NULL),
('81161ACE0D78B74BB217F35E7E690ADD','2026-06-19 12:27:14','2026-06-19 12:31:55','column','total_impuestos',NULL,'861EA97A5A6D2699AE7E09F8C21E9425',NULL,10,NULL,NULL,NULL,'col-100',NULL,NULL,NULL),
('8196E1D1415083DA1238275073D9EEF6','2025-05-15 15:23:29','2025-05-15 15:36:15','column','estado',NULL,'3CCE984864934802D8126504D1F124EC',NULL,2,NULL,NULL,NULL,'col-50',NULL,NULL,NULL),
('8359F7C67AC2E68EB63770C7D84A35FD','2026-03-20 09:14:17','2026-03-20 09:14:17','column','id_usuario',NULL,'9D62FBDD595B6337DDF6BF1937466FB0',NULL,1,NULL,NULL,NULL,'col-100',NULL,NULL,NULL),
('84FEE27D147DEB1312C26EB376357E86','2026-03-10 15:59:21','2026-03-10 16:22:29','column','tipo',NULL,'38316B53C0C4CF0627A950593678FD8E',NULL,2,NULL,NULL,NULL,'col-50',NULL,NULL,NULL),
('8877E86ED6592F7049F3CC923FB235AE','2025-04-23 16:11:32','2025-04-23 16:12:30','column','apellidos',NULL,'DCD31305D8ED714614818C1E7DB91353',NULL,3,NULL,NULL,NULL,'col-100',NULL,NULL,NULL),
('889DEB70E2FF6D1AFAB28993A654A148','2025-08-22 11:17:24','2025-08-22 11:20:13','column','usuario',NULL,'E73E6E4A2CDA530135CE5F428ABB9575',NULL,2,NULL,NULL,NULL,'col-50',NULL,NULL,NULL),
('894C6D698911685DE5A78A3A112BE174','2025-04-22 13:02:31','2025-04-22 13:14:40','column','descuento',NULL,'23011B0CDE8AAB0C7870A80A5CCA3C4B',NULL,6,NULL,NULL,NULL,'col-33',NULL,NULL,NULL),
('8CED9D7E5B2193DD99C16417FB48FBD9','2025-04-22 13:02:31','2025-04-22 13:14:34','column','precio',NULL,'23011B0CDE8AAB0C7870A80A5CCA3C4B',NULL,5,NULL,NULL,NULL,'col-33',NULL,NULL,NULL),
('8EFF50D346D837F473B8B49D5E1F8E77','2025-04-22 13:02:31','2025-04-22 13:02:31','column','id',NULL,'23011B0CDE8AAB0C7870A80A5CCA3C4B',NULL,0,NULL,NULL,NULL,'col-100',NULL,NULL,NULL),
('8F073C9C511A308C5DF60DABEF89C070','2025-05-15 15:23:29','2025-05-15 15:27:59','column','importe_total',NULL,'3EB0BB7D782480CEB7368FF4B61CD7B0',NULL,6,NULL,NULL,NULL,'col-100',NULL,NULL,NULL),
('922C9631B57E2F7A9E2B45FEE5480654','2025-05-15 15:33:01','2025-06-02 07:28:52','view',NULL,'id_oferta','B025294746427F4AE90AE99579799523','FDF338372EC2150FE735B5AF9B7D3C25',0,NULL,NULL,NULL,'col-100','grid_lineas',NULL,NULL),
('925CAEC0E8332F75E727A991922484D7','2026-06-19 12:27:14','2026-06-19 12:27:14','column','id_producto',NULL,'D171F5BC9CAE2360E6FCFBE3BB28CBA4',NULL,3,NULL,NULL,NULL,'col-100',NULL,NULL,NULL),
('9275790C78BC7017B69E7AB28EE398C7','2025-03-09 19:34:47','2025-04-17 16:02:31','view',NULL,'id_entity','14020683A56A4A49D4E633D37E3A7590','4F68FF9F06CB53B80F834E1E51173FE9',3,'Plugins',NULL,NULL,'col-100',NULL,NULL,NULL),
('927D177CE407906BD42C61CFBBF4CC4C','2025-04-16 15:06:03','2025-04-17 16:02:31','column','id_proyecto',NULL,'5B31E61FBB94580A0216A8FC60CCCDC4',NULL,1,NULL,NULL,NULL,'col-100',NULL,NULL,NULL),
('930262BC1588FA1F44CD7AEDECE7EFD2','2025-02-12 18:19:51','2025-04-17 16:02:31','view',NULL,'id_proyecto','6D7AB63BD7B0C58367744AF926400BC5','653E9192D223DCA51522F18603921514',1,NULL,NULL,NULL,'col-100',NULL,NULL,NULL),
('9451FE31DDFF40826CAF18BAECC9073A','2026-06-19 12:27:14','2026-06-19 12:31:12','column','total_neto',NULL,'861EA97A5A6D2699AE7E09F8C21E9425',NULL,9,NULL,NULL,NULL,'col-100',NULL,NULL,NULL),
('95E61C0ACBF99A14CE6B3E1C01EA945D','2025-03-09 22:28:42','2025-04-17 16:02:31','column','tipo_plugin',NULL,'47B5283D5C0CE3D5D7A6D5B9902B7D11',NULL,3,NULL,NULL,NULL,'col-100',NULL,NULL,NULL),
('96DABE99373AE9ADD4FB4C09E6CDF6BE','2025-03-09 19:19:29','2025-04-17 16:02:31','column','plural_name',NULL,'8A8A8669BA755EA68E406BFA966E6C69',NULL,4,NULL,NULL,NULL,'col-100',NULL,NULL,NULL),
('97CB451355845519C882F53786B70455','2025-04-16 15:06:03','2025-04-17 16:02:31','column','nombre',NULL,'5B31E61FBB94580A0216A8FC60CCCDC4',NULL,4,NULL,NULL,NULL,'col-100',NULL,NULL,NULL),
('9A6D9F771BCEA44DAA5AD565764C666C','2025-03-16 15:55:13','2025-04-17 16:02:31','column','id_entity',NULL,'B7B6CD8CC7CAB3149F89BBDF4DF1184E',NULL,2,NULL,NULL,NULL,'col-100',NULL,NULL,NULL),
('9E33DA0AB2860614A2CD4489D497667A','2025-04-23 16:11:32','2025-04-23 16:12:30','column','foto',NULL,'DCD31305D8ED714614818C1E7DB91353',NULL,5,NULL,NULL,NULL,'col-100',NULL,NULL,NULL),
('9ED11A3533596DB0F5069E3221E738B9','2026-06-23 07:24:45','2026-06-23 07:24:45','column','id_entity',NULL,'6153CFCE700EED3A17F449E798F0BEFA',NULL,1,NULL,NULL,NULL,'col-100',NULL,NULL,NULL),
('A03393E9810D595BBB1B0ACEAA544C08','2025-05-15 15:23:29','2025-05-15 15:26:39','column','total_neto',NULL,'3EB0BB7D782480CEB7368FF4B61CD7B0',NULL,3,NULL,NULL,NULL,'col-100',NULL,NULL,NULL),
('A0603A8330F17BCF7548003B53C20113','2025-04-16 18:50:04','2026-03-24 11:17:25','column','code',NULL,'1711556FB7406999C5EF9E62F3080879',NULL,4,NULL,NULL,NULL,'col-50',NULL,NULL,NULL),
('A0C03F49193930B54232BB00BE97DDC9','2025-08-27 07:13:33','2025-08-27 07:13:33','column','direccion2',NULL,'E46E6B47CF9A6F671E1F886074EFE5F7',NULL,6,NULL,NULL,NULL,'col-100',NULL,NULL,NULL),
('A0D23E626E28A5586601D9648E31CFC0','2025-08-26 12:06:08','2025-08-26 12:06:28','column','orden',NULL,'BE842878675192696A6AC1741569B167',NULL,6,NULL,NULL,NULL,'col-100',NULL,NULL,NULL),
('A131F1D2DF1984896590C4B76451F8E1','2025-08-27 07:13:33','2025-08-27 07:13:33','column','ciudad',NULL,'E46E6B47CF9A6F671E1F886074EFE5F7',NULL,8,NULL,NULL,NULL,'col-100',NULL,NULL,NULL),
('A1BFAF69B94D6AA690E380DEFF954155','2025-04-22 13:02:31','2025-04-22 13:15:28','column','orden',NULL,'23011B0CDE8AAB0C7870A80A5CCA3C4B',NULL,2,NULL,NULL,NULL,'col-50',NULL,NULL,NULL),
('A2B596491AF0651444E689D4142DE3C7','2026-06-23 07:24:45','2026-06-23 07:33:07','column','disabled',NULL,'E552A216E6549588DE85EBE71DDDBD96',NULL,9,NULL,NULL,NULL,'col-100',NULL,NULL,NULL),
('A40E9EDD6EDCF6C3E4283B01B46E1622','2026-03-27 14:12:42','2026-03-27 14:12:42','column','id',NULL,'9702FBAE41A77B08077F27F35398DC63',NULL,0,NULL,NULL,NULL,'col-100',NULL,NULL,NULL),
('A4792E900C310B6258F31085AAFF8AB5','2025-03-09 19:22:10','2025-04-17 16:02:31','view',NULL,'id_entity','70E30EC1C0D1EE43E05F57DFAEDF75D4','6E0DE2C24435B4E1127DD90403411C2B',20,'Columnas',NULL,NULL,'col-100',NULL,NULL,NULL),
('A483810B2AC3E81D6480F1783F249936','2025-04-16 18:50:04','2025-04-17 16:02:31','column','id',NULL,'1711556FB7406999C5EF9E62F3080879',NULL,0,NULL,NULL,NULL,'col-100',NULL,NULL,NULL),
('A7782E1B5B88F8A67B55A05337859041','2025-04-22 13:02:31','2025-04-22 13:07:49','column','total_neto',NULL,'97C2E5E60FD570207AF62A4B663DAC40',NULL,8,NULL,NULL,NULL,'col-100',NULL,NULL,NULL),
('A7DA24D2CED8326F171453C11427788D','2025-04-14 14:55:54','2025-04-17 16:02:31','column','icon',NULL,'BE842878675192696A6AC1741569B167',NULL,3,NULL,NULL,NULL,'col-100',NULL,NULL,NULL),
('A8E48F966ECB396352EA49EEE5551B97','2025-03-16 19:27:30','2025-04-17 16:02:31','column','type',NULL,'2A7B1EDC7D57E231AB6EDB40B5192E4D',NULL,2,NULL,NULL,NULL,'col-100',NULL,NULL,NULL),
('AC06B75A3509BFC18EB9E4CD04A989BF','2025-04-16 15:06:03','2026-03-16 15:00:39','column','orden',NULL,'635CA7CD4C2DBBD043D317A2E988CBDC',NULL,3,NULL,NULL,NULL,'col-100',NULL,NULL,NULL),
('AD11DE28E6AD30DF19C664DB4607C693','2025-04-16 18:50:04','2026-03-24 11:17:25','column','ancho',NULL,'1711556FB7406999C5EF9E62F3080879',NULL,10,NULL,NULL,NULL,'col-33',NULL,NULL,NULL),
('AE466E11B980B0916CFF8F84F8F8A5B7','2026-03-23 15:46:45','2026-03-23 15:48:00','column','almacenado',NULL,'E73E6E4A2CDA530135CE5F428ABB9575',NULL,5,NULL,NULL,NULL,'col-100',NULL,NULL,NULL),
('B04FD65B877795642B89D036FD21CF42','2026-03-16 14:57:59','2026-04-26 10:53:02','column','descripcion',NULL,'01651B4E5A0E587144F34C242C2F71EC',NULL,5,NULL,NULL,NULL,'col-100',NULL,NULL,NULL),
('B08C805EC33F66E94D8AA7B99D074D1E','2025-04-16 18:50:04','2025-04-17 16:02:31','column','descripcion',NULL,'0B7D1D366A32383ADD55DF419EEB528C',NULL,8,NULL,NULL,NULL,'col-100',NULL,NULL,NULL),
('B150FE2DEF7815633E9CC01EF5244EAD','2025-03-19 12:15:27','2025-04-17 16:02:31','column','resultado',NULL,'9B91232CD1EF6ECFEFDC22AF7AB0FB64',NULL,3,NULL,NULL,NULL,'col-100',NULL,NULL,NULL),
('B565E1F603C3C7A2DE32B6EEB323412A','2026-03-10 16:14:44','2026-03-10 16:14:44','view',NULL,'id_form','A91C29904CB08E04EF2F30C599C67606','379F47B2044F50AE351AB27EE9167EEC',0,NULL,NULL,NULL,'col-100',NULL,NULL,NULL),
('B5A41A44FB2B1EE567AE3810E0F7BBA7','2025-04-23 16:11:32','2025-04-23 16:12:30','column','id',NULL,'DCD31305D8ED714614818C1E7DB91353',NULL,0,NULL,NULL,NULL,'col-100',NULL,NULL,NULL),
('B67EB2D10C39AB3CD73B7A9F885C2D14','2025-08-27 07:13:33','2025-08-27 07:13:33','column','id',NULL,'E46E6B47CF9A6F671E1F886074EFE5F7',NULL,1,NULL,NULL,NULL,'col-100',NULL,NULL,NULL),
('B713BD161D3DCF08140EC1B9C9253BF7','2025-03-09 19:19:29','2025-04-17 16:02:31','column','id_module',NULL,'BE842878675192696A6AC1741569B167',NULL,1,NULL,NULL,NULL,'col-100',NULL,NULL,NULL),
('B7355FCEF49D4E4363AD6344E749B99C','2025-04-23 16:11:32','2025-04-23 16:12:30','column','email',NULL,'DCD31305D8ED714614818C1E7DB91353',NULL,4,NULL,NULL,NULL,'col-100',NULL,NULL,NULL),
('B786B5B77764F9EE8C965B19103EB565','2025-04-21 07:24:53','2025-04-21 07:24:53','view',NULL,'id_dominio','AF0007B58E3F4A7103CB21B2A4840128','3A7DE775B39D4607C760952C33B92AC1',2,NULL,NULL,NULL,'col-100',NULL,NULL,NULL),
('B8AFACA8232B8E4FD3ADCA280581B4F4','2026-06-19 12:27:14','2026-06-19 12:32:47','column','cantidad',NULL,'D171F5BC9CAE2360E6FCFBE3BB28CBA4',NULL,6,NULL,NULL,NULL,'col-33',NULL,NULL,NULL),
('B99B2027981B3C00A24BB0E6937F878F','2026-06-19 12:27:14','2026-06-19 12:27:14','column','Concepto',NULL,'D171F5BC9CAE2360E6FCFBE3BB28CBA4',NULL,4,NULL,NULL,NULL,'col-100',NULL,NULL,NULL),
('BEAD67D5A9A4A8BE87792E6235078B69','2026-06-19 12:27:14','2026-06-19 12:30:53','column','impuesto',NULL,'861EA97A5A6D2699AE7E09F8C21E9425',NULL,8,NULL,NULL,NULL,'col-100',NULL,NULL,NULL),
('BF5CB218208305C73DDC8FB7B036480A','2025-03-09 22:28:42','2025-04-17 16:02:31','column','id',NULL,'6E5F1CD88EBCFD84C10ECDC4A03DE3F7',NULL,0,NULL,NULL,NULL,'col-100',NULL,NULL,NULL),
('BFD919EF10BC89A1CFB4542AAA6BED3A','2025-03-09 19:19:29','2025-04-17 16:02:31','column','id',NULL,'8A8A8669BA755EA68E406BFA966E6C69',NULL,0,NULL,NULL,NULL,'col-100',NULL,NULL,NULL),
('C1B02B898186E1EA202B90BB00748E5B','2025-03-09 22:28:42','2025-04-17 16:02:31','column','id',NULL,'73A8FFAD3DE8740E3903C4EB65805EBA',NULL,0,NULL,NULL,NULL,'col-100',NULL,NULL,NULL),
('C2F02FBC3C0AF82E43FE6E514D86AAB6','2026-03-10 15:59:21','2026-03-10 16:43:39','column','id_entity',NULL,'38316B53C0C4CF0627A950593678FD8E',NULL,1,NULL,NULL,NULL,'col-50',NULL,NULL,NULL),
('C4D7506B066B5B31E496C6D456285CD8','2026-06-23 07:24:45','2026-06-23 07:26:40','column','lookup_column',NULL,'735E3E38874D597964AE1613463A97C0',NULL,11,NULL,NULL,NULL,'col-100',NULL,NULL,NULL),
('C505050DFDB06EB69F10CA4AD50B8B64','2025-03-19 12:08:54','2025-04-17 16:02:31','column','id',NULL,'9B91232CD1EF6ECFEFDC22AF7AB0FB64',NULL,0,NULL,NULL,NULL,'col-100',NULL,NULL,NULL),
('C512BA49AE5FDB29BBAA24C64156A8F0','2025-04-16 18:50:04','2026-03-24 11:17:25','column','alto',NULL,'1711556FB7406999C5EF9E62F3080879',NULL,11,NULL,NULL,NULL,'col-33',NULL,NULL,NULL),
('C519D61A2D0930553A050DB55D770EDB','2025-03-09 22:28:42','2025-04-17 16:02:31','column','id_entity',NULL,'6E5F1CD88EBCFD84C10ECDC4A03DE3F7',NULL,2,NULL,NULL,NULL,'col-100',NULL,NULL,NULL),
('C5C570487D3B326040ACA828E564095A','2025-05-15 15:23:29','2026-06-18 19:06:43','column','id_oferta',NULL,'F8B77DF5B7D1EAFCDA870066697EA7BB',NULL,4,NULL,NULL,NULL,'col-100',NULL,NULL,NULL),
('C79AAF80B79ED53AC8816E066451C923','2025-05-15 15:23:29','2025-05-15 15:23:29','column','id',NULL,'3CCE984864934802D8126504D1F124EC',NULL,0,NULL,NULL,NULL,'col-100',NULL,NULL,NULL),
('C8B837BC616464F4077CB0019C4782D5','2025-04-16 18:50:04','2026-03-24 11:17:25','column','tipo_producto',NULL,'1711556FB7406999C5EF9E62F3080879',NULL,2,NULL,NULL,NULL,'col-100',NULL,NULL,NULL),
('CEE20471AE64BD6739B351D440E79C2B','2025-02-07 18:50:52','2025-04-17 16:02:31','column','id',NULL,'1ED436397DE15F37E77586B00F4F079F',NULL,0,NULL,NULL,NULL,'col-100',NULL,NULL,NULL),
('D048E934279811D4641E8F92A0B54CF9','2026-03-10 15:59:21','2026-03-10 16:44:52','column','filas',NULL,'A19E42FE7292E986B967E09C6C391A09',NULL,5,NULL,NULL,NULL,'col-100',NULL,NULL,NULL),
('D07916A4FF7F8DEB5A4E6EC2ACB960A6','2026-03-25 15:44:54','2026-03-25 15:44:54','column','contenido',NULL,'198629C3F580BE032545B72FE3FA3383',NULL,2,NULL,NULL,NULL,'col-100',NULL,NULL,NULL),
('D0F4EDE10945473B75C42CE742178ABD','2025-03-19 12:08:54','2025-04-17 16:02:31','column','query',NULL,'9B91232CD1EF6ECFEFDC22AF7AB0FB64',NULL,4,NULL,NULL,NULL,'col-100',NULL,NULL,NULL),
('D286A1CBE535744BF875FCE1C763E082','2025-08-27 07:13:33','2025-08-27 07:13:33','column','nif',NULL,'629A9B1C6A884E263C24BA6D9D9384D3',NULL,4,NULL,NULL,NULL,'col-100',NULL,NULL,NULL),
('D3E78C37126CB2B0F5E84A116163AC0C','2025-03-10 18:10:15','2025-04-17 16:02:31','column','nombre',NULL,'B71CC519A8B9D7155E1B08DBA5D4681A',NULL,1,NULL,NULL,NULL,'col-100',NULL,NULL,NULL),
('D54999A811033FD605D7591BE912B77F','2026-06-22 18:08:16','2026-06-23 07:05:38','column','id',NULL,'33C59B986AEA68275967B188A72850BD',NULL,0,NULL,NULL,NULL,'col-100',NULL,NULL,NULL),
('D72FBA049A8CD99FB8B146DD2EE70DA0','2025-04-16 18:50:04','2026-03-24 11:17:25','column','id_impuesto',NULL,'1711556FB7406999C5EF9E62F3080879',NULL,8,NULL,NULL,NULL,'col-100',NULL,NULL,NULL),
('D907FC0BCEEE5B84EC8A543180C38A6A','2026-06-13 17:04:32','2026-06-13 17:06:44','column','anual',NULL,'3BE2BB20C62E4E7791F65C84F89292C4',NULL,3,NULL,NULL,NULL,'col-100',NULL,NULL,NULL),
('D98993F7DDEA19B28E76EF76E707E4A7','2025-05-15 15:23:29','2026-06-18 19:06:57','column','fecha_prevista_entrega',NULL,'F8B77DF5B7D1EAFCDA870066697EA7BB',NULL,5,NULL,NULL,NULL,'col-50',NULL,NULL,NULL),
('D9E8089AEB9CA359432C80F489B36B7D','2025-08-27 07:13:33','2025-08-27 07:13:33','column','nif',NULL,'E46E6B47CF9A6F671E1F886074EFE5F7',NULL,4,NULL,NULL,NULL,'col-100',NULL,NULL,NULL),
('DA91A9D98555CF4307448DD42CA9E3C9','2026-06-23 07:24:45','2026-06-23 07:24:45','column','dbcolumn',NULL,'6153CFCE700EED3A17F449E798F0BEFA',NULL,3,NULL,NULL,NULL,'col-100',NULL,NULL,NULL),
('DC4F2FC2A76520E2C3BBC6EC2957DE30','2025-08-22 11:17:24','2025-08-22 11:17:24','column','nombre',NULL,'E73E6E4A2CDA530135CE5F428ABB9575',NULL,1,NULL,NULL,NULL,'col-100',NULL,NULL,NULL),
('DDDE415B9F731F9C3AE3540EEA86CC59','2025-05-15 15:23:29','2025-05-15 15:26:39','column','total_neto',NULL,'BE116E97CD8680F311009F7C6524E28A',NULL,3,NULL,NULL,NULL,'col-100',NULL,NULL,NULL),
('DE61387C3A2927473ECA3CA3DE8A43EB','2026-03-23 19:42:03','2026-03-23 19:42:03','column','logo',NULL,'F3DF855871A896C536F7D3C48016A65B',NULL,0,NULL,NULL,NULL,'col-100',NULL,NULL,NULL),
('E06BE11AB2B5C374269BB719C91296CE','2025-04-16 18:50:04','2026-03-24 11:17:25','column','coste',NULL,'1711556FB7406999C5EF9E62F3080879',NULL,7,NULL,NULL,NULL,'col-50',NULL,NULL,NULL),
('E16AC8AF12051346B5442313ECC736E6','2025-04-13 11:09:21','2025-04-17 16:02:31','custom',NULL,NULL,'743C0E4E92842F94926D004E952A611A',NULL,0,'dato custom',NULL,'resumen','col-100',NULL,NULL,NULL),
('E435E158157FD17B505EC0972A43844C','2025-03-09 22:28:42','2025-04-17 16:02:31','column','tipo_plugin',NULL,'79C8F54C5FE8595BD9E3D5DFCB7F67BB',NULL,3,NULL,NULL,NULL,'col-100',NULL,NULL,NULL),
('E50ECB0CE588BA11A56D6690443033C2','2025-03-09 19:19:29','2025-04-17 16:02:31','column','entity',NULL,'8A8A8669BA755EA68E406BFA966E6C69',NULL,2,NULL,NULL,NULL,'col-100',NULL,NULL,NULL),
('E5BC2A8DABCB0373382E6FC20332A942','2025-05-15 15:23:29','2025-05-15 15:26:51','column','total_impuestos',NULL,'3EB0BB7D782480CEB7368FF4B61CD7B0',NULL,5,NULL,NULL,NULL,'col-100',NULL,NULL,NULL),
('E5EACF8125F440BFB30FA95D535D95DD','2026-06-23 07:24:45','2026-06-23 07:27:05','column','lookup_description',NULL,'735E3E38874D597964AE1613463A97C0',NULL,12,NULL,NULL,NULL,'col-100',NULL,NULL,NULL),
('E617A41734BCC0E6E5BB9DF8F3E8DF1C','2025-03-09 19:19:29','2025-04-17 16:02:31','column','campo_principal',NULL,'8A8A8669BA755EA68E406BFA966E6C69',NULL,5,NULL,NULL,NULL,'col-100',NULL,NULL,NULL),
('E7C58EE779DFC89F63B200C194C5BA31','2025-03-09 19:19:29','2025-04-17 16:02:31','column','descripcion',NULL,'8A8A8669BA755EA68E406BFA966E6C69',NULL,6,NULL,NULL,NULL,'col-100',NULL,NULL,NULL),
('E8A2500AD0D9112446BA15241B812571','2025-03-09 22:28:42','2025-04-17 16:02:31','column','filename',NULL,'73A8FFAD3DE8740E3903C4EB65805EBA',NULL,4,NULL,NULL,NULL,'col-100',NULL,NULL,NULL),
('E8D92CBE6320B3A7A9E76A8605DC661E','2025-03-16 15:55:13','2025-04-17 16:02:31','column','id',NULL,'B7B6CD8CC7CAB3149F89BBDF4DF1184E',NULL,0,NULL,NULL,NULL,'col-100',NULL,NULL,NULL),
('E8ED346604F78DDCCF38BA588563D7C6','2025-03-16 15:55:13','2025-04-17 16:02:31','column','estado',NULL,'2A7B1EDC7D57E231AB6EDB40B5192E4D',NULL,1,NULL,NULL,NULL,'col-100',NULL,NULL,NULL),
('E99BB1F3F0C3CD8BF1750434019DE8FC','2026-06-23 07:24:45','2026-06-23 07:24:45','column','label',NULL,'6153CFCE700EED3A17F449E798F0BEFA',NULL,2,NULL,NULL,NULL,'col-100',NULL,NULL,NULL),
('EB686EEA612F3EBEE436D54362F6984B','2025-05-15 15:23:29','2025-05-15 15:33:14','column','notas',NULL,'4E9709167C9C543DC8D37C93B655657E',NULL,1,NULL,NULL,NULL,'col-100',NULL,NULL,NULL),
('EC95E69293B709D6685D2C982E6DC7F9','2025-03-09 22:28:42','2025-04-17 16:02:31','column','code',NULL,'9AB3B2873A5CE5864A5D2C38438C3310',NULL,5,NULL,NULL,NULL,'col-100',NULL,NULL,NULL),
('EF2AB0B76C0342803972AD1C8FBE56FA','2026-06-19 12:27:14','2026-06-19 12:33:06','column','precio',NULL,'D171F5BC9CAE2360E6FCFBE3BB28CBA4',NULL,7,NULL,NULL,NULL,'col-33',NULL,NULL,NULL),
('F1839A8E68A285E37DD869FE43519D56','2026-03-25 15:44:54','2026-03-25 15:44:54','column','id',NULL,'198629C3F580BE032545B72FE3FA3383',NULL,0,NULL,NULL,NULL,'col-100',NULL,NULL,NULL),
('F1AEC8E6629BBD7E73C3338BEAB58BC1','2026-06-23 07:24:45','2026-06-23 07:24:45','column','max',NULL,'6153CFCE700EED3A17F449E798F0BEFA',NULL,5,NULL,NULL,NULL,'col-100',NULL,NULL,NULL),
('F1E18B33875AD92394E9595783C30C78','2026-03-29 19:36:14','2026-03-29 19:36:14','column','id_empresa',NULL,'3EB0BB7D782480CEB7368FF4B61CD7B0',NULL,0,NULL,NULL,NULL,'col-100',NULL,NULL,NULL),
('F2FFAF7D98D90EA89EFAF24A2936764C','2025-03-19 12:12:03','2025-04-17 16:02:31','column','id_template',NULL,'9B91232CD1EF6ECFEFDC22AF7AB0FB64',NULL,2,NULL,NULL,NULL,'col-100',NULL,NULL,NULL),
('F519D8F6B3AAAA581EABAE32BBF3021A','2025-09-05 12:59:39','2025-09-05 13:00:37','column','nombre',NULL,'AB0ABDFDA78C901CE6A16B96341BC852',NULL,2,NULL,NULL,NULL,'col-100',NULL,NULL,NULL),
('F7D4DFC4E87F9BB6C072F427E2C51F67','2025-08-22 11:15:06','2025-08-22 11:15:06','column','id',NULL,'A1186A13B9C7ABFF390DCAF53FA2AB43',NULL,0,NULL,NULL,NULL,'col-100',NULL,NULL,NULL),
('F87EF5DD540DDF6698CFD230A70DA22A','2025-05-15 15:23:29','2025-05-15 15:35:57','column','id_cuenta',NULL,'F8B77DF5B7D1EAFCDA870066697EA7BB',NULL,3,NULL,NULL,NULL,'col-100',NULL,NULL,NULL),
('F8DEDDEAD6C34017A1B20DF3DE454BCB','2025-08-27 07:13:33','2025-08-27 07:13:33','column','telefono',NULL,'629A9B1C6A884E263C24BA6D9D9384D3',NULL,5,NULL,NULL,NULL,'col-100',NULL,NULL,NULL),
('F92E1ABAAF0EDD0807F348F92E3A1B61','2025-03-19 12:08:54','2025-04-17 16:02:31','column','nombre',NULL,'9B91232CD1EF6ECFEFDC22AF7AB0FB64',NULL,1,NULL,NULL,NULL,'col-100',NULL,NULL,NULL),
('F938864006CD23A185A22877C7C14213','2025-03-10 18:10:15','2025-04-17 16:02:31','column','id',NULL,'B71CC519A8B9D7155E1B08DBA5D4681A',NULL,0,NULL,NULL,NULL,'col-100',NULL,NULL,NULL),
('F95403F3C7F3E966F45B94AA1F0FB2CD','2025-08-27 07:13:33','2025-08-27 07:13:33','column','region',NULL,'E46E6B47CF9A6F671E1F886074EFE5F7',NULL,9,NULL,NULL,NULL,'col-100',NULL,NULL,NULL),
('FA287A773D04C98560AF291C552B0923','2025-03-09 19:31:52','2025-04-17 16:02:31','view',NULL,'id_entity','3C41BAB8AEF90F2BF9E0E941C068A16C','4E7EF3F07588BD26A7772A18D05F9264',0,'Vistas',NULL,NULL,'col-100',NULL,NULL,NULL),
('FA50FAE43A2AEF62E87254B4E5ACF590','2026-06-23 07:55:53','2026-06-23 07:56:32','column','cif',NULL,'33C59B986AEA68275967B188A72850BD',NULL,2,NULL,NULL,NULL,'col-100',NULL,NULL,NULL),
('FC4FDC8A5B4EB40A65AAF07A30718242','2025-03-10 18:10:15','2025-04-17 16:02:31','column','is_admin',NULL,'B71CC519A8B9D7155E1B08DBA5D4681A',NULL,2,NULL,NULL,NULL,'col-100',NULL,NULL,NULL),
('FC5220FDC84D99EB4802F816AEBC331D','2026-06-23 07:24:45','2026-06-23 07:34:28','column','user_control',NULL,'735E3E38874D597964AE1613463A97C0',NULL,0,NULL,NULL,NULL,'col-100',NULL,NULL,NULL),
('FD71B18870F11FD29A7ACE107EED1EBD','2025-05-15 15:23:29','2025-05-15 15:26:51','column','total_impuestos',NULL,'BE116E97CD8680F311009F7C6524E28A',NULL,5,NULL,NULL,NULL,'col-100',NULL,NULL,NULL),
('FEB615723B121DC9EE18520A3A99842A','2025-02-07 18:50:52','2025-04-17 16:02:31','column','es_notificacion',NULL,'B70A1BBA5B1592A74E4CE0DEA7AF97CA',NULL,1,NULL,NULL,NULL,'col-100',NULL,NULL,NULL),
('FECB0485455698B823EBB5E3034757CE','2026-03-20 09:14:17','2026-03-20 09:14:17','column','id_rol',NULL,'9D62FBDD595B6337DDF6BF1937466FB0',NULL,2,NULL,NULL,NULL,'col-100',NULL,NULL,NULL),
('FF4A6D35454A84DF70DA86AACB690702','2025-09-05 12:59:39','2025-09-22 18:28:36','column','status',NULL,'EB992AF0D14C2C32531BB339C78B3D75',NULL,4,NULL,NULL,NULL,'col-100',NULL,NULL,NULL),
('FF9F3564092F608702CE692EA40EE9D7','2025-03-10 18:10:15','2025-04-17 16:02:31','column','description',NULL,'B71CC519A8B9D7155E1B08DBA5D4681A',NULL,3,NULL,NULL,NULL,'col-100',NULL,NULL,NULL),
('FFB581EB5EB7EBF0AF85A91C5A2A5F33','2025-09-01 18:25:18','2025-09-01 18:36:57','column','terminadas',NULL,'743C0E4E92842F94926D004E952A611A',NULL,4,NULL,NULL,NULL,'col-33',NULL,NULL,NULL);
/*!40000 ALTER TABLE `app_user_controls` ENABLE KEYS */;
UNLOCK TABLES;

--
-- Table structure for table `app_views`
--

DROP TABLE IF EXISTS `app_views`;
/*!40101 SET @saved_cs_client     = @@character_set_client */;
/*!40101 SET character_set_client = utf8mb4 */;
CREATE TABLE `app_views` (
  `id` char(32) NOT NULL,
  `name` varchar(255) NOT NULL,
  `query` text DEFAULT NULL,
  `order_by` varchar(255) NOT NULL,
  `search_fields` varchar(255) NOT NULL,
  `id_entity` char(32) DEFAULT NULL,
  `tipo` varchar(50) DEFAULT NULL,
  `up_down_field` varchar(50) DEFAULT NULL,
  `image_fields` varchar(100) DEFAULT NULL,
  `inicial` int(11) DEFAULT NULL,
  PRIMARY KEY (`id`),
  KEY `FK_views_entity` (`id_entity`),
  CONSTRAINT `FK_views_entity` FOREIGN KEY (`id_entity`) REFERENCES `app_entities` (`id`) ON DELETE CASCADE
) ENGINE=InnoDB DEFAULT CHARSET=utf8mb3 COLLATE=utf8mb3_general_ci;
/*!40101 SET character_set_client = @saved_cs_client */;

--
-- Dumping data for table `app_views`
--

LOCK TABLES `app_views` WRITE;
/*!40000 ALTER TABLE `app_views` DISABLE KEYS */;
INSERT INTO `app_views` VALUES
('01B7C4F8868631DC04AACB80FCAEC48B','Dominios','Select id, nombre from app_dominios','Nombre','Nombre','3CF1E2021536FE5F6A1E975A2CEEDA01','public',NULL,NULL,NULL),
('02C95578BA767AC90EC031E20352E23E','Todas las gráficas','select a.id, e.entity, a.name, a.query, a.order_by, data_field, label_field from app_graphics a left join app_entities e on a.id_entity = e.id','1','a.name, e.entity','A68EEE98E6B4784D4DFFC8BD9102F849','public',NULL,NULL,NULL),
('0FEE0E3076E53E7BFEB2DE474F964247','Busqueda de Controles Formulario','select id, dbcolumn from app_user_controls','dbcolumn','dbcolumn','801702C306589191B3D37121137E9449','lookup',NULL,NULL,NULL),
('12EA263AF19B4D51A959E44419923832','Busqueda de Ofertas de Venta','Select o.id, o.codigo, c.nombre,o.titulo, o.total_neto, o.total_impuestos, o.importe_total from ventas_ofertas as o \r\nLEFT JOIN ventas_cuentas as c on o.id_cuenta = c.id','o.codigo','o.codigo, c.nombre, o.titulo','490484A9474D03AB69738B7FC05D057C','lookup',NULL,NULL,NULL),
('1411FA781F92402E1CCBA39E59F102E6','Busqueda de Columnas','select id, label from app_entity_columns','label','label','BA0C16DF30A8A623EE49338EDBEFAB38','lookup',NULL,NULL,NULL),
('148DCECE2002716B448E41B94C9F6413','Todos los Scripts','select s.id, s.filename, s.type, op.color as Estado from app_scripts s\r\nleft join app_optionsets op on s.estado = op.codigo and op.dominio = \'ESTADOS\'','filename','filename','A9BC1252645E7B10B92A1C75E8D6E4EF','public',NULL,NULL,NULL),
('1499C6B48BF03EE27798C87A0DB98954','Entidades','select e.id, e.entity, e.plural_name, m.module, tipo_entidad, e.orden \r\nfrom app_entities e\r\nleft join app_modules m on e.id_module =m.id\r\n\r\n','orden','e.entity, e.plural_name','8A7584A9F47A9E6BD168FE208A4CBA9D','public','orden',NULL,NULL),
('177C15E0DCC04D3407247D6011E87E03','Busqueda de Api Keys','select id, apikey from apikeys','apikey','apikey','B441B8665B9EABC7B180A757E687305B','lookup',NULL,NULL,NULL),
('19FD1CBBFD4B02E49442563BB79F873D','Busqueda de Cuentas','select id, empresa from app_empresas','empresa','empresa','AE00BE37D35639F34D0549EBA5B455FB','lookup',NULL,NULL,NULL),
('2194D42BBD82543859D5F89C45B86BA9','Todos los impuestos','Select id, codigo, nombre, porcentaje, recargo from impuestos','nombre','nombre','7535F4201F546632A5522B98C33EB9E8','public',NULL,NULL,NULL),
('286898C4715B08DC3B9643EE31B3DC4D','Todas las Columnas','select * from app_entity_columns','1','dbcolumn','BA0C16DF30A8A623EE49338EDBEFAB38','public','orden',NULL,NULL),
('29B204843AF1F052EF4A5D4620F17365','Fases del proceso','select fp.id, fp.nombre, orden, fp.valor, opt_estado.descripcion as tipo from app_fases_proceso fp\r\nleft join app_optionsets opt_estado on fp.tipo_fase = opt_estado.codigo and opt_estado.dominio =\'TIPO_FASE_PROCESO\'','orden','nombre','4AA656B01E4CC29891C6BB33A495B42E','public','orden',NULL,NULL),
('2D0E3B3772219CD8770198AB434B67D2','Usuarios asignados a roles','select eu.id, u.login as usuario, r.nombre \r\nfrom app_roles_usuarios eu\r\nleft join usuarios u on eu.id_usuario = u.id \r\nleft join app_roles r on eu.id_rol = r.id ','r.nombre','r.nombre, u.login','6D6F9BEDBFD9D59CB53DAAFB6D5FD116','public',NULL,NULL,NULL),
('2E6C5CABAAC633C982B5C65DEBC42372','Busqueda de Productos','select id, nombre from productos','nombre','nombre','7D2C9C0CF3B893CA6EC55DC070198D44','lookup',NULL,NULL,NULL),
('357024BE676E42FC91C4BF8D23045686','Todos los botones ','select id, code, nombre, type, orden from app_buttons','orden','nombre','CC4FC092381ABB28C3EF1F6F7160FC83','public','orden',NULL,NULL),
('3697926F9EEAC23629A3CA164288A510','Busqueda de Cuentas','select id, nombre from ventas_cuentas','nombre','nombre','ADFECBA489ED9C6AC1E43F0980D503A3','lookup',NULL,NULL,NULL),
('373D67C84F289B3D7C71C2E91CF204D0','Busqueda de Permisos entidades','select id, nombre from app_permisos_entidad','nombre','nombre','927B4B2178AA3CFE5FCF935A7E391068','lookup',NULL,NULL,NULL),
('379F47B2044F50AE351AB27EE9167EEC','Todos las pestañas de formulario','select id, nombre, orden from app_form_tabs','orden','nombre','1B3F721BFCC5F62CCE53549FD27C35D6','public','orden',NULL,NULL),
('37E07ACC1503754B0D9F010EC72A7B08','Todos los proyectos','Select id, nombre from app_proyectos','nombre','nombre','3D87D8B6639DF0D570E9AB08F03853FD','public',NULL,NULL,NULL),
('3894207CFF2CF493B2581872DC09B0B5','Familias de Producto','select id, familia from familias_productos','familia','familia','A2E724802474447FBEC81BEC164A8874','public',NULL,NULL,NULL),
('3A14EDD401251DA37F2E52AAF740B027','Numeraciones de tabla','select id, nombre, prefijo, case when anual =1 then \'Anual\' else \'Simple\' end as Tipo, siguiente from app_numeraciones','nombre','nombre','AAF9DC82ED5D22043CC3AE2A9FF0825F','public',NULL,NULL,0),
('3A38DC82FD8E68636585AB4688B0183C','Todas las plantillas','select id, nombre from app_report_templates','nombre','nombre','E4FE6D68F9B641C7958DD0221D953E3C','public',NULL,NULL,NULL),
('3A7DE775B39D4607C760952C33B92AC1','Busqueda de Optionsets','select id, codigo, descripcion, color from app_optionsets','codigo','codigo, descripcion','7358E0983B0D29080F4A52510854211B','lookup',NULL,NULL,NULL),
('3C4F008DC688F3093F0F868A67ECDAFF','Busqueda de Secciones formulario','select id, nombre from app_form_sections','nombre','nombre','B0D9EB0533F678EA863976D6C156CD0E','lookup',NULL,NULL,NULL),
('3E96FEB0D7A8B452EC247B4DFCEF0F39','Todas las ofertas','Select opt.color, o.id, o.codigo,o.titulo, c.nombre, o.fecha_oferta, o.total_neto, o.total_impuestos, o.importe_total \r\n, opt.descripcion as Estado\r\nfrom ventas_ofertas as o \r\nLEFT JOIN ventas_cuentas as c on o.id_cuenta = c.id\r\nleft join app_optionsets opt on o.estado = opt.codigo and opt.dominio = \'ESTADO_OFERTA\'\r\n','codigo','o.codigo, c.nombre, o.titulo','490484A9474D03AB69738B7FC05D057C','public',NULL,NULL,NULL),
('41CA64283B9AF7DB911A793C399FAB5C','Busqueda de Consultas de Informes','select id, nombre from app_report_queries','nombre','nombre','F2E98165F53B6ECAD8E23D49268D731A','lookup',NULL,NULL,NULL),
('41D8A6B436E9ECAA0BB2355675EDCA2C','Transiciones de proceso','select t.id, t.nombre, \r\nf1.nombre as Origen, \r\nf2.nombre as Destino\r\nfrom app_transiciones_proceso t\r\nleft join app_fases_proceso f1 on t.id_fase_inicio = f1.id\r\nleft join app_fases_proceso f2 on t.id_fase_fin = f2.id','f1.orden,f2.orden','nombre','20AB28F839675213390C76A55A267945','public',NULL,NULL,NULL),
('42B1C527BAE44053C6EA434AC2C7EE99','Formularios de Entidad','select id,nombre, filas, columnas from app_forms','1','nombre','35A30F1BCCCE6D3B8D512FAEAFCD6A01','public',NULL,NULL,NULL),
('43A4F6D22467E54A94B78EDF8EEDB5CC','Fases del proceso lookup','select f.id, f.nombre, f.valor, p.nombre as proceso\r\nfrom app_fases_proceso f\r\nleft join app_proceso_entidad p on f.id_proceso = p.id','valor','f.nombre, p.nombre','4AA656B01E4CC29891C6BB33A495B42E','lookup','orden',NULL,NULL),
('43F67D82201E75305DEAACC621D62A88','Búsqueda de entidades','select id, entity, plural_name from app_entities','entity, plural_name','entity, plural_name','8A7584A9F47A9E6BD168FE208A4CBA9D','lookup',NULL,NULL,NULL),
('44DADC942D99C91483C16149438217FB','Busqueda de Pestañas de Formulario','select id, nombre from app_form_tabs','nombre','nombre','1B3F721BFCC5F62CCE53549FD27C35D6','lookup',NULL,NULL,NULL),
('44F547C359298694C704DEE48FA6BCCB','Todos los Areas Formularios','select app_form_areas.id, app_form_areas.nombre, app_form_areas.orden, t.nombre as Tab from app_form_areas \r\nleft join app_form_tabs t on app_form_areas.id_tab = t.id\r\n','orden','nombre','383D9E6BA1659044E079B71BCE51FE19','public','orden',NULL,NULL),
('4576441F6ABBECA11B34978B4147F2C0','Solicitudes Pendientes','select id, cliente, productos, foto, status, fecha_creacion from ventas_solicitudes where status = 1 ','fecha_creacion','cliente','05AF0FD523FA0720A9A13883EA3F9328','public',NULL,'foto',1),
('4CEB444996216FE37E38DE2C6C3D287A','Todos los Controles Formulario','select id, control_type, dbcolumn,id_vista, label, orden from app_user_controls','orden','control_type','801702C306589191B3D37121137E9449','public','orden',NULL,NULL),
('4D99D344272A385FE040E5E55B38E32C','Busqueda de Pedidos de Venta','Select o.id, o.codigo, c.nombre, o.total_neto, o.total_impuestos, o.importe_total from ventas_pedidos as o \r\nLEFT JOIN ventas_cuentas as c on o.id_cuenta = c.id','o.codigo','o.codigo, c.nombre','C0F34C980D8AC44DAB5B7148A9669AD8','lookup',NULL,NULL,NULL),
('4E7EF3F07588BD26A7772A18D05F9264','Todos los Vistas','select a.id, e.entity, a.tipo, a.name, a.search_fields, a.order_by, inicial from app_views a left join app_entities e on a.id_entity = e.id','1','a.name, e.entity','2AAF5FB75C18B38E851D52C913976F89','public',NULL,NULL,NULL),
('4F1AC14FC5EDCA20C51C32E66D131721','Busqueda de Plugins','select id, filename from app_plugins','filename','filename','A5C38664EA80732ED4E9625464F1253C','lookup',NULL,NULL,NULL),
('4F68FF9F06CB53B80F834E1E51173FE9','Todos los Plugins','select p.id, p.filename, op.descripcion as estado, op.color from app_plugins p\r\nleft join app_optionsets op on p.estado = op.codigo and op.dominio = \'ESTADOS\'','1','filename','A5C38664EA80732ED4E9625464F1253C','public',NULL,NULL,NULL),
('56DBEF4DE4705E8DAABA2131A1C38B48','*','select * from app_roles_usuarios','1','nombre','6D6F9BEDBFD9D59CB53DAAFB6D5FD116','public',NULL,NULL,NULL),
('5F4872FF6BCB0DD63594D126E1413F6B','Secuencias de tabla lookup','select id, anio, siguiente from app_secuencias_numeraciones','anio','anio','488561E4956B42F22BBD6C4DF6E1C67A','lookup',NULL,NULL,0),
('5F7ECD8678974CF5D95CF4267DC9CC0C','Todas las tareas de proyecto','select t.id,\r\nop.color as Color,\r\nt.orden, t.nombre, \r\nop.descripcion as Estado\r\nfrom app_tareas_proyectos t\r\nleft join app_optionsets op on op.dominio = \'ESTADO_TAREA\' and t.estado_tarea = op.codigo','estado_tarea desc, orden','nombre','BAEE82C788A6272E749AB4DE5661FEF6','public','orden',NULL,NULL),
('653E9192D223DCA51522F18603921514','Tareas Pendientes','select t.id,\r\nop.color as Color,\r\nt.orden, t.nombre, \r\nop.descripcion as Estado\r\nfrom app_tareas_proyectos t\r\nleft join app_optionsets op on op.dominio = \'ESTADO_TAREA\' and t.estado_tarea = op.codigo\r\nwhere t.estado_tarea in (0,1)','estado_tarea desc, orden','nombre','BAEE82C788A6272E749AB4DE5661FEF6','public','orden',NULL,NULL),
('6680A9E937EB4524743B6B6F04BA7EE9','Familias de Producto','select id, familia from familias_productos','familia','familia','A2E724802474447FBEC81BEC164A8874','lookup',NULL,NULL,NULL),
('66EE59EB03E076C58D83B3C45A165333','Trámites','select * from app_proceso_tramites','fecha_modificacion desc','nombre, id_registro','10E08475520D5CC7603685D7A6338443','public',NULL,NULL,0),
('67D4832258F957B51E47EDE09F15CCD9','Busqueda de Plantillas de Informes','select id, nombre from app_report_templates','nombre','nombre','E4FE6D68F9B641C7958DD0221D953E3C','lookup',NULL,NULL,NULL),
('6C31763428528462D1C880C75EBF06C8','Todos los roles','select id, nombre, description from app_roles','nombre','nombre','EB91FB64FE2288577B09EA24D0BB03C7','public',NULL,NULL,NULL),
('6E0DE2C24435B4E1127DD90403411C2B','Columnas de la entidad','select c.id,  e.entity, label, c.dbcolumn, c.type , c.orden\r\nfrom app_entities e\r\nleft join app_entity_columns c on e.id = c.id_entity \r\n','e.entity, c.orden','label, dbcolumn,e.entity','BA0C16DF30A8A623EE49338EDBEFAB38','public','orden',NULL,NULL),
('71BD929FE8A9050314FB4A1DC143EA2B','Usuarios asignados a empresa','select eu.id as id, u.login as usuario, e.empresa \r\nfrom app_empresas_usuarios eu\r\nleft join usuarios u on eu.id_usuario = u.id \r\nleft join app_empresas e on eu.id_empresa = e.id ','e.empresa','e.empresa, u.login','BA7DBD3B1AD6A8EF5F9480A409E749B1','public',NULL,NULL,NULL),
('73164014BAA611BEBCDD060EAD5BF5D0','Busqueda de Graficas','select * from app_graphics','name','name','A68EEE98E6B4784D4DFFC8BD9102F849','lookup',NULL,NULL,NULL),
('760311618E9BB5B1036E699C7E3DDFE1','Todos los Usuarios','select id, login, nombre, apellidos, email, foto from usuarios','apellidos','login, nombre, apellidos, email','E7F8AB4799E0C27385B9F2ACBFEFF04C','public',NULL,'foto',NULL),
('767E157ED7A1BB86275DC32DCA8BA2AA','Busqueda de Consultas','select id, nombre from consultas','nombre','nombre','C36B36838A064DEBA5AC90B2361920CC','lookup',NULL,NULL,NULL),
('81F57BD6E3AEF5252DB080457F7DED59','Busqueda de Botones de aplicación','select id, nombre from app_buttons','nombre','nombre','CC4FC092381ABB28C3EF1F6F7160FC83','lookup',NULL,NULL,NULL),
('84CEEEE51373712560332F1898555E43','Busqueda de Parámetros','select id, param from config','param','param','D0C612375F9E63892267287FC23D366E','lookup',NULL,NULL,NULL),
('8CAC4C6F972E9FE9AA7E8AE6AC4876E5','Lineas de pedido','Select lin.id, p.nombre as producto, lin.concepto, lin.cantidad, lin.precio, lin.descuento,lin.impuesto, lin.total_neto, lin.total_linea \r\nfrom ventas_pedidos_lineas lin\r\nleft join productos p on lin.id_producto = p.id\r\n\r\n\r\n','orden','concepto, p.nombre','D8E58E608DB593F4EA32FC4605A2065E','public','orden',NULL,NULL),
('8EC30E4B372AFEABE565B2EE962AC5FD','Todas las librerías','select p.id, p.filename, op.descripcion as estado, op.color, m.module\r\n from app_plugin_library p\r\nleft join app_optionsets op on p.estado = op.codigo and op.dominio = \'ESTADOS\'\r\nleft join app_modules m on p.id_module = m.id\r\n','filename','filename','B5C1929F74F23B89F862B0D372CD71D1','public',NULL,NULL,NULL),
('94E45991CB72F05CE7AB3BAE2CE56C59','Todas las Consultas de Informe','select id, nombre, query, resultado from app_report_queries','nombre','nombre','F2E98165F53B6ECAD8E23D49268D731A','public',NULL,NULL,NULL),
('98E209C64A44452A7E361BE93EA39CCB','Ofertas activas','Select opt.color, o.id, o.codigo,o.titulo, c.nombre, o.fecha_oferta, o.total_neto, o.total_impuestos, o.importe_total \r\n, opt.descripcion as Estado\r\nfrom ventas_ofertas as o \r\nLEFT JOIN ventas_cuentas as c on o.id_cuenta = c.id\r\nleft join app_optionsets opt on o.estado = opt.codigo and opt.dominio = \'ESTADO_OFERTA\'\r\nwhere o.estado in (0,1)\r\n','codigo','o.codigo, c.nombre, o.titulo','490484A9474D03AB69738B7FC05D057C','public',NULL,NULL,1),
('9AEEAC0989849D4AAE41FF49B04BD911','Ofertas Perdidas','Select opt.color, o.id, o.codigo,o.titulo, c.nombre, o.fecha_oferta, o.total_neto, o.total_impuestos, o.importe_total \r\n, opt.descripcion as Estado\r\nfrom ventas_ofertas as o \r\nLEFT JOIN ventas_cuentas as c on o.id_cuenta = c.id\r\nleft join app_optionsets opt on o.estado = opt.codigo and opt.dominio = \'ESTADO_OFERTA\'\r\nwhere o.estado =3\r\n','codigo','o.codigo, c.nombre, o.titulo','490484A9474D03AB69738B7FC05D057C','public',NULL,NULL,NULL),
('A2B3070CF5BAA6BEC7FE44EE87E33619','Todos los Formularios','select * from app_forms','1','nombre','35A30F1BCCCE6D3B8D512FAEAFCD6A01','public',NULL,NULL,NULL),
('A2B516E19D8D3E302CA798A2954CCFBD','Equipos','select id, equipo from app_teams','equipo','equipo','2FE54B9A5C2315738AB4209C7F9CF1AB','public',NULL,NULL,1),
('A7E85C31AE07B420EDE869A73B13160D','Todos los procesos','select p.id, p.nombre, e.singular_name as entidad from app_proceso_entidad p\r\nleft join app_entities e on p.id_entity = e.id','nombre','nombre','D549E0FA5CB115B1904768FC95526F79','public',NULL,NULL,NULL),
('A85395BDFF9105A901E4855685819BDF','Wikipedia','select id, titulo from app_wiki','titulo','titulo','E6DCE1A15EDC95C41F18041C935F9C8A','public',NULL,NULL,NULL),
('A9120E585ECFF465BBDFACC040E4E284','Todas las cuentas','select id, nombre, email, telefono, ciudad from ventas_cuentas','nombre',' nombre','ADFECBA489ED9C6AC1E43F0980D503A3','public',NULL,NULL,NULL),
('AECF0D570FE0C2A36919093F63E2C0F3','Indices de BBDD','select op.color as estado, ix.id, ix.name, columnas, index_type from app_indexes ix\r\nleft join app_entities e1 on ix.id_entity = e1.id\r\nleft join app_optionsets op on ix.estado = op.codigo and op.dominio = \'ESTADOS\'\r\n','name','name','8E27B7F53F2D021DE191FB39E1FE333E','public',NULL,NULL,NULL),
('B74CBB24A902D12A75C04BB643E32760','Todos los Módulos','select * from app_modules','orden','module','D15D4315C5B64BB2E6E17E0A4EBEB319','public','orden',NULL,NULL),
('B794803CD33B5BC4BC254D4D486BF13C','Todas las relaciones','Select r.id, op.color as estado_col, r.name, e1.entity as From_entity, r.field , e2.entity as To_entity, on_delete, on_update\r\nfrom app_relations r\r\nleft join app_entities e1 on r.id_entity = e1.id\r\nleft join app_entities e2 on r.id_related_entity = e2.id\r\nleft join app_optionsets op on r.estado = op.codigo and op.dominio = \'ESTADOS\'\r\n','estado, name','name','744B2497EDAF0D610DA0D599DAF7F1CF','public',NULL,NULL,NULL),
('BB4BA711F1C50B586B861ACD998D1200','Todos los pedidos','Select o.id, o.codigo, o.titulo, c.nombre as cliente, o.total_neto, o.total_impuestos, o.importe_total from ventas_pedidos as o \r\nLEFT JOIN ventas_cuentas as c on o.id_cuenta = c.id\r\n','codigo','o.codigo, c.nombre','C0F34C980D8AC44DAB5B7148A9669AD8','public',NULL,NULL,0),
('BC8594A101D50FD49BF36240E929C46A','Busqueda de proceso','select id, nombre from app_proceso_entidad','nombre','nombre','D549E0FA5CB115B1904768FC95526F79','lookup',NULL,NULL,NULL),
('BE3E1082777E8D78B7BA683B7DC507AF','Busqueda de Roles de seguridad','select id, nombre from app_roles','nombre','nombre','EB91FB64FE2288577B09EA24D0BB03C7','lookup',NULL,NULL,NULL),
('BFE077A97CF916B571A486E29A88CB2F','Ofertas Ganadas','Select opt.color, o.id, o.codigo, o.titulo, c.nombre, o.fecha_oferta, o.total_neto, o.total_impuestos, o.importe_total \r\n, opt.descripcion as Estado\r\nfrom ventas_ofertas as o \r\nLEFT JOIN ventas_cuentas as c on o.id_cuenta = c.id\r\nleft join app_optionsets opt on o.estado = opt.codigo and opt.dominio = \'ESTADO_OFERTA\'\r\nwhere o.estado =2\r\n','codigo','o.codigo, c.nombre, o.titulo','490484A9474D03AB69738B7FC05D057C','public',NULL,NULL,NULL),
('CACF6B02F98B22B0C3A837619D2E1B7B','Todos los productos','Select p.id, p.code, p.nombre, f.familia, p.ean_code, p.tipo_producto, p.precio, p.coste\r\nfrom productos p\r\nleft join familias_productos f on p.id_familia = f.id','nombre','nombre','7D2C9C0CF3B893CA6EC55DC070198D44','public',NULL,'imagen',NULL),
('CCC1A529A64B2C839306F62B96A8250B','Busqueda de impuestos','Select id, codigo, nombre, porcentaje, recargo from impuestos','nombre','nombre','7535F4201F546632A5522B98C33EB9E8','lookup',NULL,NULL,NULL),
('CF901C53D2442AC73DE0CEDB3E078D42','Busqueda de Formularios','select id, nombre from app_forms','nombre','nombre','35A30F1BCCCE6D3B8D512FAEAFCD6A01','lookup',NULL,NULL,NULL),
('D2E616EC2D515DBC1391A839BDD6BE0A','Todos los Secciones formulario','select id, nombre, label, width, orden from app_form_sections','orden ','nombre','B0D9EB0533F678EA863976D6C156CD0E','public','orden ',NULL,NULL),
('D46FDB98E9ACEB85D9BE4A20F2C6919A','Busqueda de Relaciones','select id, name from app_relations','name','name','744B2497EDAF0D610DA0D599DAF7F1CF','lookup',NULL,NULL,NULL),
('D5F8CC2FA5EAB1CD7A4A15FDBAE118DC','Numeraciones de tabla','select id, nombre, siguiente from app_numeraciones','nombre','nombre','AAF9DC82ED5D22043CC3AE2A9FF0825F','lookup',NULL,NULL,NULL),
('D6E6FC2B65784796BA1E966A2F4B98F6','Busqueda de Tareas de Proyecto','select id, nombre from app_tareas_proyectos','nombre','nombre','BAEE82C788A6272E749AB4DE5661FEF6','lookup',NULL,NULL,NULL),
('D89578BFFE704D988D77550879379A89','Todos los Consultas','select * from consultas','1','nombre','C36B36838A064DEBA5AC90B2361920CC','public',NULL,NULL,NULL),
('D917CBBC529E15387767385F83E23512','Todas las cuentas','select id, empresa, email, telefono, ciudad from app_empresas','empresa',' empresa','AE00BE37D35639F34D0549EBA5B455FB','public',NULL,NULL,NULL),
('D9CC368361FCBC7D3FEEC1775D2B4A92','Solicitudes Finalizadas','select id, cliente, productos, foto, fecha_creacion from ventas_solicitudes where status = 0','fecha_creacion desc','cliente','05AF0FD523FA0720A9A13883EA3F9328','public',NULL,'foto',0),
('DA2DC152F3007EE165436473F42C4035','Busqueda de Usuarios','select id, login from usuarios','login','login','E7F8AB4799E0C27385B9F2ACBFEFF04C','lookup',NULL,NULL,NULL),
('DDB6E3A44A9FF168D0452E74EF14564B','Busqueda de Módulos','select id, module from app_modules','module','module','D15D4315C5B64BB2E6E17E0A4EBEB319','lookup',NULL,NULL,NULL),
('DF93F57565FF45A00ADC172237BBE81F','Todos los Api Keys','select * from apikeys','1','apikey','B441B8665B9EABC7B180A757E687305B','public',NULL,NULL,NULL),
('E03440CDAEFC5140F9B08E1D567DCFDC','Dominios','Select id, nombre from app_dominios','Nombre','Nombre','3CF1E2021536FE5F6A1E975A2CEEDA01','lookup',NULL,NULL,NULL),
('E253E8226E1ADF048BA0318EEF70E9F0','Secuencias de tabla','select id, anio, siguiente from app_secuencias_numeraciones','anio','anio','488561E4956B42F22BBD6C4DF6E1C67A','public',NULL,NULL,0),
('E3772B954EF9AF87C378C752E01271ED','Busqueda de Vistas','select id, name from app_views','name','name','2AAF5FB75C18B38E851D52C913976F89','lookup',NULL,NULL,NULL),
('E5674FBD9D1F079412D1C5ACA4F3C524','Vista optionsets','select * from app_optionsets','codigo','codigo,descripcion','7358E0983B0D29080F4A52510854211B','public',NULL,NULL,NULL),
('EAA4D4641D1BA62F030471A55A49D68F','Todos los Parámetros','select * from config','1','param','D0C612375F9E63892267287FC23D366E','public',NULL,NULL,NULL),
('ECB37AD29E9A62CBBC87F84BFAEDAE34','Busqueda de Scripts','select id, filename from app_scripts','filename','filename','A9BC1252645E7B10B92A1C75E8D6E4EF','lookup',NULL,NULL,NULL),
('ECB560245666286D990B04B64472BBCE','Busqueda de Proyectos','select id, nombre from app_proyectos','nombre','nombre','3D87D8B6639DF0D570E9AB08F03853FD','lookup',NULL,NULL,NULL),
('ED3D211B757011E2FB2188DAABF3875E','Tareas Terminadas','select t.id,\r\nop.color as Color,\r\nt.orden, t.nombre, \r\nop.descripcion as Estado\r\nfrom app_tareas_proyectos t\r\nleft join app_optionsets op on op.dominio = \'ESTADO_TAREA\' and t.estado_tarea = op.codigo\r\nwhere t.estado_tarea =2','estado_tarea desc, orden','nombre','BAEE82C788A6272E749AB4DE5661FEF6','public','orden',NULL,NULL),
('ED4AC8E42219CF999C09BF412ACF8D43','Busqueda de Areas Formularios','select id, nombre from app_form_areas','nombre','nombre','383D9E6BA1659044E079B71BCE51FE19','lookup',NULL,NULL,NULL),
('EE01EA21D9E082720A742008B108AD6A','Busqueda de Librerías','select id, filename from app_plugin_library','filename','filename','B5C1929F74F23B89F862B0D372CD71D1','lookup',NULL,NULL,NULL),
('FAD0DF8F2ADD9313B1A58BBE1BD9EE4F','Permisos sobre entidades','select pe.id, r.nombre as Rol, e.entity, op_r.color as Lectura, op_w.color as Escritura, op_d.color as Borrado, op_i.color as Insercion\r\nfrom app_permisos_entidad pe\r\nleft join app_roles r on pe.id_rol =r.id\r\nleft join app_entities e on pe.id_entity =e.id\r\nleft join app_optionsets op_r on op_r.dominio = \'SI_NO\' and pe.read_access = op_r.codigo\r\nleft join app_optionsets op_w on op_w.dominio = \'SI_NO\' and pe.write_access = op_w.codigo\r\nleft join app_optionsets op_d on op_d.dominio = \'SI_NO\' and pe.delete_access = op_d.codigo\r\nleft join app_optionsets op_i on op_i.dominio = \'SI_NO\' and pe.insert_access = op_i.codigo','id','id','927B4B2178AA3CFE5FCF935A7E391068','public',NULL,NULL,NULL),
('FDF338372EC2150FE735B5AF9B7D3C25','Lineas de oferta','Select lin.id, p.nombre as producto, lin.concepto, lin.cantidad, lin.precio, lin.descuento,lin.impuesto, lin.total_neto, lin.total_linea \r\nfrom ventas_ofertas_lineas lin\r\nleft join productos p on lin.id_producto = p.id\r\n\r\n\r\n','orden','concepto, p.nombre','8CD7AC1F9330314D645F44BFAD6749C4','public','orden',NULL,NULL),
('FF019B88F5F98BB05CE939862AD4BE51','Keypass list','select id, nombre, usuario, pwd from keypass','nombre','nombre,usuario','68BE6D4857B45CC219DBA380485C0FBF','public',NULL,NULL,0);
/*!40000 ALTER TABLE `app_views` ENABLE KEYS */;
UNLOCK TABLES;

--
-- Table structure for table `app_wiki`
--

DROP TABLE IF EXISTS `app_wiki`;
/*!40101 SET @saved_cs_client     = @@character_set_client */;
/*!40101 SET character_set_client = utf8mb4 */;
CREATE TABLE `app_wiki` (
  `id` char(32) NOT NULL,
  `titulo` varchar(100) DEFAULT NULL,
  `fecha_creacion` timestamp NULL DEFAULT current_timestamp(),
  `fecha_modificacion` timestamp NULL DEFAULT current_timestamp() ON UPDATE current_timestamp(),
  `contenido` mediumtext DEFAULT NULL,
  PRIMARY KEY (`id`)
) ENGINE=InnoDB DEFAULT CHARSET=utf8mb3 COLLATE=utf8mb3_general_ci;
/*!40101 SET character_set_client = @saved_cs_client */;

--
-- Dumping data for table `app_wiki`
--

LOCK TABLES `app_wiki` WRITE;
/*!40000 ALTER TABLE `app_wiki` DISABLE KEYS */;
INSERT INTO `app_wiki` VALUES
('9F6E95E0493ECE7FE268AFBDEA70DB78','2. Tu primera entidad','2026-03-25 15:43:31','2026-03-25 15:43:31',NULL),
('FB57269C077B80BDEF5E7A3ADCA6579F','1. Conceptos básicos de Simple App','2026-03-25 15:41:53','2026-04-26 11:27:43','<h1>1. Conceptos <span style=\"color: #ba372a;\">b&aacute;sicos </span>de Simple App</h1>\r\n<p>Este es el ejemplo de un art&iacute;culo de wikipedia.</p>\r\n<h2>Referencias:</h2>\r\n<ul>\r\n<li><a href=\"#\">Enlace 1</a></li>\r\n<li>Enlace 2</li>\r\n<li>Enlace 3</li>\r\n</ul>\r\n<p><img src=\"data:image/png;base64,iVBORw0KGgoAAAANSUhEUgAAB3QAAAHcCAYAAAAumZuTAAAAAXNSR0IArs4c6QAAAARnQU1BAACxjwv8YQUAAAAJcEhZcwAADsMAAA7DAcdvqGQAAP+lSURBVHhe7N17dFT1vf7xZ88kkyuBAEI0XOWOFEFq0BpEsWlBqhRLkaLSUo9Vz+FyKFaKtPZoRUoLpSjntOjP0qIipRSK1kJLARWoJtQSEZE7CAaDYgIhIckkM/v3x57Lnp3JPYEA79dae3Xmu+97hulaPvl8vkaraT5TAAAAAAAAAAAAAIAWJXf6UbmcgwAAAAAAAAAAAACAloFAFwAAAAAAAAAAAABaKAJdAAAAAAAAAAAAAGihCHQBAAAAAAAAAAAAoIUi0AUAAAAAAAAAAACAFopAFwAAAAAAAAAAAABaKAJdAAAAAAAAAAAAAGihCHQBAAAAAAAAAAAAoIUi0AUAAAAAAAAAAACAFopAFwAAAAAAAAAAAABaKAJdAAAAAAAAAAAAAGihCHQBAAAAAAAAAAAAoIUyWk3zmc5BAAAAAAAAAAAAXFp6dZBuvNrQoM5S3zRDnVOl9slSosdaf84rnSqWjhWa2pcv5R6X3j5s6sCnziMBOF9ypx8l0AUAAAAAAAAAALhU9eogjf+ioTuvNZRglOq9w5/q9Jkzqjz3mSqLj8ssO6WEWFPxCYkq8Up+d2uZnivkTmqvtm3a69oeV6jMTNSr75la9S/CXeB8I9AFAAAAAAAAAAC4BN1wtfSfww19qbtXm/99XL5zJ5Se8LlO5H2kzwtOae8He/TGW9t1Mv9zxcXH6sor2qpVq2SVlpaqV8+r1blrF3Xu0k2dunRXoaurPMmddet1XfT2UY/+701T7xx2nhFAc7jkA902idKtvQ0N6Sr17CB1aGUo1i2VeqVPikztzZdyjkib9l6yjwAAAAAAAAAAAFxGOrWRfvw1Qzd2KdObOw+oq+ewfH6vSktLteeDXL2+boPOnj2rwqIzOlNUKpcMlfsqFWu41LpVvOI8HvkqKpXWIVUd2l+hlHapuu76L6p7rz5KSEjW8Yo+Gn5dT71zLEE//Yupj087rwBAU7pkA93b+hr6zpekMdcazlVRnS2TVr1r6oVtpnafcK4FAAAAAAAAAABo+SbdYGj+XYbWbN2rzq79knySpIMHPtQrL7+sE3n5OnHqtCoq/HJL8vmk+AS3khISdKakVG0S45WcmKDKykq1aWW9jomJUaXfp9Fjx+qKK9OUflU3GYZLeeqnu4b106w1ppa/c8lFTUCLcckFugOukh7/mqGR19QtyI3mhe2mfvKaqaJS5xoAAAAAAAAAAICW6ZffNDQ47Yw+3JurTolnJPllmqbKys9p65tvaPUf1uh0UbEqTFPFJZWSpBi35HJJqa2S1LpVkk6cKpDbMBTjcik9rb1KS0tVXl6u9m1S1L59W/UbcI36XXutunXvKbcRo7xzqerbd5B2nmyj7/+xpcdNhnYsNpR2wFTnJS39Wi8Enk+zucXQ8bGG8rP9un6Fc2Xtcqcflcs5eLH63jBD/5zlalSYK0n332TonVkufblf444DAAAAAAAAAADQ3BJipdUPGmpvHNOZo5uVnlAgSTJNQ5+d+kR/eGWFVv1xnT75tFAl5ypUUeGTyyX5/ZLflFwul7yVlTpdVCKfz6fCogoVFJXreP4pnfisUCc/L9HHJz/XkeOfaNvWt7Xlb39T0elCeSvLdWVCgU4f3ax2xkda/aChhFjn1TWDWwwdX+xS0c8MTXWuO28M7Vjs0vEp9c+Sljx2oa/9wpo6xaWixVWXHROdW0bT8Odem5b+uVwSge4TdxhaMK7pPrxOqdKahwzdO7TpjgkAAAAAAAAAANCUEmKlPz3k0mcn9qnVuR2STJlmeMk/8YneeHO7Pvv8tCr8Vovl8jJTpl8yTcnrlfx+q5K3pPScvF5TbrdkGNK5Eq8qvKYqTamoxKu8k6d1/ORnevff7+sfGzao6HSh/GalDENKKc3Rqfz9+tNDrmYPdacOMNS6VDqTYOgrtzjXXnqWPOZS0WOXXl61fLpfKcElW+oztHmC2kvFRR/oPv41QzO+3Dwf8P9NNDT+i81zbAAAAAAAAAAAgMZ48buGPvponzr4doWCWcNwyzRNVVZ6VXS6UGVlFTL8poxAiGu4pJgYqXVSjJLjJJdfMr2VSvR41LFVvHp1bKV+V7ZWz6va6Oq01uqQHKcYtyG/6de5Uq9OnSnRtu3v6LNTn8rr9co0rfa8V1Tu1EdHP9SL323OXMXQVzpJ+3aZyi2VBg1oznPVxNT10/0Nak085Wm/Un5o6lnnisvZCr+Wn5Rad1ItFbINf+61aemfy0Ud6E66wdAjWc37j/X/3WdoSFfnKAAAAAAAAAAAwIXzy28aKi44qisqckNjpmkGgl2fJOnjE5/INE2VV/pU6Zf8kpJipSuTY9S7fbwye3bQ1wZ21tjre2jCjf019evD9Ph37tRP7v+6nrj/Lv148lh9/5sj9PUb+6lT22QZplRe4dOnBWd09NDhUJgr0yVDbnWo3KWSz4/ol99spuxmoqHhCVL2ClN//7guASAuFlOOSkow1Me5ApIko9U0X9PH2OdBt3bSjsdciotxrml6734k3fpLv3MYAAAAAAAAAADgvJt0g6FvDynUqQN/k2TK7XZLkgzDkGG4Jfnl9/u14uXf68+v/UOlpRWq9EkdklzqnZaszu1aq8sVrZXePlWprVsppVWy2rZtq+Q2beRJaKWYmBi53bEyVaGK0hIVFJ7WP98/oF+ve0slXp+8lZW6/rpr9B/f+55S23YIBbumacrvq1S7XiP1u3+lavk7TRtBLXnMpUkylfK0ac2lO9ZQfrZf169wbhnYtmP4/b5sUxpqKO2AGajwNLRjsSFl+5XdzbZtqak5PzT17ESXioba97efx9o3fCzbtf1TOj7WUOvAlmds24S2SwmcI3Cs135mBdVBZw6Y6lxgRJw/aPl0v6YE7j13rSmNtPYNncdx3apy7Zban09AlOO9udavO94Ivw/d+9HwNS+f7teU8CYhU6e4NLdXlPWB81jjUT6bk6ZSnlaDn7vFOq49NA5u5/xcpk5xaW4nU3N+KE1y7OO89uA92UU8o1q+q7XJnX60ZVboxrik1glSrPX7E9WPbjfOS5grSUO6SlNvbaa/JgEAAAAAAAAAAKijTm2k+XcZ2vVetiRThmHI5/OF5871V8o0Tfl8Ph396BNVVlbK9Evtkt364tUdNPDqq9Q7vYO6XdVena+6Qld2aK8r2rVVm9RUJbZur4TkNopPTFVcm47yJLdVfHKKOna4QsOvH6CbBvRQm6R4tWmdrLNFJSovL5ckmfLJ56+QDL9cLrd2v79D8+8y1KmN8+obw9DQjtK+o4GQ7g0pt1Tq082Z3xh67WeBcC40T6sVVkar/uwz1KWhRwPbrTV1JsHQoz9zqWhgeP85B6ztXqttzt6OhopGSj+3zQ3bupehHROdGwYFwtwiMzyf7FpT+bLaEKdMt1oR62R4vT1IHDTSkDZY48GQ+rWBkfPTVr32uj+fJY9ZIeubayOPN3ysq+o9pRg63i36ddbFkm5WmL7PNpY20PbZPO0MZ23q8txvMXR8saE+tmcZetbVMvToYkPZtuf0Zqk0abFLS2zbTOpkf5bWZzZ8rH2bxmsxge7oLxhaeq+hXY+7VLDIpeM/c+nzX7q0+ycu/b/7DI25NvwPclBnnfe5baeNOL/nAwAAAAAAAAAAcPrx1wz9YdN76ug5Kb9ZKZ/PClP9ZqX8fr98fr/8gTFJ8vslT4x0dcfW6nblFWqXnKiUpHglx8crIcajuPhYxcZ5ZMS4Jb/Patds+OX3V0ruGLliPXLHxigpKVFf6N1dbVOSlZKYIJfLJZ/Pau3sNmLkklvyGzJNn65K+Fyrt7yvH3+tCbOViVbgmB2qcLTaLqujERmcBdoyL4+YD9XU9WtNnbFvF3TSDFdNvmFq3Umr6PDNDeH9n11iBY11mbM34rwrrACwaugclpZgC6llXcP1VSpLq/GxGVEpK5m644eRYWrw2tOuCgzU9fncYmhMx6rVuM8usQLLPgONyHbXCdK6mkLXGkydYlXh2p+5JLUusn02taj5uRt6baSh1icD1d1BtT3rBCl3rf15mrrjh9bzHDMleGxT1zvm3p3yT+tZdq3tDwDq4YIHuiOvMbT1By698h+GvnW9oW7tItd3aWuFty9+19A/Z7n0tS8Yuu+G6r/4zaVjinTv0PN/XgAAAAAAAAAAAEm64WppaOdzuqJilwzDLb/PanNs+q0qXWv+XGseXUmKjXUrxnApKdGjK9okyxNrKDbGrdhYtzwej2LiPIqNiVOsJ16G4ZLpq5C/olx+n1euynK5KsrlMv0yDUNuw1THdm2U2rqVDMOUx+ORy2XFTH75JMOQYYTDsY6+Xbqh8zndcHVoqBGsylOdNCPDyt1WcDbUVom5pFvV7SSrojdaNWZEmCppX5H1vx9FBKV1VOW8pj4qkpRS/Vy/+aXOCtq6yy+oJoy8xdDxxS4VLXapKNAuOK2tlXHV9flMHWCodampv0d5DsH5br9iv2ZHdW1tJoWuL9yCOTKcls4EPotaVbkfx3O/RRrkDM7ropr7zy+VWqc4BieG76co0Po5FKI3gQsa6M653dCq7xm6tpNzTXQDrpJW/IehezIuTLA65lrnCAAAAAAAAAAAwPnxn8MNbXxntwxD8vkqrPbKfmu+XL/fL7+vQqbfr8pAC+bkVolyx5hK8LjUKsFjHcQwFBsbK09cnOITExSf1Eox8cky5ZKvolKmz6rsNd0xMgzJNH0yAu2c4zwuGYYpw3SpVXKi4hISwxdn+OWXKbkM+WXK5XJrc85e/efwJsh0AoGcOhrh0MwWnIWrRQ11dQZtLZpVURts0Vu02KXjocrP2uWfcI4Y2hF4LrmhNsn2oLXuz6dPHbcLKVJElWpt7G2hq2vRXG1gXV9XWd+Tqs+rCQTD88D8v8FWzlGrwRvhggW6P73T0Kyv1v1LaZcY+M05327ta8ho2CUDAAAAAAAAAAA0WK8O0o1dy3WluUcV3jLJcMvn86my0ivTX6nKykpV+CpV4bPe+yt9urpbV7lcLiXGxirO45HfcMmIccuI9chnxKqsQvKZbik2TkZMklXha8TKH5cixSbI506Q34ix2jpXVMoTY6iyolxymWqd2kYpKSmhMFmSTL8Vohimy2q97PpQN3bzqlcHx83U09QBViDnDAFTAnO6hqtFA5WZF5kpT0fO/Vr0WMPCqCWPGepTas3n6qx2tdT9+QQrlS8JJ5o+YLWqh22tnKsJpZvKBQl0v32joem3NezLeCF53KpzNTEAAAAAAAAAAEBTGf9FQxveOSC//JLLUEVludVu2TTl8/lk+vzyVVSqotwrn+mXKZeuvvpqud0uXdEmWXFxcTpdWqG9JwqVcyBP/3hvv/6e877e27Nfn37yiYrPnta5c+dUUHhaBw8eVE7u+/rX+3u153C+Pvq0UCUVFUqOj1NCnEc+n6kBAwfKZcRIkgxZ7Z8Nw5DfJ0lWta7hNrRxxyGN/2JjMiFDX+kUra2uxTm/7b6iKPPqKjwHb4u2IhBQ19Ciud4c913X5/NsQZS2ygFLulXfjrhFCrSTrsscyBGi3X+gWrym6uHgHyA0pfMe6LZJlJ4aU88H1oJc3f7CX/tXvuHS8UUuFf3MpQUDnGsvMFuP8B22nvUAAAAAAAAAAKDh7rzW0LnCw1YVrd+Q6bMqY30+X2ixz6Hr9/uV2q6tEuMTlJQYrzPnyrXz4AntPHhCO/Z8pC3v7tXr23Zq/bYc5ebmqiD/uM6cOaMPdu/Wuldf03O/e1G/X7VWaze+pdff3Kns9w8pNj5OrVKS5fHEqGfvXs5LlGmGQy7DMGSaprxFx3TntY3IViYaGl7j/Kemsk9KrTtZIWgw4J30s2AbZlmtiIdG7NRCGNoRUY0bCK9t7YurDWCj2FfkDCGr3nedn8+KcCto+/y+U6e4NKmj9OYGs14tli8sU9cHqp8jWlrfYmhHLS2uh490PKex1tzCy1coXPFs/3xuMfRo1X8ajXbeA93/HG6odYJz9OLRNsk50kTaG/rx/S69/7RLny6y9X9f5NKnT7v00lfDm97ZR2rtkpQgDR9oP8hlqL2hrbbndeDBmv/hAQAAAAAAAABwsenVQfKYxeoYe1LyG9ZcuYHKXCvUrZDfX6mKinL5A+2W/T6fKktLlNraCjYqKirUpUOyru/RURk903RDn85qE+dS/qef6eCRj1ThM5XUuq0qy4uUXFmsa9p59JUvdNLIjD66fkAPlZb7dKakTN4Kvzp16qSkpFaSXKHrMAJzVlpVw0YoXO6UeFrxKmlw2+Ul3az/zV7hXBM25agVZE6aKCu8m25qX4KhuaH5dg1lR8wl24JEzAtsaHiRqZSnw+F1KIANbFNTsPvsksj5eKPfd92fz5SnrYrh8PFcmtvLan0dvaVzC7bCmttWvWzPe6yh/N3V/aGAVYU8Z1fkc+pz0lTKD8Nh9pSnTb1ZGv58ikZKP2+GOXSNVtN8NVxp09v1uEvd2jlHLx4/+JOppW818SMbYGjHdwz1iXWuCNuX7df1gR+rr0x06aWhUny5tHy5X1N2O7e+gCZaEz/Lcc3NpetEl963/9VIkakpPza13DYEAAAAAAAAAMDFbNINhm5O2y/j5GbJ55ffkNVm2fRJkoxAVa5cLrlcLhnuGMnv0wfrXtG2XfuU3K6d2ifFqPj0GR3//JyKKqT4+ET17JCqT/I+Ur8uHfSdu+5Q+06d9e472/TOux/o2Okylccl65pO7dT7yiR163G1FJegl17fqiH9e+kLmbeq0tNakkuG/PIH2j8bhiHTXylJoVC3rE2mtuRdreXvNHG+AjSTqVNcmtvJ1BxbeHuh5E4/en4rdPum6aIOcyWppNw50liGXpsYDnPLiqS/v23qkZdM3f+SqV+8berNk1KZNZ+4JOnvK/zqMN2vlEdbWJh73hl6vIf1quy0rL92SDE0yVbNDAAAAAAAAADAxW5QZ+mzU5+FWin7K73y+Srk8/lUWVmp8ooKVfh8qqy01lvz6XpVWlikqzukqm1yvBJjXIr3uNXlijbK7HmVbu3TSb3Tr1TnK9qofXIreeRSnDtGXbt21Rf69NGQHl2U0SNdV6Wlye9zKdntV0piggb37qbbvtBP7uOHJUmm6bNaLQcW0+8PNYh1uaw5dgtOF2hQ54hbAlAP5zXQ7Zd28bfDzTvtHGmkW6RBwTbOBabu/bFf41aaem6HqT/uMPXTlabueNqvYSsd+0G6Xrq5vfVyX66po4HQe2Dfi/97BgAAAAAAAABAUJ80qbLklNVa2axUZWWlTJ9PvooKawnNo1uhyspK+f1+eUvPKdbjUUV5qRLiPEpNSlCvLldqSM90DezVRX26dlLreOmqtq2VHB8rv98vlytG7du21TWDB+uGG2/SzV+8Tl8a2Fs3ZQ5Vuys7KSk+Tr27Xqm4uES5yqwKOMMwrOpcSX7TlGT9x3q/rIpdV4xbZnmh+l4CGRFwoTR7oNs+WerS1lp6NrA/ekuyN78Z2wGUSn93jkUxdUq4V3l4ImpDr/0sMP4zQ1PbG5o7xaXjwfllF7i0415DXQPbzn3QpeMLAusWuXT8h4a+FwhHox5P0vfute2z2KXjT7j0QqZ9n9p1HWJo9WO2eYIXNew4kjTpOkMdZf1/Q/ZWU299Yo3HdzO0IOJeggztCPYwf8yQnM9okUvHHzM0d0DkXs7nfe3NhnY8HR4r+plLW0PPFgAAAAAAAACAptUl1ZDHVyD5/aqosELbYIhbUVEhf2Wl/JUVMn3WeGWlV36/X6WlpTqT97k8LkMpiQnq0v4Kdb+qg65s30YpiW555FVinEcej0euGI/8fr9i3S6ldWyrrn17q3OffurYrY/atE9XXFyiDPnlKTkjV0WxktLSZJqm/H4r1DVNU26XS2YgejJM63/9laYSjRJ1TnXcFIA6a5ZA90s9pF9PNHTgpy4dnuvS7p9Yy49HX9x/fVHhkx79qtG0bQE+kUJFv+mGXmuSdsGGvvI9Q1N7Sa2Dn3Cs1Od6Q6snGlrymKGp/aXWwTl7XVLrKw099R+GhtuOEmZo+EyXFlxv20dS6zbSN79pD5Vr9pVvuLRtkqGvdJTig9flsh3nNscONTI0KdBuWZ+ZevaUNOdA4L1LGhr9RiK8NNXxjFxS646Gpn7HpSV9HBsHJPRy6S/fMNQnWFUtSQnStdcb2vafF/f3GwAAAAAAAADQMrVPljwqltfrDQW5Xq/XCne9XlWUl6uyMli5Wyn5/fL5fDLcMUpskyK/6VOl6ZdbhuLcsYozDLkqK3Xu3DlV+k21b9NGnpjAfyx3ueWWocTYOCV6YhXrcsntjpXLHSufX0pud5UqzpyVmZhiba7wfxsPzqMrSWZgMQxDSTHlap8c2gxo8Z5d4ldKC5g/N6hJA13DkJ6ZYGjDNJfuGWqoo/Vv+ZIR65buv8nQW4+49PTXmyi822fquWAQKWn47VaV6IKh9o3qKUEa3lZ69S+m7lhi6hd7pLLAqj7XG5rUUfpol6lxC/0a9xdTH1VY6+KvNDQ12nkTpK90kfbtMHXvEr+GPW/qj4FqWEkafpuhSfbtoxlq6H9vllpLUon07HK/Uqb79YXlpvYFzj/8qy79wLFbtb5qaGCc9XLfUVMfSdJWU+8F2i5f27+6cDqgo6E7k6Q337Kewx0rTb0ZTNZjpfFjolfcZgyQ9Impny4z9YWFpn66IzB3r6TWfQytjvb8AAAAAAAAAABohESPJF+p/H6/1VK50qfKyopQtW5lZaV8FZXW3LmBwNcd41FSu7ZKSPSo9FyZysp9OuetUGWlX/JJ/gqvzhYVy2XEKNbjlumOkWITZRqx8nsr5Ksok/ymDMMlIzBPboXpUnKrVvK0aqNSd6xM05RpSKZpyjDCuYlp+mTKJxnWf7T3uCqtewDQIE0W6MbFSH+ZYug7NzZR0NnCTbnV0Mv3N829PrvE1LPW3OGSrCrR70106dOfGJo7xL5l3eVs9uvejabePGDqp0tNvVUUWOGSlGfqay+Y+vsx6e8bTf3CFih3DVa9Ony0w9T1L5l69YD03m5T9//M1KsFgZUphu683rGDw4LhgfbIkl5d4decd63XH71ratzbgRVx0p1jg3vUbMG1UnzgdXawT/UpU9nBoLm9oUnVVNkGvbnerzv+ZD2HN982dcezpnKslv+Kv9LQ95w7yDrH/T8z9YtcUx8dM/WLl/y6Pze8+tqBTfOdAAAAAAAAAADAzmqlXGlV5FZ45auotFot+/0yTVM+n09+qyZWfr9fhtultlf3UGJCnCorKlRcVq6zpaU65z2nsrJzOnv2rD4vKNLnhaf1z10HdOjIQR09sFv5eSfkd8WovPCEKkvPyl9+Vr6KSpVV+lRWVia//PIlJKnUkyBJ1rlkhboKVORKLhmmZPqsKzIDwS6AhmmyQPc39xoa1vPyCrPuGGho4Teb4p5NzVns17A/mcoJhqSS4tsamjrJpfcnR68WrVa59OZf7QOm3jwZfpezO1DRGrD8eLiCN61NlPspl1a95Jw72NScQ+F31QXBFkODgnPanjQ1Z3fk2o+OmQpeXrcro5zfqb2hoVcGXp8y9cdT4VXPfhx+ffMtNRyrwNSCTY6xU6bWHQu8dkkDb3asl5TzrlllnuO/vxZ+nh3bOVYCAAAAAAAAANBI57xSuc8ln88KcCsqrOrcYMgbrMr1B1otm6ZfkqE2V/dW+nVD5UlKUbHXq8KzxSo8c0anz55WYUmpKtyx2pd3UgdOfKZ33tur3e/v16GDx+StcMlnxKispEDe8mKVlZ3W2eIzKvf5pJh45ce2ks9vRUwul9VqWZIUaLlshbsuGYZbMvwq98fonDfyngDUXZMEut8YbOgbg2sIzy5hD2QaGt67ae79vbdMffkJv4atMPV3WwDbdZA1922d+c3wvLxRlJ5zDJwzFShMjf6NqOZ4H9n/oCbafjatA+2R1dHQ+4tdKrIv94ard2s7jiQNv93QtYHtPvpYetO27qO/m9oXeN2xk6pvBV0RuV9UUa6lyrOTpFPhQDzaPgAAAAAAAAAANMapYqnUFy+fz6eKiopQcBtsuRwcC7ZcDq53mYau7D9QHfv0UXGpV2fLy3WurFwHPi3UB58V6rPySnljYxWbkqSPi0t1qrJSZYnJOvTJJ/q48KxOFZ1W6bnTOl1UqNPFJSo2Y3XC1UrF7kSZppVbmKYZqtC1l4YZhhGq2i2piNepYttKAPXSJPHTA8PqETZegu6/yTnSOO9lmxr3tF/jsm1z3w4y6j6/bEvml8rKq19Oh5Ll6hiaZCtX7jrIiAyHf2wo1Gk5xdCkr4a3BQAAAAAAAADgYnS8UCozW8lf6ZPfV6FKnzdUmWuaZqjtcqXfJ8mU329Vyfr9fvn9ptyuWFX4/DpbWqbC0lIrrD1bouT4WF2T3kG3XtNHN/bppS9076Y2rRNVdPZzfXBgnw5+nGdV9J45q0qfXxWeVjISW8twuWSaPikY6Ibmz3WFQtzQuN9UmS9JxwqdnUCBmhjasdil41Mu7wwyqNGB7lWtpS/V2G730ve1gYZiGv0kq/r7ClPZpYE3capf2+Xz4JtJ4df5toriGp001eFRf7XLF56v5Qd9qHRzsH1zHQzsW80/dHf055mWGH79qaM1tGTtV8X1UpvAyzPBuYoBAAAAAAAAAGgie/NNxSZ1kM/nl980VOmcOzdQkRt8XVlZKQXmtzUNQ+74eFXKUEFJmc5VmIrzuFVWXK5PPy1WwckSHdp9REXHP9OnB47r0z1HdPbkKX187LgKTn2m4tJynS7zymf6ZbpjJEmGJJcrHIz4/LLaK8tvG/fLL581HpeqffmhzRtnoqMLaGDZMdG54eVryWMuFf3M0FTniqDAM2yOZzZ1inXs125xrrmQGhIOG3rtZ7U8x/Oo0THkNen1uflLU4xLuuYq52gdTXBp6zermSO3vdSm0Z9QE0gw9JXbHGPtDT3YK/DaL+1yzkfrsCs4z21HQy8McKysh0mDwu2ZT+42df9LUZY/hee0je9maEG0ALitoced1zHA0J3pgddFpjbY5uYNGtSv6mf148zwNR3NqyWQBgAAAAAAAACgnnKPS2lpV8nvt0Jb02+1Mw4GuDLCcyT6/dbr4DrDNJWU2EoJSckqqzRVcK5MV7RK0pDe6Rrcp7Nu7N9LWTd8STcMzdSgIUP1xYwMDRo0UHeNHK5una5Uqbdcpmnqs7OlikloJcN0yZTLMV+uX6Zpna+i0mrF6fdLhmnNr9sutZ1yj4cusYGsUK5oqLR8ul8ptmXOAee2qJ6hHUOlfdl+Xb/Cua6RbjH0aC/pzbV+3fGGc+XFxtQdPzT1pgw9Wq8guHk0Oi5sk+AcuTylJjbww3RJ12Yaev9nLv3jQUM/uN7QN6839OMJhnY8Yuja4NyzJ0390bHr+TR8lEsvZRm6VtK1Qw2tfthQRuDazhwyNce5QwRTT+4OtI92Sd+816UXAseSpK69DP34Xpfen1HbMzQ0yVYN/tZbpv64I8rylqm/5QU2cklDh4f3CXFJ35zo0oIbrYB2+G2Gtk4Mh7X7PlTU5926l6G/3G/oK10kdTH04wddmtotsLLU1Kq1jh0AAAAAAAAAAGiktw+bumlQj0ALZasy1x8IbIPBrmwhbrAVc3BdckqK4lq1kmlKZ4rLlH+6WC6XS7EeUx+Xnda/8w8p9+O9OlGcJzPeq/gEQx6PR7GxbvlMv8q8XpmeZMXFJ8sMhMf+QGtlO8Mw5DJibG2YreB3cJ80vX246vZ1Z+i1nxnqc9JUynS/pjjWPrukGcLJi9iUp/1K+aGpZ50rJC15zFDaAbNZnteSLxlqfdJsgWGuqeun+9V5SX2/g6bu2GVlQ0ucq86zRge6pV7nyOWpxFvfL4FDgpTR39CP7zX0wr2GfnCjoT7BsLxUeu5VU286djlvSqV9XunOrxnautilrRMNfSVY9Vpk6ucra7/3j9b69dPgX8gkSN8MHKtosUvvTzH0g+ulrrX9ccDthgbaAu4n9znW2zxi+2uca/sbqpLpnpb2eaTvTTD0/mKXXrvT0LWBFtJln5iasyL6PX10Uuo60NDqmS4VzTT0g/5SvKwq5Tc3Rv9xBAAAAAAAAACgMQ58Kvli26jA6BwKbe3/FTtYsatAqGoY1vvgEhPjVkpCnLyVfpVV+vVZSamKyrxKiI1Rm/gYVRp+FVeck8cjxbpNmarQmdJSnfVW6mxZhcq8lep0VZoUqAD2+62Wzvb5coOL4Xj/SVl7lStJBz61XXA9TZ1iaHiCtPzp6P/tHnVlaN8/GxJs1oWhoR2lfUeb49gX0ApT+yQNbYb21PXR6ED3wKeX2AfTQA3+Ifq7qTlvm3qvQCqrsI37pbISKWeXqfsX+PVItPlczxtTy39j6o+fSGXBrg0V0r49pu5fbOrZKK2Jo3l2iV/3v2FqX0nkeFm59NFhU7/YVPN3acGAQHgq6b194bbKUa01lWN1dZDaG5rUx7G+3NS4V0y9WWAbK5Xe22Eq62em/m4btjv6T78e2SGdCX5WfunMSVPPvuTXHbW0nQYAAAAAAAAAoKFefc/UFV2ulWmaqqioUGVlZagy13C7rDluTTMwf65ZZY7dWJdbKbHS6TKvyir8Ouc35fLEqWPHKzSwb28NuXaQruhwpTyJrVRaaaiwuESfFZXoXFmFenXuJLms+XP9/nCQK7kCc+daTNOU3zStsDkQKse17qpX36v5v//XzNBXOklnDphVKnOrdYuh4/Y5dh3zoE6dEhizbffaLdWPh+ZTbcAxowu0j65hDuAlj9W8PtpcwsEq0uhz6FpVznPH2vZ5zNE5NXDtr91S9fy1VqhONNRHUraj8jc4p659ifZcnOercr+BZ7ZjomPb4H06nkfk/lXn0F3yWOD+Hd+VqvPsmso+KfXp5hw/v4xW03yN+VckSXp3jku9OjhHLx//PCSNfCbcn/7SYP3DHp5gtRKeU01p/sXF0I7F1g+KTppKqeNf8kyd4tLcwHzBl0bfdwAAAAAAAADAxaZXB+nVB8/p/y16RH6fTz5/hVxGjNXmOMYtl8slT0ysDMNQjCdWLpdbMTGB9S5D+3K269jeD/RZSZnO+Q21a5WkjqmtdFW7turRubNcsR6lpqYqzuNSRWW58j8vUP6pQg3s001dOnbQaU+qvAkdZBhuqxLXCFTkGm75/ZUyJPnNYKWwX1b8ZShj+Hjd/n+ehhfG3WLo+FhD+XWd83WiNc9ueI7YQN6hcNYxdYpLcztJZ2Tq57b8o7pxTXTpeFvTVtkayBtsWUO1+1Zh7Zt2wHa8iS7tUPXXW+WeAu/tmcWSx1zS01Y76iWPuTQpxbZ/4Bm2jshGAvdgz4CC26nm5xfN1CkuzU1xZi+GdvxMWm7bb8ljLk3qaM2DbAX00Y4fznPOhJ5TeCx0bYHrVanU2vn5RszlW/WZB68jIgNzPucA67Ot+f6bU+70o42v0JWk379dt2DsUrX8ncv7/gEAAAAAAAAAQPM68Km04+MkVVxxi/wKtzQOLn6/Xz7TlGlYbZGDY4Vni/TPf+1Sfv5Jud1uJXkMyVepT8+UKO+zM/r4swId/yRP7x84qL2HDmjv4aM6eDxfH33yqbp17qgrO3SQ2+3W8RP5+rTwrMoryyVZx7fOEW6/bM2ba/HLpxP+Pnr7o7iGh7n1Zui1gVZRVziQM3XHBlNnEgxNsldtJki5G6IEdNHGVzjbFJtafkBSiiKrYKPt63SLlCYpd7fteCtsAeJEq9juTftxVvi1/KTUZ6BVjTq1rRVE/t1WgDYlEOZGE5zbNjJsNXX92ijPJRCiRjy/XZISDH0lSmVtUJ8U54isczhC0Cn/NHVGUtfgsQL3aw99Q9cWem9j/2zfMLXupNTa8byeXWK1SR40oPaq2ojzrjD1ZmnVatxnC6z7dzaDPZ+aJNB9ZrOp9z52jl4etuwztSKHQBcAAAAAAAAAADSv/3vT1L1jvyKfz5o3129WhoJVSfL5fPL5/Kqs9OmzwtN681/v63er/qb3cnJklp1VnDtGCTEetYpzy++r0PFTZ/ThsZPavuegcg8c0dZ/79Zb776vvUeOqXf3dHXu2EGxsW7JMOQ6+5lWrvu7Nmd/qHKfX6ZpyDBd8vv9VpWuI9z1+01lfWmA/u/N85ih3CINSpDe/KfjnG9I+ZLS2kYGdR9V05GzunF7q9+5vaKHfNXtGxK4luFjo7cxXtLNCi2d3UL3FYXPFwwY5zpbJkdVw9y2b0i5UQLMiLBZkk5Y4WraVZHDTmeKnCMB9nbIgQrg4LGC91sljA48JyfnfewLnLPW5x5NlfOa+qgoSlAfuP8LqUkCXUma8opfBY65US91h09J//VKlH8AAAAAAAAAAAAATeydw9LOT1MVf/Ud8pl++U1DfoXnya2oqNCp02e088MjWvWXrdr0xg59+mmBYswKuWTKiHEpzhOrpLgYtU2IUcfkGMXKp7JzpUqIcemqju114+C+uu3GQerYrq2SEhMV64qVaZrq0iFFVyUaynlvv1Zt+KdyD36kT08XyuczVeH3yTQNyTQl05rX93PPEGUfT9Q7h513UU/VhLFRXWWFhcPt88QudqkoOB2jXalVxVlFlPHgPLCTZCplul8p0/2ac8CxkaLvW5Wp66dblaCTqsz3aqhriqSOhuP6w1NDSlbFbspaU2ds20ULh6VwRfAFEZyfdqjVYjlleuC6QxsE7he1arJA972PpTH/579sKnW3HbTu9+NC5xoAAAAAAAAAAIDm8dO/mJr53TE6G9s9UJHrU4XfpxOnTiv7g6P661u52rz9PX3+eaH8FZWSzy9vpSm/z5TL5VKCJ06t4uKV6HGrdUKc0lIT1L9zB900sLdu/eIA9erSSSnJiWqVlKy4uDjJHY6S3G63/H6/9h86rvVv7tLqf7yrTTv26IPDH+uzwkJVVFbKb5r6pLy9vpU1SD/9S1MUxZnKPim17uSomowmUEn55tpAeOhYItsm19Ethh7tZc2rGtmyuDFM3fHDcDDcZ6hLx6cY4QrRk+Hg2LmEKkrfMNV5ul8ptnD4tWgtkaupdG0OrSPCWUOvjQy0erZfd4TA/bZ0gT8UuJCaLNBVINQd9gu/Hn/V1KHPnGsvDR+ckB5Zber2Z/366HPn2ktJ+Mck5QJN8tz0TF0f/NGrx4/us0vCP5TOFgcAAAAAAAAAAJxPH5+WZq0xNe6b35G3slLHThbq7feP6s1/7deuD4/o088KVemtkOk3VGn6ZZo+FVf45PVVyjAMxXrcSk6MV6uEBMV5YpQQG6vk+Dh173SlPB6PDPkV545VfHy83K4Y+U1TPhnyVlaquLxSlZWVKi8tk0+m8j8t1PZ/faANb+bqpXVv6vW33tXpc+W6btANmrXG1MennVffMFP+ac31+uiUWqp0A+FlXeZObRxDX+nkHGuYZ5dY8+MGw9B9RVaFbrUVt1WYuuOHVmVwdS2R86O0VZbCLaqdbYwbItj6uDZTB0SGo9Xe78QoVdUXUp2qr5tPkwa6Qb/aZGrwU37d8DO/7vutqYdevviXe14wNWSuXzfO9+u5rY3/YgMAAAAAAAAAADTE8ndMHS7rpjYDvq3t7x3V4SOf6XRRiSq8lTJ9pkzDkGlIhitGfsOlMp9b53xWoOd2u5WYmKjUVolKirPC3LKyMhWcOqVYw1SrhAQlJMYrxm3Nj6vA3LiVpkv5RZVWVbC/IjR3b0VFhQpPn9Znp4u15Z//1pHS3tp1qp2Wv9OEWcobpjpnS617GSqKMm/skseCbYtNLT9gbRduYyyrWvQxo/YK32gCIbE9EJ06xdDwhIit6u4WQzsigmlrjtvg/LPPLrGCw0k/c1zvxHBr5qlTHNW4gfAz/4RtLMTUHRsC7Zkjnp2hHWOtCtrrV9iGG+jZAmcwG6i+tY8Fqp3tot+voR1DIza7oJZ0k1SkC1r8aLSa5mvCf1EAAAAAAAAAAAA4H1Y/aOjFl3+vzWsWqLKyUmalTxUV5ZJpyjAM+XxWRW2s4dc1aXHqdUWi4j1xSkqIlUuGzpacU2J8nFJaJemqtCuUnp6u+KRExcfHKzbGI0ky5Zfk16bdJ7R25ymdLTojv69CbTt0VnlpiUqKzyghMUkVFRUaOuI7+tb4iRq3tLmiJ0Ov/Sx6mLrc3tZ3ojVvq92+bH8ouJw6xaW5nUzNcXQorW5ctxg6PjZcWXrmgKmfy9DcXuHzVruvk+NYChwvsh10lPssDR976hTHnLqBNtPBLqNLHnNpUorzWgztcMwlXOW8gWvLtR3LPp5ve4ZVWcdXxDaO+yg1NWeD9GiVY1W9tuXTTQ1dbCgtdI3Rjh9+FhGff2Bb577h94FnJLNKR9eqzy76ec+n3OlHCXQBAAAAAAAAAAAuRgmx0p8ecum53/1ef//Dz63K2UqfTH+lZBhWBa23XIb8Sk2K1U3dktQ6MV6eGLeSEuLk9XrldklXtGurdu3aKTU1VcmJCdbcuS63VeXrNpR/ukRLt3ykgmKfis4UKMblVuv2aTpXXKSSotOKT0zUTaMe1rfHf0Pf+I1fpRXOK8XloLqQ9KIW+OOAyMD4/MqdfrR5Wi4DAAAAAAAAAACgeZVWSN/4jV/3Tpyk+/5zntyuGJkuQ4bLJbcnVjHxCYrxxEqGW0XlLn3wudWOudJvtUtOTkqQ2+1WWZlXZWVlOldcrNLSUpVVeOX1elXurVRhUan+nPORThWVyzRNqw2zJMO0QrtKv0933D1T3/z6XYS5l7kp/7RaO0e0g76oGXptoFXJfKHC3CACXQAAAAAAAAAAgItUaYU0bqmpPtffoSVL/6hWV10n0+WW4YpRbHyCPAnJcsfEynC59FGhV7s/86nMZ6jc51eblNbqeEUHJSUlSX6/KioqVF4eCG5jYlRQXK4N/zqkPXmlMk1DFRXlMn1+yWWo0u9XTGofLVr0e/UaNFLjlpqEuZe7N0z9/IA0fKxjjt+LUqBdtEz9PKId9oVBy2UAAAAAAAAAAIBLwKQbDM2/y9A9s/5XOX97TjGeOFV6y+T1lslX6ZU7xiO3S+rS1qMBHeJ1Y79uatu2rVWVW1YmwzDVJiVF7Tqm6WyZT+v/dUj/On5W5f4YuVwulZWWqLy0VEnJKRqS9R/6v0e/qVlrTC1/h6gJaC7MoQsAAAAAAAAAAHAJ6dRG+vHXDPVqdVKzF63Qh/9cIb9ZqdKSM3K7YhUTEyPDMJQSH6Mb+1yp267rq9R4Q6cLC3XmTKHc8a30aWW83t7/iU6cqZRPrkBb5nOSz1T368bo6Rn3aN/p9vrpX0x9fNp5BQCaEoEuAAAAAAAAAADAJeiGq6X/HG7oC1ec0ZNL/6K33lqvzw++pVap7eXz+WRWVsg0Tbk9cWrVqpWSEmJVWu5Thdcnv9+UK8atWE+8YuI8iknppSGDb9Sc/xipXZ+m6P/eNPXOYecZATQHAl0AAAAAAAAAAIBLWK8O0vgvGrrzWkPFhSf0yvocvbf3gI4d2qOSwjz5Ks4oVj4ZhiF3QhvFJrZTUus0paV316Br+mn8lwcpIaWDXn3P1Kp/mTrwqfMMAJoTgS4AAAAAAAAAAMBlolcH6carDQ3qLPVJk7qkGmqfLCV6rPXnvNKpYul4obQ331Tucentw4S4wIVEoAsAAAAAAAAAAAAALVTu9KNyOQcBAAAAAAAAAAAAAC0DgS4AAAAAAAAAAAAAtFAEugAAAAAAAAAAAADQQhHoAgAAAAAAAAAAAEALRaALAAAAAAAAAAAAAC0UgS4AAAAAAAAAAAAAtFAEugAAAAAAAAAAAADQQhHoAgAAAAAAAAAAAEALRaALAAAAAAAAAAAAAC0UgS4AAAAAAAAAAAAAtFAEugAAAAAAAAAAAADQQhkFBQWmcxDApSU1NdU5BAAAAAAAAAAAgPPo8OHDzqE6oUIXAAAAAAAAAAAAAFooAl0AAAAAAAAAAAAAaKEIdAEAAAAAAAAAAACghSLQBQAAAAAAAAAAAIALoFWrVkpNTVWrVq2cq0IIdAEAAAAAAAAAAADgPEtMTFRMTIwkKSYmRomJic5NJElGQUGB6RwEcGlJTU11DkmSCgsLnUMAAAAAAAAAAABohOpymcOHD4dex8TEKDk5WYZhhMZM01RxcbEqKytDY6JCFwAAAAAAAAAAAADOr8TExIgwV5IMw4hapUugCwAAAAAAAAAAAADnSWJiotxut3NYkuR2u6uEugS6AAAAAAAAAAAAANBCMYcucBmorlc7c+gCAAAAAAAAAAA0repyGfscuvVBhS4AAAAAAAAAAAAAtFAEugAAAAAAAAAAAADQQhHoAgAAAAAAAAAAAEALRaALAAAAAAAAAAAAAC0UgS4AAAAAAAAAAAAAnGcej0cpKSlKTU1VSkqKPB6PcxOJQBcAAAAAAAAAAAAAzi+Px6OkpCS53W5JktvtVlJSUtRQl0AXAAAAAAAAAAAAAM6j+Ph455BUzTiBLgAAAAAAAAAAAACcR8HKXKdo4wS6AAAAAAAAAAAAANBCEegCAAC0UBUlp3X6dHgpKXNuAQAAAAAAAOBSZxQUFJjOQQCXltTUVOeQJKmwsNA5hCZWUXJaJRWSYpPUJinWuRrnSehzqEZsfBslVZ2WALigjrwyRbPWfuoYTdKAyU/p8VHpjnEAAAAAAAAALUV1uczhw4dDr6vbRlHyGwJd4DJQ3Y+C8wehYSpUctorT5skEVcG+E5r94YX9MIfspVnr6aLT9fQu+/X/SMHqE3Zbr0w/zV1emC2vtrZtg2aXN7qWZqx6ohz2IGQDC1NntbMnKGVx53j4vsKAAAAAAAAtHDV5TIXLtDNT9K0NW7985xzRT3EmPrBhBLdneZ3rrnMFWvPb3+g6a8clNw9NXHRLzS5X7JzI6BW1f0oOH8Q6s13WtlLZmjh9hJlzlqlaUOcG9Que/F4LdwuZT6yStMynGulvJxsKWOoao8tguFHpmaumqahztXnS8URrXn8R1p5yCoHjW2Tru7dk1Ry5IjyTgfGekzQU1/7WLMWb1P6+EVaNK76u6vt+dQsW9k5QzW03vtV48QazfjvrRr2q0W666psPTN+odSg6zqfduqZb83TNp8U23mwhvWM8m/h9D5t3ZmnijqHZNGCtgv3vctbPUMz3h6mRQvvqsO/kwughD9eaJho3zO7JGXOek7Thjj/lMb6t7nNMSo19HekZtmLx2uhZmrV9KGO3wjnlgAAAAAAAMDlo7pcpqGBbqPn0N2yJUbrPjX0WXEjltMuPbolznnoRsrRvKwsZdmXkU9qa6lzu4BT6zTduf1Dq5Xv3O48OrYqEObG9teDz/+aMBctiy3MVUqmhvZ1blAHJ9Zo5fZ0pXeWtv1hjfIcq/NWz9CMPzhHq5Hzpwsf5ipPf5kzSysPVSi2x116/LlVevm5RXpq9lNa9NzLWvXc47qrR6wqDq3UrCXR4haHWp5PzaxQJ9s53GSGatqqpg+Hmp5X8klq9zU9tXC2Hnr4oarL7EWadoMklWj3sh/pyfU1POmcZzR+/AxtvXGRVq1aFVoWjT+ihePH65kc5w7QB5v1t707tSG7hufqlPOMxo8frxmro+2TrWfGz9CaE87xi12FTh/YqW3bt2nb9m3a/7lzvVOJtm37t3MwJPOR8Pdz1apVWvWrCTqyoLpn2kSuukuLVhHmAgAAAAAAAE2t0YHul75YqQHJpq5o5HL3gBomN2wqvq3a8k708xS+vVl7nIMXUPHb8/TI8wel1AzNXLpY46hqQktiD3PbZGrm4mkamuTcqHZ5/9yqvM7D9MjdmdLxrcpuTECTMU2rLmiYK5VsWa7lRyV1m6CfPzVBA9o4t0hSn1Hf0OA2skLGWjTp87ncJSbL4xyzcwdflGj3suXabG+VHZKtZxZEr6pOH7dIi8anNyB4R03yVi24BIPb6CreWqDvzZmnZxY/o2cWP6MNh5xbNNJVd2nRI5mX1TMFAAAAAAAALhWNDnTjepXo9UeK9K9GLj//QqXz0E0n9B/qpa1vbVXVSLdQb20OxLm2bS+k5Btna9XGjdq4aq5GEuaiJXGGuYsaFuZKecp+O0/pNw5VesZQZSpPW/8ZjsLyVs/QjFV50vGVmhGoxstbPUPjF6/RmpnjI6r3shdb78NLZPVe3uoZEeubq0Jt966dkjrorv+8S+lRfkt2vvIjzVuyUjtPO9dEU/PzCW0V9d7CLVe3LRiv8YuzA2POClLnWF7o2YaXZ6qp8rXva72O3M/xOQQqLqtea+Boi8drxuo1oeM0eaWrz+scqcGnOl3gHJOUk61tytSEalpkp49bpFWhtsfOZxttrObnXd33PfIzj/L5nFijGc7PYnF4q2Z/1k2l8wRNuClPKxdeHiH5p59+KknqMGCERtw6Qn06OLdoAhnf0ITOtt+SE2tCv68hEWOB7+zqyO9Utd+ZKsdzfscjz1Xjb/eJNZox/hmtCX7fZ14e3wMAAAAAAAAgmkYHuheFhJ7qmRZ4vW1b1bbLp97S5t3Wy/79+jtWAggrCYe5ilV6d492Lv+NfvPr6peV71ghRRU5f9LK4+ka9qV0SUP1jfHpyns7O/Qf7IMVj+o8IbKF5/aV+vjuQJvbcenKWz1DC49N0KJQa9FFmtDZFgLlPKMZq7prpq3tqJqpQm3oxKc07cnHNaGbc41l8Lee0uzp0zQttMzWtOrma63l+SgUeksTfmW/txl6Jmeopq2aqcxg29Xpdatbzl48Qyu7zLS1aZ2pTG3TQlsYGJ3Vfjm83yJN6CzppgnW53ZijWYsOBK+zlWrtGh8epVKwbxVW9UpsE2Tt3I+8ZoWzKv6/bSWJ/XiO84dqsp+e5t009AmqwKv0/N2fN+t77PtM39EWrnK/q3I1jP/vVLd7e12H8mUti+MCOGa9Vk3oaHTZyrz+EotqOGPMPJWz6ga9uU8U2UsMjwMBuFW4Oj8Iw/nMaP/4UTz6D3SagX+1Wp+RxonXeldpLy8j50rarRt1VYNC33nMrVtQV1aXgfmAFb493nReGnlf1vPvtbfbknSNq3Mm2Ctb6lzRAMAAAAAAADnweUR6BZ3UZcBwTdbtc3Rdjncbrmn0tJqqeI6s0fr5k/X2NsD8+zePlb3z1qqrXn2Y+Zr9UPhuXgfXpUvncnRsln36fasLGWNHKv7n1inY/Zd3p5nm793niKKX+zrLvC8vrjM5W/Rmu0lgTcVytu5WZu31LysWfqaAn8vEcEKxwKBn6T0Lw1T+vGV+lN1lV8hmRpqC6AiqyIlKV1Dbwy/yzt2JPRaauY5Hq/orcy+NZTVtemuwTdlKjO0DFb3aqqba38+gQre8Y+E7+Wqu7SoEQHd0OnO8Heoht5ke1tH2YsDIU7wWFGeefqXhlUNZzoP09Dm+FykWr6vu/VpHVpgR+MM+pwViDWp2/O2f9/ztOYP2yI/84xpmhmxT5S5jTOGKtP2VmrGZ/15tlY6A/MN+yVJp3NWOoL0lcr+zHkAp6Ga9kim8lb9qWolcj1kLx6vhQqH54vGH9HCmWuUF/i9iPxjCevfVubd1u9K9uLxmvH2MFvwOFPdV81o1lC3pan6ncvTyj/W8omcyNbW4+maMDP8+5w+blGoNX5tv91BmTc21Z9QAAAAAAAAABevJgh0XSovjtVnRY1YiqP0Jm1iQ28cFnod2XbZ1m45PUOZ3UMrqjq+Wg/fPV1L/rFHxcEDVBTr2L9X68n7H9LS3VWbOUuSirdp4QNztOLf+dZ5fcU6tm2J7n96s4qd2wItWdrXNG3yAFkZZKx6j37IVm0abZmtpxZMUujvKUKylb3d8R/qrxqqYZ2lbW/XEhJ07qROzjFFtvSdYatYTB83wap6bO7KuuOb9YIjyFpT3W+C8rRt2W+0ZlcwHHeqy/P5WB8fl7p3qRqANJY9pFy43bm2ZnmrZ2jh9kzNjFpNZ2vN/N8rq7ZP7ZIeZZ/m0WbgXXpo+jRNurmGAL4OrIAqEPT9akKDrr/G5x3xfY/+mXdKj3ZWe6tbq/12hGZ61p9uX6M1zsB8t1WlX3I02xGkr9HCP+x0HqKqjGmaeVNdKsWrcWKNVm7P1ExbeJ4+boIyA/NSW38sYZuj+kS2th4PBOkn1mjl9shQMhQyOyrmL2VRv3PH8mq+/48/Vp66K722Pxyo5rfbkq5OUX/wAQAAAAAAgMtLowPd41uS1XtBor74y0YsC5J124Y456GbVPL1t2pYMDe2t122tVtOu3WYegV3cCrN0cKZS3XQJ8ndUxMXrdXGjRv1199MVk+3JN8xrV7wkg4695N0cNVSbSh0jkratkHboo0DLVj6qMf11OQBSlKF9m/4mw63G2yrOHUug9W7XazzEMpbvTI8v6utsnHlcUnbs+tViRcKw2wtfReNt4cP4XbAVptfa/umDnbzsl/T3xxB1ms7HNXBARU5f9IL6zdr5VtW5aJTUz6f+gi2pLW3qI6s/qxFqB2wVYEXEprTdaGOjA8EoA0MP5vEFXdp9o8maMRNmfralPl6aKBzg+iG3pjZpM+/0c87qmBobm/nbLXfPh86jJ6t+bMcf9gxurckqc0NkyLHZz2l5x4c7DxEVEO/OUHpjrbRdfbxx8qz/VFHOOTO08cfB/9YIjyvbN4/tyov2Fq7ulCyUyelH/9Y9Wtc3BLkKe9Yy6h6rf23GwAAAAAAAEBQowPdz04bzqEGOXim0ZdSs4RhGnlr8E247XK43XKaRmT2DG/vULhldSiUTb79e5o8IFmSFNvjm/rmjYGN8rYp53h4n7Cemvz8X7Vx41/1wnft59ipD6IlwEALFwp1fUf0lyee1PK91VWaRmO1M9VN9rlD7RWO27SyzmFrsO3wIq2ytfT9OC/6/sFqykVR5qNtUvEDNOnnz+m5SVaQFeF0tn793DaVKElfvSVamFXX59NJnTpLR4414i5O5CkcOQeqgh9ZFWqJGgx/6uTEGs1YsE2Zj1RtZ533z63K62zNlbloXCCw+fjj5nv+tenUwVb1mqQOadX0vXbKGKrMen0/HRr9vKN/5hHf95xsbVOmFRAHK1IjztvM3G3UfYjjDzv6WVXQSV0cf/wxpLfaVP17j+iuukuPjE/Xtj845sqts8AzcSxWa+pA2+W8j0P//iICz+q6AjS7dA0eWlMFeZIyM69zDtYs509aGaw+rk6Uf5tRv3O1VXl36qR0HVFe1Bbk9fvtBgAAAAAAAC53jU5Rr7ujVCvGVOg3jVq82vaNYMls88m4eUTotdV2OV+bXg+0W+4xRqN6hLd1OvB+uC1k8WuP2ua7vV3zQr0sj+mjKOU6aeNnamK3WEmx6jJ+osJXIXkrbW+Ai4gz1P1L1P9oH0VwXsVvRqkQC7QVDoat6V26S3WogrOCmMDr1TMi2tZaVWDP2KoqA0HCjUNrDiMaKKlNG6lst5bPeUIvvHNEJaH27CU6sv03mvFfC7WtSOowdrbur9qLuh7PJxBCRcwtarXZtaqPneGf9d4eiGX/sWrbY3twk704UBVcq2w9898rlXfTzOrn77V/joHw94LZ+ZqW7z4tSao4ulIvbqrrHyQM1bRfTZBWzdB4R/vfvNUzrDbSoXmPm+N5p+uuuzOVt2pBeJ7enGeqtmmOCNECn03kBhel9HGPaIJWaoEjUE/vUnWuhIi5s2sMFi3pXxqm9O3Zyj6Rra2aoG8Ev8edOkW2Yw76+GPlnYegt/v4JXp52XN67rmqy7LlyzRtSF0T8fC/u/Tx3whX0F+Vru6yz4drzdPsVPU7V81vlF2g8jlirt0TazTDNs90Tb/dAAAAAAAAAMIaHegqxqubBp/TqEYtpeoc4zxwM8gYqTFWYa3VdnnfNm06ZL3tOSJTafZtm1BycvCkktzN21oaOJ/C7ZcLVVDkXBtd9h9XKq/zMA11tjCVQoGVggFKoCJy4fjx1bRaTdddC2cqc/vC8ByMbw/TokfCx0gft8iaf9PeurjLzHClaBMb/B+L9NTY7oqtyNPmxbM0+Z7Aee+ZrFmLNyuvIlbdxz6l+d+KUr1bz+eTPm6RFo0/EnFvW29cFLi3YOA7Q+NnrlFe8FkdXxlofzxe2TfaW/HawsrA+oWaabVAraXNcLBFtGyfQ3B5JifKZ/DfWzXsVzOVqXCb2+aTpKQqBbh5+tuT39P48eN1z6NrdMTnWO3uoA5tHWNBV92lRasWacKxyHsNtU0OzdPaTM87Y5pWPdJdK/87cO4F0gR7m9qMaVo0XuH14xdKjyzShLrMT93iBQPtwPctqFMnpR9fqT8FfyNOrNEC+1ysV92lCTflaeVCe3VvntYstr2/6i5NuGmbVi7cKtn/2CPqvtl6ZsE2Zd4dbZ7opheb1EZt2uzT8u99T9/76WaVtGmjNm3aKCneuWWkyJbt1rzV3R+xVclLoe9heujf7gLp7qrt0DPHD9PW0HfuiCb8qmolflXpumuh49/Kf2/VsF8t0l1X1f7bDQAAAAAAACDMKCgoMJ2Dl4Yczcuao82SpBGau3G2MiTtfGasHn2tWJI07OZh2vrWVkk99eDvfq1x6VL+qod13/OBPsg9HtSLvxmnNEk587M05x/WcPIdP9faadFapQbla/VD92lpMCx+4EX9enwwLrZflzTiyY2afaOkt+cp6/HQaOh6Janwr49q/KJAhbDtmoC6Sk1NdQ5JkgoLmcS5yZQc0c7cCqXf0Fsd3FJFfrZeW7FGG/Z+rNOnKxTbpo069R2puybeoaFp9aiqQ6OV7HpBP1rwN+WVOddEEdtBg++drdmjnJEWGiznGY1fsE3p44N/bFAHOc9o/B86adHCqqFp9uLxVoWoLVTMWz1DM4IhbucJWnT3x5oRsX+e1syMrIDOfCTYcjkg55lqw0rrnOH3VfZtAhH3UJ3OE6I+k+aTrWfGL5Sa4X4BAAAAAACAS1l1uczhw4dDr6vbRlHym8su0NXuJRo7Y52sSDfAFpJWF+hGjLu7aORjP9GDN3ZRcqxUUZyv3VuW6cO02Zp4vRoW6Dqua/B/vai5X0+TCrdqwYNPanPwcyPQRQNU96Pg/EEAgCbn+1T738lT7KDB6l6lWhohJdn6zZwX9O9y54qgJHUf94hm33b+4lwCXQAAAAAAAKBhqstlLlygW5ygZ//qVo3T/tXK1K1fLtWotn7nikaoJtDVHi0ZO13rbImuPXCtLtDVqQ169N6F2ulszWkTCmcbEuiWbtaTd87T1sC4XXJysoqLAxdMoIsGqO5HwfmDAABAGIEuAAAAAAAA0BDV5TINDXQbPYfultc9WrDHrT80aonRQ387X3PL9tfIO+xxaE/ddlMd4tH2IzVlWoaqf7SNlDBMI2+PcvTUEZr9IP8VFQAAnG9DNW0VYS4AAAAAAABwoTU60B3S36crGn0U6abuNZS+NrGeN40IV7gOGKm6di/scvtc/fb5mRp3ndVq2RKr5G6DNXLaYk1t1H/wjFXGtKV6/I7+oWMn9xmjx/9vtjJaO7cFAAAAAAAAAAAAcDlofMtlAC1edWX7zpJ9AAAAAAAAAAAANE51ucwFa7kMAAAAAAAAAAAAAGgeBLoAAAAAAAAAAAAA0EIR6AIAAAAAAAAAAABAC0WgCwAAAAAAAAAAAAAtFIEuAAAAAAAAAAAAALRQBLoAAAAAAAAAAAAA0EIR6AIAAAAAAAAAAABAC0WgCwAAAAAAAAAAAAAtFIEuAAAAAAAAAAAAALRQBLoAAAAAAAAAAAAA0EIR6AIAAAAAAAAAAABAC2UUFBSYzsHanD17VsXFxSorK5Np1nt3APVkGIbi4+OVnJysVq1aOVfXKjU11TkEAAAAAAAAAACA8+jw4cOh1zVlN4WFhRHv6x3o5ufny+VyqX379kpKSpLb7XZuAqCJ+Xw+lZSU6NSpU/L7/UpLS3NuUqOafhQAAAAAAAAAAADQ/Boa6Nar5XJ+fr6SkpJ09dVXKyUlhTAXOE/cbrdSUlJ09dVXKykpSfn5+c5NAAAAAAAAAAAAcAmqc6B79uxZuVwuXXnllc5VAM6jK6+8Ui6XS2fPnnWuAgAAAAAAAAAAwCWmzoFucXGx2rdv7xwGcAG0b99excXFzmEAAAAAAAAAAABcYuoc6JaVlSkpKck5DOACSEpKUllZmXMYAAAAAAAAAAAAl5g6B7qmaTJnLtBCuN1umabpHAYAAAAAAAAAAMAlps6BLgAAAAAAAAAAAADg/GriQPeoFg32yOOpYZm8XtJ6TfJ4NOl15/6Nd3ThQMc5B2rRIedWNWnIta3X+tq2f31SlWdRv3NYwvcXvK86nBsAAAAAAAAAAADARamJA91umrHTK683sKydIGmC1gXfe73yLhvl3KnJrJ/sUe+XJmu//XxrB2lWv/qEp6O03OvV8tHO8eqs1yTPGL3iHLY5unCgPGMV+Rw+nK/csR4NXHjUuXkN1uvx2Xs1Ya1XXu8uzehR+7kBAAAAAAAAAAAAXLyaONC9kNbrlZelCU/NUDf78OjlWnePtHL1evvoeXRUa1/aq77znlRElN1jhl6d11d7X1qrOke6h/YqV301uK9zBQAAAAAAAAAAAIBL0YUNdPcu0sCaWhA72hTXpZo1d2/VbUYtc1QGR2l/HD52ZMvlowsHyjN4kdZHtHKeJCsetipkV0paOTbYTjq6vbs/dA6p28xd8u50BNDV3fPrk+TpN0t7tVez+nnkmfyU49xPVWkVbbVnDl6rQi2xI45Z43MYqEULg9uEj7N+sn2f+ra0ht2vfvUrnTx50jkccvLkST3zzDPOYQAAAAAAAAAAAFwmLmigu3L2Ts23tWdeOTYcDlZtU7xOg2b3riHUHaUn5/XV3tm9qwSQEQ4t0sCxuZr/Ybj98f55fbV39p3VB5MfzNIsvRrYfr/mX7NSYyavD7RnXqcJktUGOWo76W6a8dQE6eUxtQag1j3bru3D+VLwnkcvl/fD+eqrvtb6ZT9ynPtH+pajEvnD3Xsl5Wpv8HyH1mrZB301+evd6vgc9mrWS4MDLayXa1QgEB6jdY6W1tXfE6q3dOlSPfrooxo+fLg++eQT52p98sknGj58uB555BG98MILztUAAAAAAAAAAAC4DFzQQDeiDfHob2mC9mrnXoXaFE9Yu9zWpniUlq+doL2zH48e1AYrXgMhp7RSY4JVpIMXhdsa95ihXd5dmtHDtt/XJ6vmLsYTNH9msI62m8be21fK3Vv3VsmjlweCYFkhaT9npa9srZlfDV9bPdsyjxo3QXr5lVD18CsvT9D8edKyP1t7H/3zMu29ZrLG9qj7c+h779hwBfGhtVr2wQStswfXo5dr3T17Neup6j4VVGfMmDHq2rWrDh8+rFtuuSWiUvfkyZO65ZZbdPjwYfXo0UOjR9d5UmcAAAAAAAAAAABcQi5ooDuob0SzYZsPtfODQCthe0vgsSudG0YxSstDVb1W1ak+mKXeVdohW62VPR5PoJVxDa4ZrH7OsXrrphk7w9flXTvBCp1DYbN1z85n0u3rk9X3g52q2rA5itHf0oRgRe6hvcq9ZrDG9h0UCoQ/3L03MqCVan0OEdezd6f22oPywDLmZfseqKu0tDS98cYb6tq1q44cOaKbb75ZJ0+e1MmTJ3XzzTfryJEj6tq1q7Zs2aK0tDTn7gAAAAAAAAAAALgMXNBAt1qH9io32ErYFs5ai71qt3bdZu6yQt1g5eqh4Ly9Y5Q7b3+otbGzMrXZjV5uhbofLNPamtoV791ZJWStXj8Nvmavlv35qI7+eZl071h1G/0tTfhgpz7Uer3ycqDdshr2HI7uzZU0wdYG27ZEbTeN2qSnp+uNN95Qt27ddOTIEQ0bNkzDhg3TkSNHdPXVV+uNN94gzAUAAAAAAAAAALiMtcxAt0dfDZKUu7cujYYtRxcOrHbe3G59B4VeW22H52u/16tdwTbK9QpN6+n1SdXPm9t3sC1A7afB11S956N7c+tRIWy1g9770uN6/CUFwttR+tY9K/XK5Fe0UoPUN9BiuSHPwXqOtjl50STS09O1efNmdevWTUePHtXRo0d19dVXa9OmTUpPT3duDgAAAAAAAAAAgMtIywx0NUpPzuurvbPvjAhC1092zIdr023mfE2IaGEcdFSLfrQycr5eewvjQ4s0sE6tnKsTPYgNGf2k5l+zV7P6VQ2b1z81S3vvmR+YxzYQxtrv+dAi3Tk7WpvkoKrntlo0r9TKD8Lhbb8BfbXy5ZXSPd+KrG6u73MI3ss4+zO2WjYPXFjN/aNOOnXqpC1btig9PV1du3YlzAUAAAAAAAAAAIDUcgPdYKtkaVY/21ytufO1f+eMasJNa+7cdYNmqXfEHK+9tfOpcBVqt5m7tO4e2zyw/ZZp8ofrNEFWq+L6CwaxvasJm625c/fPy60y9+ysAfsjWhV3m7lL3rWDwvfcb5Y0b3+4graKKOfuMVaTr1FEeNvt65PVV9KEcZHnqv9z6KYZO/drvuzP2GrZXP01oq7S09O1ZcuWULALAAAAAAAAAAAAGAUFBaZzMJrDhw9r4MCBzmEAF8iuXbt09dVXO4ejSk1NdQ4BAAAAAAAAAADgPDp8+HDodU3ZTWFhYcT7FluhCwAAAAAAAAAAAACXOwJdAAAAAAAAAAAAAGih6hzoGoYhn8/nHAZwAfh8PhmG4RwGAAAAAAAAAADAJabOgW58fLxKSkqcwwAugJKSEsXHxzuHAQAAAAAAAAAAcImpc6CbnJysU6dOOYcBXACnTp1ScnKycxgAAAAAAAAAAACXmDoHuq1atZLf79cnn3ziXAXgPPrkk0/k9/vVqlUr5yoAAAAAAAAAAABcYuoc6EpSWlqaSkpKdPjwYRUVFTGnLnCe+Hw+FRUV6fDhwyopKVFaWppzEwAAAAAAAAAAAFyCjIKCAtM5WJuzZ8+quLhYZWVlMs167w6gngzDUHx8vJKTkxtUmZuamuocAgAAAAAAAAAAwHl0+PDh0OuaspvCwsKI9w0KdAFcXGr6Ubj4FWvb0/fpiS3F1tsek/XC/05UF7dzu+a2TfOyntDm0PsR+snG2cqM2ObiV/zus5r+xKs6VupRWsaDmvvkneFnvX2esv4n/AR060+08bG6PYEajwsAAAAAAAAAwCWgoYFuvVouA7jc5erZsVnKyrIvY/XLd53bnT/HXvpBCwhzL5zcZ8ZGfh7fXaZjzo0kSce04gHHZ/fQauU7N5Okd+ZVs12Onp3zqo6VSpJX+TnPauFrBc69G6C5jgsAAAAAAAAAwMWPQBdA3b27WZsD2WlYsdb/ebO8zuHG8nmV/+FmrfjfOXp43C+1zbleUvH2eZr++4PWm8swzJWkQUMyIgeOH9QHpZFDkqSCXGUfdYwd2qmdUbY9ti/wTAPaDhkkZm0GAAAAAAAAAODCINAFUGe5b21VlTxXknZs0rYowWDD5Wje6NG6b9o8Lftzjg6eKXduIB1doR/8dLN1PZdpmCtJ6neN+kcM7NHBfREDkiTvjmztcQ4qR7nvOce8+mC/vcY3WZnX9wy8ztDUuXeqS4IkeZSWMVUz72hr27ahmuu4AAAAAAAAAABc/Ah0AdRN6Wb98W/hOLdL5y7hdb4cbXqrKWt0vZLPOebQbaJ+vWGjNm7cqI2/uUzDXElqO0hDu9kHirVnf9VGyjnv5jiHJEm570dW40p7dNCe/LozNPgL4bfJQ6bqhVc3auPG1/Xi3Kab57a5jgsAAAAAAAAAwMWOQBdAnXi3b1KOLWTtOXqUgnWbkpSzYYOY9fRC6KKMjMhq1oOOlslSrnbuCL5uq7ZXhNcU7NkT+bmdOKg99jLsIYOUQbgKAAAAAAAAAMAFQ6ALoA4KtOF1W4Wne4SGfT1Dw+yVobs3afNntvd22+cpKysrvDy9TSreoxVz7tPokVnKyrpfK45LOr5C92dlKSvrCW2OOMBmPRHc94EVshoCb9M8+zGz5kWdZ1fyquDD9Vo252Hdfadt+9Fjdfd/PaHNx4Pb1X68Yy/dH3Ef979kb01cRz6vjm1Zpjn/dbfGjg4fa/S4u/XwT1do2/H6Vzr3vD5TyfaBDz9QRKS7P1vbQiFtT/XsYVu3O1vZ9nbZByP37X/9UHlC745pxQP2ZxT43OqkWNueHhvx/LLGzQtcV2OOCwAAAAAAAADApY1AF0DtPtusTbtt728epkx3F2XcmGYb3KOtb9WxRtd3QCsema5lOfny1tZauTGK92jZf43V3dN+qRU5B1VgDy69xSrYv03ZDchkG+zkej0xcbTuf3qFcvYXqNiW3XrPFOjgW8v0xHdH675ncqPPVVydLwyOrKL9bI/22D6KYzk54Srczj31zSH2WXcj59w9uM/eb7mt+vdvmrlsve88q4Vb7HeVrBEzpiozIokGAAAAAAAAAABOBLoAanXsb+tlj/kyMjIkST2Hj1BEpLthQ6B6thbbV2jZIedgE/Md04pHpmvF/vpXvDaL4m2a91+/1LY6ZN75r/1AP6hP9a+7v67pZx/Yo52hAL5Aue+Gj5U8aLAGDRmq8AzIxdq2I1iTW6A99iQ4OVNDe4ffNlhpjhYu2BwRUvf89mLNvok0FwAAAAAAAACA2hDoAqjFQW3aYAsX3Rm67aZAE94ew5Rpm49VR9drU12CWp+kHuP0ixWva+PGjXp97VyNbC+p80S9sHGjNm78iUZE7DBCP9m4URs3btTG5yfawsjqHXvlicjQ2N1WmQ8t1ouvBo7z6otaPGOUusbatmlGub9dqM1nbANtM/X931r3v/H1tfr1jIyItskHf79Qq6trYV1FWw0aEvlU9gTn0S3NVratujpjyCCpc4Yyos6je1AffBge1/WDNcj2tmG8ynlmXuS9Z3xfv7i3Lp8iAAAAAAAAAAAg0AVQs/2btOGk7f2QTGUmBN/01G232lvy5mvD5ojZW6vRXw/+9EENusIKhj3JaWobOmZTOKj1f7VXuCYr87EX9JNv9Fda8DwJaep/+/c10So2bmY5Wv9Xe31qF01e8BON6hwIxj3J6nn7XP3kdnuku0ebtuTb3tesS0aG7J9EKKT9d67Csx9naNB1ktRT1wywbbx7p/b4JB39QAdtLbAzhjTBw8ldqnn/sN176xH6yexRkXP+AgAAAAAAAACAahHoAqhR7usbwvOvSsq4+TYFYkgp0HY5Ikj863rl2t5H5azsbWoncpVrr269YqTuufkCRojHD0YEpeqcqczOtvcBg4ZE1sMePFiXcDyg99DI+Wg//EAHJeW+G45zNWCohgYC7ciwNlc735e8+w7aWmb319Dr7Z90A/h26tmnXg23Wnb31OQFs5k3FwAAAAAAAACAeiDQBVA9X642v2WvLJVyFoxWVlZWePmv1RGBr4o3a/O79oEouqRFzL3b5HxeRcycm9QqIoS+4NxxzhGLuzFXOUiDr7e99R3UB0cPKvud8OfXZcigUPjuuX6o+ofWFCv3vWPas882U3LnQRpkT+ob4r3Nka2Wk7uoS3vbewAAAAAAAAAAUCsCXQDV8m75o9ZH5rl1UKytb9Vao3t+lZyNDHgvNF+5c8Tic1xlPQPe/v3DEa10TAc3b7VVKidr0ADbvLVt+6u/rUr6WO46bd0T/rCTBw2u01zFNbrue5r9ZVs57pnNemLe+nDFLgAAAAAAAAAAqBWBLoBqeLXtTVu73noo/tt6bbO3GD7fruqinm7b+882aH29M+aDOnY8cqTgs4ha5LpzXs/xXOXYW0JL1vPeFnmR/fv0jHhfm7ZDhkaEsPlvb1OoabM7Q4O/YFupnhp6gy1sPZmjnKPhtxmO9s8N00oZ/zVTI1rbhnJ+qR+8ZJ/fGAAAAAAAAAAA1IRAF0B0BRu07h37QJom/majNm6Msmz4iUbYA0vfZq3f0pQ1sTna9I+CulfZujM0LGLO3GK9+sP7NG/LQRUHDuItPqhtLz2hZaF77KlePWy76Jj++Nx6HSuVJK/y/zpHT/y1gbWl7kyN+qr9evZo6SPztPl48GIKlPvSHC3cYju+O0NjvlrPnsedM5Rhr7o9agtOhwxShv0zkjTIPo/uZ/nKD4XwGRp0XXhVoyRnauqMEbLf/cGX5mmFLTwGAAAAAAAAAADVI9AFEFXBlk2yzagqXZGpYRGBp407U8NujhzKeXNb3QPYKvrrmgH298XaNv9ujc7KUtYDK1R7fadHmdMclaG+fG1++mGNHW3N/Tt67MN64vfbbCFmmgZlRM7sW/zOL3X/nVnKyhqt+xblqNgRiNbHoAcc13Nis+Z9NzAf8ei79YPf50a0Iu753Qc1IsE2UCeOqlub/tcPrTqP8HWDZIt0wwYM1dB6n7t6yTdN1Ux7wO47qGWPPKvcC1nFDQAAAAAAAADARYJAF0AUBdr8ZkScq7a33qaaGgBnDh8ROfDOOm1oYIdiqa1G3h1Z1VlvyZmavWCqBtWjyLXn+AcjQ1e7q+7Ug3c0YlbZOl9PsgY99GstHt+wc0VU3YZ00dAhUU6ccI2u6eYclLoMGqQoWzdCsjJnzFSm/QM986qemL+N+XQBAAAAAAAAAKgFgS6Aqg6t07oP7QNtNWJ4TXGupBuGRbZd1h5t2tLgRFeeG2brhV88qMzeyVUrS+uq2536xYt/0OIZd6p/57by2K7P07aL+n/1QY251rZ9cqZmP/cLPXhzTyUHT5qQpv5fn60Xn5+qjOrC3rrqdqd+seIP+nV11/P172vxij/oF9/o2fB77neN+jvHrshQRmfnoCR1UUaGM7pN1qBrGxYm1yg5UzMfigybi7cs1MK3iHQBAAAAAAAAAKiJUVBQYDoHAVxaUlNTnUMAAAAAAAAAAAA4jw4fPhx6XVN2U1hYGPGeCl0AAAAAAAAAAAAAaKEIdAEAAAAAAAAAAACghSLQBQAAAAAAAAAAAIAWikAXAAAAAAAAAAAAAFooAl0AAAAAAAAAAAAAaKEIdAEAAAAAAAAAAACghSLQBQAAAAAAAAAAAIAWikAXAAAAAAAAAAAAAFooAl0AAAAAAAAAAAAAaKEIdAEAAAAAAAAAAACghSLQBQAAAAAAAAAAAIAWyigoKDCdg/WXo3lZc7TZMRrbuosG3PYdff8/hikt1rHyIlSYu1q/fWW9Tg6dq5/fleZcDbRYqampziEAAAAAAAAAAACcR4cPHw69rim7KSwsjHjf5BW6ye3TlJaWprTWsao4c0w71zyp+yYtUU6pc8uLz4G/LdWGfx/T2UrnGgAAAAAAAAAAAABoek0c6PbUPQte1IsvvqgXV/9Vf31+snq6JZ1ap2dXHXRuDAAAAAAAAAAAAACoQRMHupFiu03UzPFWa+L8HbnKl6S81Xo4K0tZWfOUU7xTS6eMVVZWlhbuCOxUka+tv35U94+7XVlZWcrKul1jH3hSq3cXh45bseVJa93YJdoTGg3IXaKxWVnKemi1dT5JxbvXad60sbo9eLxpS7Q1r8Kxo1SRt1VLZ92vsSOzrOPfPlb3/35P6Jrn/MPa7uDz91nrbeeoy3UHFW5bqkcfCF5Plm4fN11LdkSWTgMAAAAAAAAAAABAswa6kpScnGy9qNKmuEIbFj2q1fuswNNbKak4Rwsn3acn1+zUsXNxVuvm9nEqPrpVS2eM1cOrjkmSYm+4VcPckoqzlb0v8qg739qkYkn9R9+mNEnH1kzX+BlLtPlgsgbcOlIjrmun8g/X6cn7p2n18fB+xW/P0z3feVKr/31MxQmp1rnbJavgTLGU2EXDbh+pwenWtsl9hmnk7SM1MrOL4lT365akwr8+qvFPrNbO41LXzJEaefswdfXt0QdHykPbAAAAAAAAAAAAAICaP9Ct0IF9gVbL3bvIqtUN2qqth8Zo7uqN2rhxo2bfKO387TxtOCWpz2S9sG6t1br5lbVa++MRSpZ08LdLrPUJw3TH7cmS8rV5u62Vs2+ntm8pljRYozJTpVMbtOS5PapwD9PMV17Uzx+bqdnzX9RvvttT8h3U0t9tVYUkFW/WL5/YrEJJPb+1WGvXrrLO/eKLWjstQ0rN0MQZMzWun3WatJu/p5kzZmrmvRlKVT2uW/na9NedkqSM/35Rv/7JTM2c8bh+vXqtZt8YF74PAAAAAAAAAAAAAGjWQLe0UDtX/Y+efUuSUjVmdIZjg2SN+e8pymgdeOvL0Ya/FktK08SpE9Ul1rblzZN1Tw8rsN2cY7UmHnzzbUqWlP/WVoUi3fe3a1OxpJvv0G2pUv7mddrpk5LvGKeRwfNI6nLzbeopSdtztFNS4VsbtNUnacAUPf3d/grUFNdNva47TskJ1roDO7YpP9j12Z2sLp1TwzsCAAAAAAAAAAAAQNMHuge19DuB+WfvHK9Hn89RoWLV/+EFmjLAuW2GMgbZ3uYf0zGfJPXXNX1s45KkNHXpbr06WxxoTTxopO5Ml5SXo9w8a2jPdqvd8ogvD1OspGNHrKi3+M/TA/PaBpbvLLVCYJ9XknTgfatqtkvGYNU7Vq3Xdafqtm+PUxe3VPjWQt13x1jd/8Qy5USZzxcAAAAAAAAAAAAAmjjQlZLbp1lzyKb117C7HtTc363T4ru6ODdrAj017NY0SQe1aXu+pD3a/I9iKXmMRjqKgUNz3lZZBqutbTuP22N71zxiBzyoF/7wa828a7DSXMU6tm2F5nznHs1725pLGAAAAAAAAAAAAACCmjjQ7al7Flhzz7744mI9/vA4ZaTbehDXJK2jrNh3jz7Y51yZr2NHrFdXXtEuNNpz9Dj1l3Tw7WwV7t6sTcVS8pdHaLDbWt/2CmvW3uLOI605b6ssI9XTtt3B3FzVO1ZtwHWrdU+NfPjnevG1tVo8vqekQm3+vz+GW0cDAAAAAAAAAAAAQNMHuo3gvkGZN0tSvlY8u0LHbF2Ii7ct06pDktzDdOsNtoC4/c0aNUjS7u169k+bVKw03Tmyf2h1z+EjlCZJW5ZpxdHItsbFu5dp9Q7Hdjt+q19usebolSRVHNO6DXvC7wPy8z8Jv6nXdRfq2FFbZOxOVv/rr7Hm7C0ukdUAGgAAAAAAAAAAAAAsRkFBgekcrL8czcuao83qqQd/92uNS3eut8lbrYe/s1QHNUJzN85WRHfk4hzN++4cbS6UFJustHbJUmWx8k8VS0rViCd/q9k3Jtv3UMVbT+r2n26V3JLSJurXv5usnuEDKmf+dzXnH4WSYpXcbYAy+qeq8P0c7TxerBFPbtTsG60tj616WPc/b9XIxrZOU7sEqfjzfBUPn6uNs6yrLHxtusY/s8c6Vlo7JV81Tr+YP0Zpdb7ufK1+6D79tmywhl3bUZ7Sk8rdtlP5FVLPB17Qr8c3R2tqQEpNrffs0AAAAAAAAAAAAGhChw8fDr2uKbspLLQVoLaoCl1JSs7Q7Jdf1ON39FdqXLHy8/OVXyh1uW6cHv/dy1XCXEmKvWmkRrgl+aT+3/i6LcyVpGRlzPqtFk8bof6tpeKjO7X5r5t1oLSLRkxbrKm2NLnL+F9r1U/GaXDnZFWcyVd+/udS+jA9eGe44jf19pmamdlFye4KFefnqzixleJUn+uOU5cv9Fe74t3a/NcN2rBlt4rTB2vcj1/UM4S5AAAAAAAAAAAAAByaqEL3AirerCfHzdNW32DNXPVzjaw+zAYuWzX9lQcAAAAAAAAAAACa36VRoVtvxcr5399oq0/SzXfoturvGwAAAAAAAAAAAAAuOhdnoJu3To/ed5/uGzfemh83dYTmzhimWOd2AAAAAAAAAAAAAHARuzgDXXeFzubnK784Tl2um6i5z89WRtXpdQEAAAAAAAAAAADgonbxz6ELoFY19WEHAAAAAAAAAABA87tM59AFAAAAAAAAAAAAgEsXgS4AAAAAAAAAAAAAtFAEugAAAAAAAAAAAADQQhHoAgAAAAAAAAAAAEALRaALAAAAAAAAAAAAAC0UgS4AAAAAAAAAAAAAtFAEugAAAAAAAAAAAADQQhHoAjgPvMp/N1f5Xud4IxxfofuzspT1wAodc64DAAAAAAAAAAC4RBDoAmh2BX/+ge774Q9037TVyneuBAAAAAAAAAAAQLUIdAE0ndJjWv/bOXp43C+1zTacnNZVbd1S255d1LaWbQEAAAAAAAAAABBGoAug6ZzaptWv5OjgmfKIYc8N39cfNmzUHx7JkKeWbQEAAAAAAAAAABBGoAsAAAAAAAAAAAAALRSBLoAmse3pLGV9d5mOSZI264msLGVl3a8VxyVtn6esrCxlPW01V65p22Mv3R+xbVBw/P6XrL2qdTJHy+bcr7Gjs6zjjB6r++esUG6Bc0MAAAAAAAAAAICWj0AXQJNI+8Iojbqpp5Ktdxr01VEa9dVM9Uxyblm/bevl6Ao9/O05WpFzTN6rMjTqq5nqn+rVsZxl+sF9P9D6z5w7AAAAAAAAAAAAtGwEugCaRM87vq/v3z9MbSVJ/TXmke/r+49MVoY1EKE+29bdQS370TId9Ek9v/2CXn9+rr7/yE+0+KU/6Ce3JkveXD33Uq5zJwAAAAAAAAAAgBaNQBfApeFErnJOSkq+Uw/e28W2IlmZE+9UF0nFb20VkS4AAAAAAAAAALiYNEGg61LRgSQ9tSpZjzZqSdIfPo51HhwA6sbnlVeS2rcLVP7adOulnpJUXKxi5zoAAAAAAAAAAIAWrNGBbvmeRN30coye3+PWHxq1xOjR/5egxw80+pIAXIK8pXWMYk99rgLn2NEDOihJV7RVmnMdAAAAAAAAAABAC9bo9PSf77lV5BxsMEN/3e9xDjZAjuZlZSnLuTy0WvnOTQE0A6/kc45VJ3LbLl0C7ZL3fKCDwfHibfrj36rEtJE6Zyizo6TiV7X0pWO2FcXatuJVHZOUfMNQq1IXAAAAAAAAAADgItHoQNcpLtHUFY3IZD8rMpxDDdbzgRe1cePGwPKiHtRS3Zc1TznODS8COfOzlDX/YrxyXFau6qKebknapnkPzNEv5zyh1cedGwVUt+31w5ThlnRytaZ/e7qeWDBH9098VsfaV2mk7NBT90wZpbZu6eDv79foB+bolwue0PR779YTW4qltiM087uDnDsBAAAAAAAAAAC0aE0b6KZVavujRfrXf1bqOkk9byrTR/9zpsZl/7d96uw8TrNI07gfP6ie2qxNbzvXAWgS7kxNnXunuiRI3uM5Wv9+sTxu50YB1W2bMEKzF0xWRkePvCf3aNtbx5T23V9odmay8whVeG74vl787WzdOSBNOp6j9X/bpj1FbdX/67P14ouzVYdDAAAAAAAAAAAAtChGQUGB6Rysjy2vtNZ39gXepPi0dlqxrjmerNt+79aZqyu19utetXbsE2bo5M443bXFpfLgUB+vPvpWaeRm9ZajeVlzdOyBF/Xr8fYZM/O1+qH7tGmEc7zly5mfpTmaq42zMpyrgFqlpqY6hwAAAAAAAAAAAHAeHT58OPS6puymsLAw4n3TBrpN4TwGuvmrHtZ9m2/Tiz+WnvjOUh1UTz34u19rXHpg61UP677nD9r2H6G5G2crQ5LyVuvh7yxVlyc3avaNtk1C+3UJbxu4ns2hLWzHCbGubekh29CX52rjzZuU9Xh4T4t9/2r2cwS/Ve6lx4N68TfjdHHF2miomn4UAAAAAAAAAAAA0PwaGug2bctlj1/PTDmnbaP9ipMUl16pZ8ZU6Dc1LM9c26g8uX7ytmnTIalLZ3uMuUlP/FT6ycaN2rgxGObma/VDWYFQNjgH70bN/fJmzcl6WKvzJKVn6rYe0ua3nPPa5mjZ8wfV84HJ4eA3EC5HHsc+l2+O5mXdp6V6UC+GzjdXIyTpxtmBfQJB7caN2mgPlbPu09LuwfHAfv+Yo6yHVis/cPRwwGybT7h76OQAAAAAAAAAAAAAWqimDXTT/RrZvkKdv+DXlyR9aWC5xgw+p1E1LGOG+TXAeZxmkaN531mqg1+eG1lRe0i67ceOStW3l2npoapVtBmzXtSDPQ5q6Us51py83x4h/WOZFfCG9t2kzeqp226yjpjz0lId7PGgfmKrFM6YNVcjtFnLVlmRa878OdpcpWI2Q7Nraa+c85J1P5HVuBma/bsH1fPQUi0LzBV87MhB6cu32e4lTeNmUZ0LAAAAAAAAAAAAtHRN3nK5Z3efOp9xa0uBfat6aMKWy85GxT0dLZirtka21DRfbeQ+VVs7R+5rrVeVtsyBNsnd52rjLFU5RjRVr6m6Y8tx/IxQu2Xn/ePyUVPZfnP4/PPP9fnnn6ukpER+v9+5GgAAAAAAAAAA4IJwuVxKSkpSu3bt1K5dO+fqZtXQlstNHOiauq6XX53PuLTuU0NySVck1nJ4r6HPvLb3TRjo1haShubQjaiMjQxDnZwhcM78LM05EqyudYSsgXl27bPwRvjyXG2891i1c/HaVQl0a5jDN+o9vD0vPBdvlWpgXOpq+lFoSqZp6tChQ/L7/WrXrp2SkpLkdrudmwEAAAAAAAAAAFwQPp9PJSUl+vzzz+VyudSjRw8ZhuHcrFk0NNBt2pbLvSq19p5iPfNQpcZIuvWrJfrXI0U1L/9Zqeucx7mg0tSlHvPLZtz7oHoe2qRtecF2yyN0WzBgTe+iLpJGPBmehzdimZUR2qbe6rtfYC7ejRvnasShpbovYg5foGkcOnRIHo9H3bt3V0pKCmEuAAAAAAAAAABoUdxut1JSUtS9e3d5PB4dOnTIuUmL07SB7kduPbsvTts3ubVB0pbtCXp0VXLNyxq3/u08zgXWpXtP6R+bogSe+dq22TEfbXqmbutxUJu252j17zer5wOTbe2bu6hXD2nzW1WPFFaXbaKpYb+8bdp0SBpxc9UK49AcuzqmY/a5f4FG+vzzz+X3+3XllVc6VwEAAAAAAAAAALQ4V155pfx+vz7//HPnqhalaQNdr0sLXonXxO0ulUtSkUt/2OOueTnmKGFu2itqkLTxP9GDPTZrjqOKNWf+fVp6aITmRrRiTlPmiJ46uHmZNh3qqdtusjcyTtO4b4+Q/jFHD6/Kt41LOfODx07TuB8/qJ7/mKOs+RFn0zzb+6ohcw37fWepDn55bqgVc/hclvztm3RQXdQl3TYINNLnn39+3nvNAwAAAAAAAAAANEa7du1afKDb6Dl0D65P0W3ZTddXesDwUr1+q31S3YZozBy6YTnzszTnH7aBaueetc63ubr1UebS7Vnl2gLHsI2MiJgf175+RGgO32j7OY9d5T4i9sfloKY+7E1l586d6tevH22WAQAAAAAAAADARcPn8+nDDz/U4MGDnauaXEPn0G10oKtzCXrq/3n0fIFzRQN08GnTQ8Xq2QKqdOvHClUVEcACLUdNPwpN5d1339XAgQOdwwAAAAAAAAAAAC3arl27NGTIEOdwk7twgW5A+blYFVU6R+shxq8rEn3O0YtC/qqHdd/zXah6RYtV049CUyHQBQAAAAAAAAAAF6OWHug2WS1sXGKFrkhpxHKRhrlSjpY9f1A9H5hMmAsAAAAAAAAAAACgSTVZoHv5ydG8rCxl1WGuXgAAAAAAAAAAAABoCALdBsvQ7I0btXHjRsJcAAAAAAAAAAAAAM2CQBcAAAAAAAAAAAAAWigCXQAAAAAAAAAAAABooQh0AQAAAAAAAAAAAKCFItAF0AKs1ySPR5Ned47X0+uT5PF4IpaBC486t7o4HVqkgYMXqdnv5tAiDazvZxF87vW+Putzb7GfUeC+6vUsqnVUiwZHfjejHfvowoHyeCZpfeRwMwhcz+SmO9P6yYH7asJjAgAAAAAAAAAIdAFccEe1aPAYrXQO10sgnBqbq/kfeuX1BpYP50uzezcgaGx51j81S3udgy3CUS360Ur1nbdf3p0z1M25ukajtNzr1a6Z9dvr4rNekzy9NWvQuvB30+uVd+0ErRwbGYB2m7lLXu9yjYrY/yJwaJFmvSz1vaav9PIsLTrk3AAAAAAAAAAA0FAEugAunEOLNNDTW7M+cK6on/WTe2vWBxO0zrtLM3rYVvSYoV0fzlffD2bpzpZaBXoJGLv6cghlG+7owllaqQlat8wR045erv3z+kovv3IeKnKb19E/L9NeTdD81ZPVV3u17M/8ewMAAAAAAACApmIUFBSYzsFouv5Pa+cQgAvso/854xyKKjU11TnU5N59910NHDjQOVy9Q4s0sN8s7b1nnbw/2quB/WZp0Fqvlo92bliLwHE0b381oeJRrX9d6tdX6tYjuP6oFg2ODJInRJx7vSZ5xih33n7N391bY14ObaV1zurJ1yfJM9ZWX3zPOnkjgrtazhW4/kFr10ljbZXKoePUtH9N6wKc16e+mv+hI/i2C17PvPnKnW2rCq5yX1Z74N6z7XXDzmNXvb7I44Sfc/izs8bCV1z1mVc5r/Pagt+t8EjV5xJF5HH7av68QZo1e2XU70b4+pz3XJV1XNW6nULbDgrcc/D5rNPkl8aEn+M187V/5wx9ONkT/btZ63dK4c9mUOSzq/XZRhV4JoFt10/2aEyudY2hf5F1uqaa7zfav24AAAAAAAAAaAq7du3SkCFDnMNN7vDhw6HXNWU3hYWFEe+p0AVwYfSYoV1ebx3Colrs3am9kgb1rS7u6aZRo7vZwtxA+1vN135H61vnXK57Z/fWK+OCLXLXaYJWaoytffPRhQPlGWsFfqFtXh5ja6Fb/bmcc6euHDtGinqcbpqx06t19wSCLW8wXKz+2KH7CIS54evzav88aVa/2udoXTnbCtirXo8lHDyGj73unr22YwcCQ/v1BY7jfM4hhxZpYDAYDB1zpcbY5pRdP9kTCEcd1xb8XGwBf/AY1nMZWGMb4CrH/XCyls12NAKPcn3W86z52N2+blWtzupX9TtWF3tnj9HOp4LXZVWc9/Z4NGtA8B73a/41kd9N1fidiq7KM6jDPpKk11/RSkkTxln/lkeNmyB9MEuPR5l7uC7XtHf2GC2713ZvmqXel0DbdAAAAAAAAABoKAJdABe1o3tzJfXV4L7ONdGF2t/aK/5GL9e6e6S9sx+PDDrvWWerzBylJ+f1lT7YqQ8lSev1+Oy96jtvf8Q2y9dOCLXQtc7VV/NXVz3XyrGRoWr041Q/F2ld7sN6NhP0LVtlal3naK35eoL3/mTEcUb9aL76aqVeeV2SPtTOD6S+9461VVbWPGfu+qdmae8187XfFvKPWmYF6a+8Hp6ndcJae6Vr4NqCAeLendqrvpr8dds5Ri+X19mO2y44/+u8V8Pb9JihXWsnRGxmzWMc2Tq528xXNf+avZo1robA0XasvbN7y+PxBJbag3XJ8T3sMVaTr7HC/VdDz7Gbxt5r/25aav4MHaI9g9A+Y6r8AYLd+tUrpWvm68nguUZ/SxMkrVxd9e7qdE33rLN9R7ppxmorxI4WEAMAAAAAAADA5YBAF8Bl5cPde6VrBqufY3zUuAmScrXXFiz1HeDcyubQXuVGqwwevTwQmB7V2pf2StdM1lhHkBjtXFWO03dwjXOR1uU+rMrQlRrjqX9laJXrGf0tTQhdT2Qwu35yIKCMaHM8St+6Jxhg1iW4PKq91gN1tNa1zrV8dDisrRLeBwLE3L1HQ9c5q5+nSuVntaKFwAp+BkHr9crLku75liMMjx6mVjF6ua2qN3hU67Op7Tpr/B7WoMpnWMN3ypoDN8ozsD/baIJBsCO4/9Y9qhrU1vGaqtxvj74aVE1ADAAAAAAAAACXAwJdABe1bn0HSdqrnfYJU6sVCA0bJRDEBlo91yrQHjdclelxzGmr6BXGgRArujreR48Z2uXdr/nXRFaG1h7uRrkeh6MLB4aON+blvlab3g/n2wJQadQyq91xKLissSrVquitiVVxXBsrAF53j6SXx4SfeQ2habXHjfYZ2I8ZWCLnEa6dVSUdbJVsHbOmCtiGifIZRrufCIEgPOL+7PMFV2UFwc7K4+Dcvs7wuG7XVCX0VT8NvsYxBAAAAAAAAACXEQJdABe32ioIQxWkk7Re3dTXmR41N9t8q5GLvQVwlEA6UAEcXX3uw5qDN3heqyVz71pC3SjXY3doke4MtJuuei8OtspUK/CNnBO3Pqzwvm5GLQvf8/55fa0gtppQt9rjRvkMwvfsXKprY71ek6oN0QPthGv5/jZMlM8wyv1EmhAxJ7J9id4m22q9Hf07HvhDgpfW2lpR1+2aqj6L2sN+AAAAAAAAALiUEegCuMgFW/s65r8NCrSEDbbK7Tegr/TBMq11tIJdv3qlpEHqW10w6VRdkHxokQZ6PJr0eqAVb2A+XTurujUy1KxynOraAAc09D6sOWmlvbtrbBBc9Xpef0Urg9cTqE52VlIGqzWr1WOGXp3Xt0q7aUugTW/uXsdctEe1aHCgwjZKe14peG1VryfImuc22rEDqjtuRBV24HsWEVBa1k/2yDO4ujl0a/l+BlR37Y1R5TOs4TsVbM9tzX9sE/o+O8YVfu4TxkWLsoOtqCPnvq3LNVX5bgZC3+jnAQAAAAAAAIBLH4EugIveqGX7Nf+alRrjGRg5Z+ehRRrYb5b2aoLWLbPCoG4z51tzrI6zBXCvT9KYl6W+856spsoymlF6cl5f7Z3d2xZ2HdWicbO095r5enJ08FwrNcYe9oWqWyPPtXf2neFrP7RIA8eulO6ZH6p8tQLc8DytdbkPKzh2PJMaQ7iwGq8nMLdsxJymgfsKsypTI6tiq59XWJJG/Wi++n4wS71t+xxdeKdmfdBX8380SuoxQ/PvcVyb1mvS2JVS4Jnr9UnyOAPIQ2u17APnPK82gaA56nFtol1f8JlPeGpG9GOHQvRolcnrNanfLO29Z501R3ATq/EzdAo825Vj7d+XyO+zk/XHAxP0rSjrFPqORn5P6nRNES2oA8+ommsAAAAAAAAAgMsBgS6AlitQHRi9Xa2d1VZ4/zxFzgHab5Y0b7+jHe4oLffu13zZ5rYdm6v5H1bXVrZ63WbuknftBK0cGzxnb80atE7encFwL8q5+s3SoLVVzzVh3mQtC1578LoDIbRsFZRjQs8jyrEd99Ft5q6qz2TsSk1Y6601QKzxenrM0K4P56uvfT7Zfjs132tV/1oB3igt967ThIg5Z3trluZrf+j5OPSYoV2OfXrPHqR1tpbOo5Y5P+cxyp23P/zMRy93fCbh63c+c7uqz2qMNC9yTuBo1xd85jU/z+C8vva5hAPnWOuN+JybUo2fYRRVn63z+2wTqHx3/mFCpEDV9cuztOiYNVKXa+o7b74U+vzGaOU91VwDAAAAAAAAAFwmjIKCAtM5GE3X/2ntHApL9+rnX/ZqxJV+pdQjIi7/LFbTnk/QFucKAHXy0f+ccQ5FlZqa6hxqcu+++64GDhzoHEZtAlXEg+oQsgJ10hK/U3W6pvWaFAjoawrfAQAAAAAAAKCp7dq1S0OGDHEON7nDhw+HXteU3RQWFka8r0f8Wo22ZVp7X6nu7u7TFfGm4jx1X1LSfTVU9gAAAAAAAAAAAADA5a3Rge7doyp0Xbxz9NLzwLeL9NEPi/WAc8UFV6pN/3NG73+73LkCAAAAAAAAAAAAwEWu0YHukFS/c+jCGlOsj/7njDaNca5QKPyMHsyWa8UPw+t+PqW67arTUoLVlnIdAOqkxwzt8tbUhhaop5b4narTNVlzDdNuGQAAAAAAAAAiNTrQjabca1S/NHf+u86tg5J6di51rpFu8KmDJMVLvZzr5FfHeKnok1g971wFAAAAAAAAAAAAABdA0we6XrdWvp6gH1SzzD3Q9KeMlKB3T0lK9lWprn2gj18pkiSfhjgreMf41FPSp6fjJEmPLmmtrj9Lrke4m6Db/qe1vvB7a/8Lp6VcBwAAAAAAAAAAAIDGavp01ePTt8ee0zPVLE/2ae4SXenAWUOK9+vWG+yj5br1SlM6ZVXwdmgT2ZL4gTZ+SW69uy5iGAAAAAAAAAAAAAAumKYPdL0xWvA/rdW1miXzvaY/pdPz+1wqkqkv9LGHtlZL5YPHk/XuKSnlygpbBW847H00MFKXOXR/PuWM/j979x4XZZX4cfzDTbRIQ93CNU0TM6k2rY2sRBMlEVNTSUuXUtGMMlnzUmpZamZp5M9LmZlpy2qroUYW2mp47UYXrQwzUQtrnUrBy6ggDPz+mAszD8NNAQf8vl+v5+VwznmeeeaZM4PMd845vzjWqy2+du2sUcf5ZdQZ6GDm++esbX8pcQ1f2/q+js3MLGMTp/u0b8XXCi5+HsWPbTsvEREREREREREREREREfFolZ+u1sln3NMn+GmS++3jG6t+hC6f+/F9DtS/zOm++lgIto3AnXDIxzCC17Z+7snyX45Zo44zsLEXn2woY3rjgDy+vwvmOULtOmTUtfC0c6jbwcz3z53lioN1HcH3yiMWBrqEurmseOo4AwN8eN7pWLQ/S7CjjXsjHsqDnU7B+gYfTjQ+awh9RURERERERERERERERMTTlD/BrAjfQvzrlLBVzT0a+LP5sBc0tjgC0VnNLJAD+wB+hxMUcuWVtso+FoLx4vu9pQSzTorC3PoM+txYa1DXm/Uua/HWo+sGH07UtXC/bXTtrL9bqJ/jwzynYHjCgjpkYKGHPXTtk8eddX1Y6e5Yjp/dW/x2fbo6TyX9eQDrjxgCbxERERERERERERERERHxONUSr14Ii495AwVc1QEgl6sC4MRhP2sYahvBG9zMOu3wiMsLIMebzWWFs0Drh06UP8wFl2mcHT734Q/HOr5nuKUxZOxxDmoBvPndaZTxrGaWUo9VNusIX/uUywMbAwEWN1M/i5wbb29vLBaLsVhERERERERERERERMRjWSwWvL09OzL17LM7H8k+ZNjX0e2Qx411nUfg2kbwBlgYYV8/1+xjCFTdqGthYMtCThz0L1+YWx4dLFwBBLc3rHH7XA531rU3sgbS58q67m4ONx52ntLZ2Erk/Fx66aWcOnXKWCwiIiIiIiIiIiIiIuKxTp06xaWXXmos9ii1N9ClHl8fgfpN8pjVpoD6ePOrUwi7+Ji3dR3dPnncWBcyDtVz3tm9HB+e3+lD/ZY5lbL+7B/H/B0jbDOc17h13hbUA/z51Wzcu5z6mMu31q/IeWrUqBFHjx41FouIiIiIiIiIiIiIiHiso0eP0qhRI2OxR6ncQDffi9yzZWz5Rc1P/ObDeuf9K9m+k15QF265rLD4dMW2EbxXNoP6+PC18xqzpUkO4OqKhLpO6/g62Nbs/f13HFMr26d/Lsm+k65rAjv0sRBsLCuTdZpnkcrUqFEjvL29OXz4sLFKRERERERERERERETE4xw+fBhvb++LKNDN8qPj8/W59oUytu99bDv4sH5xPTYbDlOZFu/15gQWghu7G4FrHcEb3NgCObDPUFuq5ACeP+hVzlDXwsBRTmFtBzPft7fAET/btM3+DNrjA43PFjvWrFFmR4C7+G0/MrAw8Cmz07q3Z/i4fRlrlv4OJ+xTT9vMGnX2HEJgkbK1atWKs2fPcvDgQU6cOKE1dUVERERERERERERExKNYLBZOnDjBwYMHOXv2LK1atTI28TheWVlZhcZCd65+roGxCICnHznOiCDA7MOUtwJ4O8vYwqCPmV/aWwAfVj4X4DpqttLlsuKpHO6s68UnG+oXW/d2xEMneLplIScO1i02HfGsUccZGODD8y8GsNjetom342fn/cnx4fkXfbj/ubNc4XSsWaOOM5A6PH8yz9rOxt390cHM95EW6jsVFW93ho+fcw5jfVj5nA+3uNyvtY3zeRRdc6uMnQ34upnr45Oa6ZfnjhuL3AoMDDQWVamjR49y9OhRTp06RUFBgbFaRERERERERERERETkgvD29ubSSy+lUaNG1T4y98CBA47bpWU32dnZLj+fd6DbLNLMxx0snNPqrPm+LH7+Up43ltcS9kDXug6uSOXz1EBXREREREREREREREREXJ1roHveUy4f2nAJs/d6U9bEw275FnDFVcZCERERERERERERERERERGhMkboOjTNp0/jch3K4ewJH9YfPO9M2WNphK5UNY3QFRERERERERERERERqRnOdYRu5QW6UowCXalqCnRFRERERERERERERERqhnMNdGvv8FgPMGFBA4W5IiIiIiIiIiIiIiIiInLOFOiKiIiIiIiIiIiIiIiIiHgoBboiIiIiIiIiIiIiIiIiIh5Kga6IiIiIiIiIiIiIiIiIiIdSoCsiIiIiIiIiIiIiIiIi4qEU6IqIiIiIiIiIiIiIiIiIeCivrKysQmOhiNQugYGBxiIRERERERERERERERGpRgcOHHDcLi27yc7OdvlZI3RFRERERERERERERERERDyUAl0REREREREREREREREREQ+lQFdERERERERERERERERExEMp0BURERERERERERERERER8VAKdEVEREREREREREREREREPJQCXRERERERERERERERERERD6VAV0RERERERERERERERETEQynQFREph6yfdpGRZSx149AKYiMiiBixgkxjnYiIiIiIiIiIiIiISAUp0BURKcuu+cQ+Np64QTNJM9aJiIiIiIiIiIiIiIhUIQW6IlKznclk/VuTiYt+hR3GusrSqAlBdaBOq9YEGetERERERERERERERESqkAJdEanZjuwg6Z00Mo7nGmsqT7NoFn64kQ9fjaa5sU5ERERERERERERERKQKKdAVEREREREREREREREREfFQ5x3o5m2bRkREBBGR09h+xlhrk72BCRERRETEsHS/sbIyZLNzVQIThk0g6TdjnYhUq6xdJE2PY2DvCNt7Q08GPreeLHu9xUTaW5OJje5prY/oSd9hk1mxy9ECyGTFiAgiImJZ8XMWaa/G0benre1j89lltrba8UIEEcOWkglAKlMjbPscsh3m9x3MHxNDz0jrufQcGMcrm02ctd/NoRXERkQQMWIFmVlpzH+sLz0jIojo2Ze4V3dhuxvXdvYyrI91xWT78W3ndty5QRHz/vW88thAx7lE9B5I3MupmBwnIyIiIiIiIiIiIiIiUtx5B7p+d0YS7gNYtrP5yzxjNQDZn6WyE6BpOGGtjLWVYR8bFm9g56GTxgoRqU4/JxEXM55F2zLIojmh3XvQ45bmcPyUNRy1ZLLisRgmv5NG5tkgQrv3oOMNDTl7KI2l42MYn+Ic6gKY2f5iLFO/bkhYl1Ca1zmL+af3Gf/M+2QBQTf2oMedwQQAEES77j3o0b0jwZcCP68g7qGpvP9THdp1s5WTwfoXYhj/nuF+Tm1n5sNT2XV5GF1Dm1PnrJmM98Yz2djO2Zk0Zj48nqVpJs7WaU5o966EnN3A5OfeLQqvbcyfzCTmkVdY/5OZhm070qN7KM3JIuOjmcTEzGeXxbCDiIiIiIiIiIiIiIiIzXkHuviEEhlljVO2b/2c4pFuNts27gQgpP+9BBurRaSWyOL9uYvIOAtBUbNZ+/4SZox7gidmLGTlHOvasxlvT7aO0m81lCVrrfXPzklk5XPhBHCWXYuXGcLNLExNx7LyrRk8MW4GS5aNJARg98fsyILgXk/wRGwYDQEIoc+4J3hi3FBCG2ayYsZSMup15NmVtvMY9yxzF1j3T1/1LhnOd/OniaDRK1ky4wmemLGExEdCAEjfuqNYOGuX8c58Uo8DN4wk0fZYZixey9yohkUjewHOpDJzeipmAgh/biWJc561Ppa1SxjaCsh6n6WlBcciIiIiIiIiIiIiInJRO/9AF2jfqat1hNwnm/ncOO3ykW2k7gYIIfz2QGtZnontCycQ29c29WjfWKatSsfsFOSYVsVZ615KI+/nDcwc1df6c1SMta1Lu8mkApDBoiHWY8atMlkbHM9gw8IJxEZH2aZ3jaDvsGkk7XGJXDDvSWbm6AH0tU+H2jeWCe+5RD4iUpqsHXy8GwjowdjR7WyjZp2Z2JVmAgLo/cggmvsU1QTcOZjezQDzdrZ/77xPQyIHdiw61l9CadcMwIz5lHM7g/+lsf1nwLyDqfb3mYgIIgYtIh3gzyxs7xBWf4lkcKeiM254SzuaA5jNruGsg9NjeSiaIMdjqUNwRFfrvnbffkGaBbhhKCPvdLoqPs0ZNKgjAOk7Sg6ORURERERERERERETk4lYpgS7twuka4H7a5ezPUq0BSsc+RDUGzGkkPBjDtDU7yWoaRmRUGMFksn1xPMNeTisenhxcyuhH5pF2PICgBn7WMHhxPNNSsgHwbxlGZFR7ggAIILhTJJFRkYS19AfA9FECCcn7OPnXDkRGhdO+qR/mQ9tZNGZ80Xq7uxcwbPQCUveYCbgp3NquwWF27lXEIlJup2zhZ+MgGjqFtUXOctYC0JBGjYx1zWkdjJugNoDL6jn/DP5uj21gOWtdJ/cvHRk5aSITi219rCN97S69jDrOP/tY3z9KVtpjMbB/UeUvDW0jiZ20bF1GcCwiIiIiIiIiIiIiIhe7ygl0CSHyXmuk6jrtcjbbUtMBCOsShh+Q/vbLbDgCQQPmsmrBFMaOmcLCxCmEB0D2pvm8u9+xs9V+M9e/uIq1iYkkJq1iShfrCLedm78gGwi8dRBjx0Tbwpkgug4by9gxYxl0q3U0sH/IIOauXMuqeVMYO2Yis5a8bp3m1JLB+m2ZAKRtTCYbCBrwMokvTbS2W5bMkoEu4+xEpDyOHC1jtGkWR48ayzLZlwHQkIZ/MdadhzOXEdwpnPAuxi2keLh6TsycNM5KcOak+3D2z6zi1+XgPjIBrgi0fSlFRERERERERERERETEVSUFuhDcMdwaSDhPu2yfbtknnMg7/cCSRvK6bKA9g6ND8LPvHBBG1w4AJtK+dZkIFToOZWQ7+zSlAYR1CbXezMjgsHO7EgTeEEZIA6cCn+aEhlqjk8xM630F1LEe3/TtF6Qftzf0o3kLRSwi5dYslI5XAub3WfR2hnWErIvmhN4eBJh5//UVZDpNsW7+ZDnvHwIadOS2Vs77VMTZotGwzUJoFwCY17PoHesXNxyt9iexfrdL0TloTvOWAFlsWLnDKcA1syNpg2twe/NthPoAu5ey6BOnqNeSyYoVOwAIufU21xHCIiIiIiIiIiIiIiIiNpUW6NKqB31auU67bErdQDoQEBVpDTRMmbYQZycJA5zWtYyIYPIm23HynQ8K1A0oCn6dmUsYBWdkySNzVzJL58xkwogYYqKjiHvHNTQOuXckoYHA3hXER0fRd/QCNuwv19FFxCGY++LCaegDGf+Oo290HJNffoVXJscxcEwSmUDwA4/ToyGwfymxfWOZ/PIrTB0Tw8DnUjH7NCR8zFDalWdKZWd/bU6wD8AOZo6YzCuTp5J0qB1Dx4UTAGS8HUvPEZN5xXZffR9ZxC7HFzfOXceYkQT7gHnbVAb+I56pL08l/h8DScgMch39Wy+ckSOCqYOZ1OcGEjNmKq+8PJnYvrEs3Q91rh3J2F6VM15YRERERERERERERERqn8oLdAmia0/rxMfWaZdN7EjNAALo2ql9sbbto6xr3Ro3+9q3lcKSSVJ8FLHjF7Bi205yr2pHu67DGNrFMPK2aSQzlicyY0Q4wQF5mPckk/BIX+JWuY7sE5HSBdw5kcS3JtLj2oZgziDto/Ws/z6Lhs2bEwBQL5QnEhOZeG8IQWSS9tF6duzJouENvZn4ViIT77SPxq8An448PqM3zevB2UNprP/eTB0f67ksmT2U0GYB8HMa6z9aT9qhOgTfO5GhtxoPcg6aRTP75aGE/rUOZ39PZ8fmXZxtN5GFT4VZH6uT5v0Xkjh7JB2vrUPW7h2s/ygNU51gOj4ym8R50TSvaIgtIiIiIiIiIiIiIiIXDa+srKxCY+E5O5JM/AMLSPcJY8rcEFaMWkRG0CAWJg4lGOBMKtN6z2Q7wYxctpDopsYDFDGtiiNmcQZ0m8HGJ23TLAN8NpOIKalAODM2TsRak8bMiMmkGo6bt20aUdO3Q9NBLFwy1DaKDzLeirGO0jUe27oXppSZxM3ZjpkwJr4/hfB6hiYiNUxgoHVNaREREREREREREREREbkwDhw44LhdWnaTnZ3t8nMljtAFGneiRzvrtMtJr39MBhDULcwa5gLUC6NLJ4AMVv17O2anNTTJM7Hh7Q0YVtCtIBOmP4t+OmqyrbIb2JBG9hFw5jTe3eB6L6afM7FOEg3gR1DoTTQHwMzZHKeGIiIiIiIiIiIiIiIiIiLVqHIDXQLpGhUGQPruDCCYPt0ccS7gR9gQ67qT2Zum0Td6APFTE0iYGk/fPjEkfHau69a2JuQGADPJk/oSExPDhPdMBN3YjkCA3QsYNmoaCS9MIGbAy2RfbY1r7TJXxhLVN45pcxJImDONuBELSAcCu0XTseRwXERERERERERERERERESkSlVyoAt+HboQZh8Ne0MkXY3TKjeLZuG/pxB9c3MCzmSTvmMDG77IpOGN0Ux5pg+G1W3LKZA+T4wlrFkA5Jkx/WkmIMAf2o5k0bN9CA4A897tfPxNLrdNWsSoW+u47N2wTXua1zWxPWUDG1K2Y6obQvjoubw1LrTYWpgiIiIiIiIiIiIiIiIiItWlctfQFRGPVNo87NUlLy+Ps2fPYrFYKCgooLBQbz0iIiIiIiIiIiIiIlI1vLy88Pb2xsfHhzp16uDn52dsUu08Yw1dERGDnJwcjh07htlsdgS6CnNFRERERERERERERKQqFRYWYrFYOHv2LGazmWPHjpGTk2NsViNohK7IRaC0b3lUFYvFwunTp8nPzwfA398ff39/vL298fLyMjYXERERERERERERERGpVIWFhRQUFJCbm0tubi4Avr6+XHLJJfj42NeQrT4aoSsiHiM/P5+TJ0+Sn59PnTp1uPzyyx1vjgpzRURERERERERERESkOnh5eeHj48Mll1zC5ZdfTp06dVwyjJpCga6IVCqLxYLZbKawsJBLLrmESy+9VCGuiIiIiIiIiIiIiIhcUF5eXlx66aVccsklFBYWYjabsVgsxmYeSYGuiFSq06dPO8Jcf39/Y7WIiIiIiIiIiIiIiMgF4+/v7wh1T58+baz2SAp0RaTS5OTkOKZZVpgrIiIiIiIiIiIiIiKeyN/f3zH9ck5OjrHa4yjQFZFKY3/Tu+SSS4xVIiIiIiIiIiIiIiIiHsOeZSjQFZGLRl5eHoWFhfj7+2vNXBERERERERERERER8WheXl74+/tTWFhIXl6esdqjKNAVkUpx9uxZsE1TICIiIiIiIiIiIiIi4unsmYY94/BUCnRFpFJYLBYAvL31tiIiIiIiIiIiIiIiIp7PnmnYMw5PpeRFRCpFQUEB2KYoEBERERERERERERER8XT2TMOecXgqBboiUikKCwuNRSIiIiIiIiIiIiIiIh7P0zMOr6ysLM8+QxE5b4GBgcaiSpednQ3VdF8iIiIiIiIiIiIi4rnO5FnIOWshz1KIQiipal6An48Xdev4UM/Px1hdpurMNw4cOOC4Xdr92c/JTiN0RUREREREREREREREpFIcO53HiTP5nFWYK9WkEDhrKeTEmXyOnc4zVtcKCnRFRERERERERERERETkvB07nUduvmevRSq1W25+Qa0MdRXoioiIiIiIiIiIiIiIyHk5k2dRmCseITe/gDN5FmNxjaZAV0RERERERERERERERM5LztnaFaBJzVbb+qMCXRERERERERERERERETkveRatmCueo7b1RwW6IiIiIiIiIiIiIiIicl5qV3wmNV1t648KdEVEREREREREREREREREPJQCXRERERERERERERERERERD6VAV0RERERERERERERERETEQynQFREREREREREREREREbnANidm0SLhBIdsPx/66BgtJh1ns6GdO5sTs2gxKavc7aVmUaArIheNLU93ptXAlY5fhjXT54xp15lebx82VojIRas2vC9YH8OYrcby4g69PZxW7aazxVghIiIiIiIiIlJe3x63hZ+GLfGUsWWNsDkxi6F/+LL9hYb8/EIDuhgbSI1XSYFuGjMjIogwbn0HEDN6Gks3ZJCdZ9yn/PIOpbJ0ajx956UZq6qYiaRHih5PzNsZxgZOstkwvqht3CqTsUH1OZNJ6tvTiI9eQHVfMZFqs3U6rdp1drPZP+T35IDjMG8ONJ63bXv6c2PjMly4x7nlaefr7Y7tcdpC9Jodwly46+wZSu6zF+81KUnJ18qx1fgvlhgcWkkv42NUPxERERERERGRCrD8+DPHhzzNiS5Dye0cQ+GE2XjvKcpkfNP3c9kDY7m8x2M0jJ1BQMJ/8PnjuMsxyucU8ZOyaLESlr7QkJ+dt9G+BP9hqeDnNtbjxX9rLK9Op3hvDwTfUIdmxqpKcOijYy6jhuXCqKRAt0hA4yCCgoIIauAH5mxMe7azIiGOAX3iWbrHbGxeLkc/e5cVO9IxnzHWVC/TexvYaTGW2hzZxvpdxsILJCuNd/+9nfTjJ401IrVMayau28r+Xc7bM9xlbOap7nnJcO5b2f98B2Oriju0kl7thvNmFf+GvSuiG7CJ5JJG1B3aRvJeCInqVCX/kRBbSF6d4aCbPrvuoSbGVh6req5XE4avdLpG6x4lBOg916ls5cDa9ZpoNpB1Tn1iy5jWQDeW1NB+IiIiIiIiIiLVK//jr8gc8hSnv0unTkEBfnlnqbNpK5fEjKHu/y3jkvmJBIx4Ct+fM/H2LsDr6BH8P9vF5dP+hU92RUbU5rA4IZfktv7uR7EG1WfT2Pq163MbqTUqOdANZvDLiSQmJpKYlMLGDSmsWjCK8MZAXjorxown6TfjPjWDnx9gTmbdJ+6HGmd8mEQ6QQQFGWtE5MLowJyLIkS4gI+zcwS9gfc3uh9VfCh1I+m0pk+49dyaPfRmzQrcRUREREREREREpMplv/Yf8nNy8PXyglOn8Tmbj6+XD76WAi55awX+b/4b7zOn8fbyhlOn4PRJvArO4mU+Tv03PjIerkSHPsphxlEflsZcaqwS8XiVHOga+PgR2KYPExfPIDwQsGSwfPXOovrjGWxYOIHY6CjHVMV9h00jyTGS1zqVc8xi27D6TZNt7WY6TSWch2nbIiaM6EuU7RhR0bFMW5WO2TCaNnuHsV08C77Mdm1UgrDIPgQA29emUGwPy042vGeCpuGE32CsBPJMpK2aSfwDfR2PMyo6ngU7ih0JjqeT/FI8faOc2m0z4RIjm61tBvS1TfEc2ZfYJ5PJANJeiiBiyCKsVyyVybb7m/kZTlNjx5F0KJMNU2OIioggbo19eujyX0vznmRmjh5A30j79NqxTHivtCmpRaT26UCfe4APNrqZRvkwH6XsgzYRdNdX2kRERERERERERKQEZ4+fwNvbF28vX3x8fPH19cMv8Ap8r2yOV516ePv4UejtTaG3D14FFsg9TeGZM3D6DD4//mw8XAly2LC7gODO/sVH5pbKNkWzYzvOZlvN5sQsWkzKJRlIXlmeNXiNxyqrfdkOfXTMcQ4ZW0/TYlIW3T7KMdQX3Z9zHbhfS9gxfbTpBN0mZRG2tQCO5hM2KYsWk46x2GTfz3bbmW0f12McY7Eph8UJxc+h4udXdP0vNlUb6NoFhPJITAgA5s2fkG4rNn2UQELyPk7+tQORUeG0b+qH+dB2FjlG8jakfVQkYW0CrDs0bU9kVCSRUe1paD0aaXMGEzM9iZ0/5+IfFERQUCD+5ky2L46nb3wSmbYgMjtlAgOmJrHzEFzdMZLIqDCutqTzw8Fc29mU4dZIejcFdm/gY8Mo47xP1pFshpD+Xbna0NcA+GopkxdvJzOgNeG2x5N3PJ3kqSNJ+NIpqj2URPwD8SzYtI+AG8OJ7NKeRqfTSZ4ew+hVmdY2lnQWDItnwaZ0zA3aEx4VSfhNARz+Jp0soOGNkUR2CsZ6xYJoHxVJZFQk7a8ouhuA9GWTSdhhC4rzqdC1ZPcCho1eQOoeMwE3hVufuwaH2bk3y+U+RC6s8q55am1XtNajZ63xal2ntmgbU2x6Y+fHaVu7s9drpLOPmb2qfu3Ku0Y+Soi7aZdt0y33frRoaln3a+iWcv23TqdVsamjXdflddg63c2xq9aWp21rHhvWDy1+vY2PsfjzWOrz7JhCu2ht1l5zF9OrXWfumrMP9r7GXe06u7lWF4Kb9WOLrQttvR5jtjo97qc/d1/ezum5NqybbbyGxnqXNrbnyLOuV3mulZX1tePctjx9vex+V72Kn095H2/x15R7pb6ORERERERERMQjnfjiP7Sa9gfXTs2hQc+TXJawn0vn55J7w2lyJ/yJd4I3hHrh5eWDt08d8PEDnzp44Q1nLXidOoPPsXKs12k6y8qjcH1QXWNNyUwn6DYplx86X+JYZ3dpWwtDbaFil5iG/PyCP32APgNt6/CWMvr30Ed5YG9nX7N3T27xELMCmnW/3HEOwbbz3NTd+hg3J2YRttWraK3g0b6w9bTT/eWweJPrWsLbO3uTvNIW1AbVZ5OtjEa+bH+hIT+/cDkjzmGm2pXLc2Cw9T7KfX7fHqfFykImjy46v6VtXY97MameQBcIbHcbzQHMP5BuS+z9QwYxd+VaVs2bwtgxE5m15HWGtrKO5F2/LRMIJnLMWB7uZOsdbaMZO2YsY8dEEgywaxkzU7LBJ5ihi5NZm5hIYuIq1q6cQngAsHcRCz7KBkx8nGIdGRz6z0QWPjuWsWOmsDBpLRNv93ecY+mCCesSBGSQvMl5JGo2KWu3AyGE316HLHefOV7RlSnLklm7eBYTx4xlyoJEpnQJALLZ4JiqNJsN8xaRngdhY1eR+NJExk6aReKioQQDGW8tY/sZ4Jv1JGcDQdG8vMR6vIkvJZK8eDDNgeCosYwd1hXrFQshesxYxo4ZS2Qr5xPKYPs3TRi5OIWNGzeycEBQBa4lpG1MJhsIGvCy9TzHTGTWsmSWDGzufCcinu/QSnq1e5KMMf9xrPO45J5NxJYrLKlq1rAndt+jbHGsQ/kSxD/J+8amDra1O9c9SojT+sJVOh1zs070aVN82mXrdMvd6NPZpdhVWde/cwS92UdyqvMb6y/8sBfYu5GPnMK4LRs3wT0R1T+d8wdP0mocvGZ/juZ2I33O/U5B0ueMMTzG/XO7OR3AzfM8txvvxxcPo5LHPQMv257T+BGss69V2sa+75sMv5CjoQ+tpFe7+5nZ2nmd3Zfo/cGTxQN4IOO14SRH2No5rR39fnznovJ1jxKy9zUeHTicVq9d67hGW8a05v1450D2MG++hsuarS5tbGu8esz1Kve1svaPu+Zc7fLYrK+T0gLpsvpd9Tv09pvgvI7wukcJ+eDJYmFtxmvDeZTpLuedPuf+Yu1clf91JCIiIiIiIiKexey9jfo3n6Hx3Xk0useEb/AxuGk3R4btx3JjFt4dTuM9Ohu/5w7j/fQv+Dz7O77TT+DzzO/4PLkf77idWC6vZzxs+dlGlLobAbp5Yz4ZjXxZagsgAbrE+NMHCzPOIYRt1v1y5t7kVBBUn8ltIeMPwxSplcF0ghl7oM9Ap7WCg+qztLM3GVtzbY+xLiPGuq4l3Ky7H30oYPfvToXnrQBuqOsaBJfj/A6ZCqGRN5FO+3WJcbP28UWi2gJdvOtQx37b1jcDbwgjpIFTG5/mhIZan5nMTOM47eLSPkrGDAQNGMugFn5FFQ3CGPpAMAA7N39BNv4E2F7P+77cgck+KNYngObNAov2K0Nwz2hCANN7G9hpf33tf4+k3UCnaKIaG3awaxVKWFOn8yOADre3t97M/B0TwG8fk7wLCOhDdKRtRDJAs3C6tgIs20nbDdTzt46+/XMXXzimpga/Fs1tIW75hAybSLTTNSv/tYSAOtbzM337BenH7Q39aN6iImcgUhmKRqGWNeLLnS2LXiO9zaO85hR43vX8S/RmEwmlhgeV5IMnXc/deUTZ1jeZubcbS1YWjXCFDsxZ9yjW+Q48RRO6R7U2TLtsm265jIC17OtvndI5PWVbUcC1dSPvt+lG7zb7+OGAvfBzkj+A3hFFoWD1MTxHnYcz0TngPvQLGU7rCFvbPMMce9C99U1m7m3NxJedj/EMS+6B919zDvb2QdT0CxdA2hXrs0Wh4pZFr5F+z0su4ayjz+59jVcMwVp66+FF18HZPS8VlTcbyNh7IH0vLteo2UPDDWF/E4avdF2f2d6mqJ94jnJfK/v7gGHt6bue/w8T2+xj5qIS3u/K6ncXQLOH3nS9f/tzu+8Xp0Jrv3D5EkrnZ9gypjXpc94s+Ys25X4diYiIiIiIiIjnKSTX7MvZU75QCJzwguNeAHh7XUru6brk5ORCnhmvS8x4Nc2BkBxoexpaHKfAvwIjbt2xjUL9+YWG/DzQx6niFO/tgT7d6jt9Pgvgww2NzieELZp6uMWkLIbuAf6wVPrnF4e+LSCjkS/jnANkoFmQF1BIhnME5xJqW6dv/sFU8cC6NMaR0eU5v2ZBXtapns9zWuraovoC3WyTNbikCQ2t8yWDJY/MXcksnTOTCSNiiImOIu6dsoNcKxOZB623QtpaA0dnQc1so0VPmsklkK4PRdPcB7K3JRDTqy+xU5eS9pvLyrRlaxxFdCfAnMy6T6z77vzwfUwE0KdXGM6Rras8svduJ2lhAtNGxxDzQF+iXtju2iRzn3XdW3My8bb1a61bDIv2W5uczQduiGbkrYFgyWDFmL7WNXY3ZBRb47Z0wYTd7BxkV+RaQsi9IwkNBPauID46ir6jF7Bhf1G4LFJ9ikahOjaXgKQ0thDQaUpgq6u5vk3xkKFK3OM8Os+62QOPEkecNrvaOkOBB2kWHuE67bJ9uuVSA9byXf+7IrrB3p+wvQ2yZeMmQqKG06d18dD0+muKjlJtij1HTQhuDez7xfqfsGZXE8w+ZvZyP+rb+jwPLxbUtmrd2uVxAwS3qMKR1uVVrM/aR7mWEqqXMIo7pPXVLj/bGY/RqnVr4GqCyxNmu0x/bR3NnvFzNXw5o0LKf61KfB9w+0UKJ2X0uwvHdZrp2A+cXis27q5LsxZXA7+QUcJfNhV5HYmIiIiIiIiIZ2mwL5vUob+xecTvmPd5451dD1+vv1O4sR7bhv9G6tBfyPnlEmua5WUN+xzOWDh9+UDnw5UsyIfrKxJUmiz84Lw2rmM7zYyjxsblY11z9zQrb3CewtnYqnJk/OG87q3TttI5TLKt6TuvgIGOaY2t0zdXLm9uuNK1pFznd1MDx7TUxtHTF6NqC3Qzvv4CM0CrEELqAZZMkuKjiB2/gBXbdpJ7VTvadR3G0C5VM8rT74aRLFm5kLH92hPkbSZzxwomDxnMzM8qEkT6EdarDwHA9rUpZJ/ZzroUMzTtTWQ7Y1s7M2kvDWbAqGksWreDX+qF0C60N6MGlDDGLiCYMNu6t8bNug5uEJEvLCfxhZGE29fiTYhzXeO2qjWNZMbyRGaMCCc4IA/znmQSHulLnH2dX5Ga4NAvZNimd3UdcXg/M/caG1e3w2TsM5Z5MEMIVb7plst5/TtH0NsRFn9O8gfWUYd3RXRzhFmHUjeS3iaC7uUJ/KpdB+bs+g8T22wi1jgK2/48Fxv1alvr1cUFCqzLy/Z8VkTlBtS29Vl7baSP40seL9Hb2MwTlPtanc/7QGn97sKwrm97P8lRzlOsG1udi4q8jkRERERERETE09S55kZC+/nytx4NOJHhw9mD13Ly4zMUmM7w94H1Cb3Xm/qn/grfhMH6O+CtDjAzFGZ14Ow3/+BUSC/jIUtwKfe2hYzdZ8s3GtYWADvWxjVupayV69a3xxm6x5vJo4vWkK1KwVc4r3tr3Kzr4G5OzCW5kS/bz2Vd3Cu9zmvgUXnOD5xHUF/C5EYWhk6yre97EaqeQPdQEgm2kbfte1vXd837ZBmL9gJNB7EwaRVznx3L2LhobDMul0MQV9oGjqbvKf7RqOmQLVxs0pBG9sIGwUTGzSJx3VrmDggGskl97d1yfrBq0y6S3k2B3amsf28z2y0Q0v/ekjvu/neZvykbfMKYuGotS16ayNgxQ4kKdpyVVcMg65TJZ5oTOdq67q1xK1oH14+gW6OZuGAtKcvGEmZb43bZtgqOOHY4h2vpF0TogIksXJtC4pgwAoCMxctILcfa4yIewTbStbfzmo7nNNK3KthGedYYzqMFyzfdcvmvv3XE7vsbP7dNt2wLbjtH0JtfyDhkvb+QqE6Gkb6exLa2sWNd18629UBtz3OxUa/2zXWaXY92gUeOb3n6Sd5v8yhbLuS6uOVV7mt1vu8DJfW7C2DrdGI/sM6ocO5repc0SrsWvY5ERERERERELkJ+HSZjGfoV+UeO06DxCXKyfiHnp0Nc9bdj1NnvS6O1w/B9tyPs/Bt8fx3saQX7ruZs3TCyo4caD1eqLhG+BB/NZ2i51r+1Tq2c/F1VTvdrnda5KlinKy5gQ0XDz2/zSTaWlaj4WruHvi0oV+ZW8fOry4ix/lWwvm/NUbWBriWPzG0LiB25iAwLBHacyMQo61S/R022DxUDG9LIPi25OY13S3v2TIfJdvqxQ8cwa/GqBFb87BRmHt/O0iRrlwnrEoYf2WT+7DQS1yeAkFuvt65Faz7F2aKacgjm3v4hQDpL39oOPmFEdytlHd4/bFNN12tIoH1dbksmyasNUy63CSO8KWBJZemqTFyi2ePpLF2TZr39WyaZTpV+TW/jphbW2+YzxtHGJg4fMRSVoPzXEkw/O5+fH0GhN2HNg82cLc/7oIhHcAoKPVCr1iVMp7p1I+8byzyAY9rlt8sz3TIVuP62sHjfL7y5cZNTcHs117fZR3LqNn7Ya1gr1IM1e+hNljitG1ri81zjlPJ8lmsK7irgoa+VilyrkvtHOb84YWPsd57BOvW0kbvrsmXjJmhzLY7vtRmUfJ1EREREREREpCYo/HIOV1xvJqB1Acd3/p1jv/vg27KQuh0PkdfkOPgE2LbLwCcAy9UtOD7WmmlUSFB9Ng30IWPraVq4WZf1kMlpOmfqMqKbD+zJpZshAN6c6Dz1bzmD3yu9CKaAld8WHWtzonW92ipxkz+TGxUwY55hmmLTCeJtjyf4Cm9DqHqKeJcpma3chq9BdRjYCJJXOh3fdIKhWwucGpWiHOd36KPjrqNxv80n2c30zReLSg50M1g+LoaYGOt6uBGRUcROTyYzDwK7TGTR0+HYo8+gG9tZb+9ewLBR00h4YQIxA14m+2rbUFEnQdfawtfdCxj2QAwxDywgDfDr9AQzulnXk106og99Y2KIiRlA34HTSM2GwG4zeKKTH5BL2ot9iRoygZlzEqz3NSkZMxD8QG9KmPy4RIHdogmzh9BdIgmzB7XuXNeeUB/r2riTYycwc8404qIfIa2e8V6DuW+k9fpkvBVLn+hYJryQwMwnY+k7MJ4V9lkDM5cT26svcVMTSJiTwLRRw1iwGwgMJ7qT7eoGteL6AIB0FowYQEzMABZ86XRXbpT/WkLmylii+sYxbU4CCXOmETdiAem269KxlGxbxLM0Yfij3eCDJ4uNWtvy9IVfd7LZQ8PpzSZiB650mgLkc8bEb3Jp55Zt/czk1GocjWefdnnOa6S3eZQnSptuGSp0/ZuFRxCydyPJ+5yDW2vQm56ykQyPnW7ZuqbrGJfHZw2x7OvHun+erSMayzNFbrMWV8PejXxUrnliqlIThr/8KCEfPEmrp50Duc8Z0+s10u95ybE+dFWwrpXqfB3cv1Y843qV/1o1e2i6bdpk19fElqfvZ+bebiwpaSaBMvpdtbvmWkIM70lbnraucVzMB0+69P1Dbw8n1u1620XO93UkIiIiIiIiIheWV+OrOd5pLXmtO3PZPydR73g0uaf+wvE3B5JzyWny8HOEuYVXteTEP0MpCPA1HqZ8bmpgnb73D/u6rEVb2NYC+gxsQBfntqN9Yetpl3YzrvAvauMU/LaYlOU2KAZDmGw7znt/q7o1dK0jWhuytK2Foc6Pc14h99qmfG7W/XKWti1gxjx7fT73ultD1xG+ZtHCMeWxfcSs0/GXw9LRvuWcna7s84NCp3PLosXKQiaPPofpoWuJSg50wXzEhMlkwnQ8j4DGzWkfNZIZb6WwalI4gfYQFKDtSBY924fgADDv3c7H3+Ry26RFjLq1jlMjm3ZDmNIvhAA/6/GP+l9qDXgJIPTJ5SQ+04eQxv6YTSZMpmz4a3uin0lk+ZOhtnb+NL8xhEbm3aSmbGDD5t2Ym1rbzBtQPEAuU70wekUFAAH06R5qrHUVGMnEOSMJa+pH3m87Sd32C00eeJkp/Yr3uIDbJ/LWvFGEtw2A45ns3LyB1J9O0rzLKOY+YrufK0Jo38wP02cb2JCyge2/+RHSbRRzF08k1Ppgwac9Q56NJqSBH5izMR3151J7XYnKey2hYZv2NK9rYnvKBjakbMdUN4Tw0XN5a1xRG5EaofMz7F/3KMy532XdxYTWw8s16u28uVnzsZUjkOjAnF0v0Xvva9zlqN9In3KtC9qBJ8a0Jt32uIyBadWwjaSF8k9/XN7r36wTfdrsIx3X4NYa9O4jvfXV5bu/CyTD5fE9ScaY/zhNO2tb6xTn57kzrV67thyhONB5OBPb7GNmr860ajecNy9kUNlsIOt2vURvl35tfbxVPYW5dQSq/TqU8lrxlOtV7mtlnTZ5yT1Fa+G2ateZ2H2PsqWMqYRL73fVrNlA1s3t5nhPatWuM8kR7tfQ7T33P1z/WtFjvWsOTFy3tYwvBJzn60hERERERERELqyW/Shs0JZTLd/A+/qm1JvwD069F8cpU11O//hXTlsKOIsPlpDWHBv7N862qOD6tcVYw8Tia7c2ZO5NhqaONVyLtmJr4N7UoKi+tLV1ndvZ7qtLTEN+Hlvf8fmm8edm3S/n5xecQma3LmWuu/OyH8/l/F2P5VrfgC5uj+V8vZwDVWtbx/5j69PMdr0c1zGoPptKWaO3tPOzPnbnupKPczHwysrKch5DLiK1UGBg1Q+dzs62ToheHfclIiIiIiIiIiIiIp7l9xO5xqLz4rvgUwq+/Blfn0vx7XQDp4eUtCCTiHtX1vc3FrlVnfnGgQMHHLdLuz/7Odkp0BW5CJT2plBZqvMNT0REREREREREREQ8S2UHuiLnqzYFupU+5bKIiIiIiIiIiIiIiIhcXLyMBSIXUG3rjwp0RURERERERERERERE5Lz4+dS2CE1qstrWHxXoioiIiIiIiIiIiIiIyHmpW8fHWCRywdS2/qhAV0RERERERERERERERM5LPT8f/H0VO8mF5+/rTT0/BboiIiIiIiIiIiIiIiIiLi6/xE+hrlxQ/r7eXH6Jn7G4xtOrSkRERERERERERERERCrF5Zf4Ub+eL3V8vKhdq5iKp/IC6vh4Ub+eb60McwG8srKyCo2FIlK7BAYGGosqXXZ2NlTTfYmIiIiIiIiIiIiIiFSG6sw3Dhw44Lhd2v3Zz8lOI3RFRERERERERERERERERDyUAl0REREREREREREREREREQ+lQFdERERERERERERERERExEMp0BURERERERERERERERER8VAKdEVEREREREREREREREREPJQCXRERERERERERERERERERD6VAV0RERERERERERERERETEQynQFRERERERERERERERERHxUAp0RUREREREREREREREREQ8lAJdEREREREREREREREREREPpUBXRERERERERERERERERMRDKdAVEREREREREREREREREfFQCnRFRERERERERERERERERDzURRLo5mHatZ3tu0zkGatqKouZjC+3k7bfbKwRERERERERERERERERkVqi9gW6lmy2L5xAbN8IIiIiiBiTjGn3IuLGT2Pa+DgW7TbuUDNlfzSNuEnTmPzINDZkG2vtzKS9NICIiAHM/EzBr4iIiIiIiIiIiIiIiEhNU+mBbl72TpLnTCA2OsoaqEZEENF3ALFPLiLtiLF15Ut/fSTT1uwk80wAgUFBBPrmQYtQOjYGGncktIVxj5op8MZQQvzA74ZQQuoba63Mn83n5U0QOuZlJt4eYKwWEREREREREREREREREQ/nlZWVVWgsPDd5ZK57jnHz0ihpwGj4tI1MvN1YWpnSWdA3nmQzhE1KYUoXP2ODi8ehJOJGLIJhS1g4oLmxVi4ygYGBxqJKl51tfeVXx32JiIiIiIiIiIiIiIhUhurMNw4cOOC4Xdr92c/JrtIC3cxVccQuzgAg8PaRTBzdh/aNbYHqmWx2rnuZXS1nMPRW1/0qVxozIyaTWi3hsUjNUdqbQmWpzjc8ETl/FosFi8VCQUGBsUqkynh7e+Pj44OPj4+xqhj1UbkQyttH1T/lQilvHxUREREREZHyq85848IGukc2MOEfCey0QPCwJcx7oDlljo3NM7H9zVdY9vFuMo/nAX4EtOjA4PgniL6haHpg06o4YhZnQLcZpAzM4uWXF5G61wx+QYQNmcgTA0IIcG5nEDwikYUDMm1BbzAjly0kuqm91kz6uvnMfyuVDDMQEEyfsS9w0ycDmLbJvm9QqUFx2ksRTN4EdJvBxidDXcqCRyxhYsAyJi/YjumakSQuiCZg/waWv/EuG77PxJwH+ATQ/PbBjB0bTYhhVmTz7mTmv7GM7XvM5AEEBBL22CKmdAuE35KIG7KIDMKZsXEi1nsu/3V12T9lMFmvzGTR5gzMFj+COg5jopvzkZqrtDeFylKdb3gicn4sFgt5eXnGYpFq4+fnV2oYoT4qF1ppfVT9UzxBaX1UREREREREKqY6841zDXQrZQ3djA+Xs9MCNB3E2AHlCHPNaSQ8GGNd6/a0P0FBQQQ19sf883YWjelL3KpM4x5wcCmjH5lH2vEAghr4WYPLxfFMS7E+IP+WYURGtSfI1jzo5kgioyIJa+nvchhn6a8OI36eNcwNaBxEUICJlKkjmf+1seU52ruMyXO2Y8oD8gFMbJidQNJPJ2l+WySRXdoT5G0mc8ci4p9KwuS0a+aqOPqOWUDqHjM0CLJeowAwn8h1amVwLteVTJaOiWXel2YC/hKAH3mYdiwifuqGEqfOFhGRms1isRiLRKpVWX2wrHqRqlZaHyytTqS6qB+KiIiIiIhcXCoh0M0mY7c1igzqFEZwOb4kvPOtmWw4ArQZypLktSQmJpL4zlrWPhNOAJDx1gJrvbP9Zq5/cRVrExNJTFrFlC7W4aM7N39BNhB46yDGjokmxNY85N6xjB0zlkG3lpBu71/KzPeygUDCp61l7TuJJCauJXnxvTSqpCQzY9tOmsQtIWXjRja+Hk0Q/oT8Yy5rk1Yx99mxjJ00i8RFQwkG2Lue1EO2HfcuZfLiDCCQsEmrSElKtF6jxFXM6mePrIs7p+tKBuZrZ7Eqyfr4Vz1rbcuuVL6opOsgIiLlU1hYSNrX3/LczP/juZn/x5fffEdh4flPpGGkKULlQiurD5ZVL1LVSuuDpdWJVBf1QxERERERkYtLJQS6uZhPWm8FBJRjjl5LGhtSzEAQgx4fRHOn4bwBnYYyuBVg2UlqmiFN7DiUke3sxw8grIttkuGMDA47tysn07dp1hGxHR9h3O1F5+3XYhCDuji3PA83DGFiP+cRy4GEdAwhwDn0bhZKaBBAJr/8ai1K3/Q+JiCg10SmdCkhkDY61+tKGENHtLeGuEBAx6626Zv3kfGbS0MREali02bN44HY0SSuXEviyrXcP+xxZrz8qrGZiIiIiIiIiIiIiFxEKiHQLXLWctZYVJwpk0wLQAjXtzFWBtG8pfXWSbNhauG6Ae6ncjafxGwsK4fMfdb1dptfG1zsuP7lGGVcHsG330axOPZMJjvXLSXhhQnExsTQNyqOFc5zLWMi/XvrIwq9ub1zRenO9briR0A9QxEAZk7agnqRmsJSUMCRo8YvLdRMBQUF7Pkpg1OnThurqk1Obi47v/uBL77aVaFNynb2bB47v0t3uW7/XvUe/3pnDQBNgq6g5dXNAFi6/F1WvJvs0nbndz+Qk2t8PxcRERERERERERGR2qgSAt0gmtsCxMy0nTVu3dU6PnWMRW7VqYyQ91AScX1jmTBvBTu+z+Xqm9sROWQo4SXNolwZ9ylykTCfOkV0TBx39byfAz+7Wy+6Zkn7+lv+m7qdf696j6NZ1f/OumnLDm7t0ofoBx9l0PD4Cm1Sus+/3Mkdd/cn+sE4l+v27AtzALiicSO2r19F8oo3uPKKxgA8M+MVl7bRDz5KaPi9bNryieHoIiIiIiIiIiIiIlLbVEKgC6Fd+lin7N29jNe3lTFeNuhKmgOQzg97jZUmMg9abzX5SyNjZaWyTw+dcdAY/GRz2GXELEBzrm5hu2lxrck1/FyyPLYvW0SGBYIeWMjad+YyZcxYRg4IxTXPbUTDJtZb6bvTXWpK5SHXVeRCMJ86xQPDRvPdDz9yJicH0+9/GpvUOP7+1i+b5OTmkpS8vtpD3ednL+D06TPGYqkETz+fQPax48ZiB19fX87k5FJIIV5eXsZqh1OnTjMjYYGxWEREREQqwde7vqfv4JF0jLyPpOT1xmq5CB0/cbLY7ET27aud3xubywX05Tffce+ghwlufxet2nU+7y3qvqFs3v6Z8W48WmFhId/u3lPtnyV4gq69B9OqXWfmvr7UWCUiIlKjeWVlZRUaCysumw3jB5CwC8CPkAHPMfaB9jQPsE5mnGfOZOfqRfwQMoOht+axfXoU07YBbYayZE7Req/mHTMZNjWVbJ8wpqydQlg9MK2KI2ZxBnSbwcYnbevmAnw2k4gpqUA4MzZOtK37msbMiMmkAuHTNjLxdntje3kwI5ctJLqp8/7BDF08j0EtrCfhOAcgeEQiCwcEAXmkTo1i5g4I6DKFxElh1gD7UBJxI6whrfP5pb0UweRNzvsDmEh6JIZF+yFk9Crm9rJOxmz+bCbDpljvz37OedumETV9O/gEM2jObIa2ta1wezyNDd82J7JTEPyWRNyQRWQ4Hn/Frmvx/e1KuoZSkwUGFpv8u9JlZ1v/SKiO+3JmD3PT91qnUb+/3z08/8y4UoOwmqCwsJDUbZ+xe4/1Gxp1/f2J7tODRg2r5/oGt7+LwsJC+vWKJLpPD2N1qW77eztjUbV5Y9k7DPvHffj6+hqrSpWbe5b312/ivnujjFWVzt21NY5sbtWyORZLAT9n2hZXt1nx5lwAkpLXs2bdBry8vMjYucWlTXnk5OQYi0SqXd26dY1FDuqj4glK6qPqn+IpSuqjcv5St31K3BPPkJ+f7yh7akwcIx6636WdVExW9jGee3EuR45kGasc6tbz59b2f2PQfX1oUP8yY/UF9Z/V65g8/WVjMQBtrw3mg1VLjMXVJj8/n9FPTsXb25u5L07Bx8f9lG/lbVeTnTSf4o67+1f6F5T9/evw+aa11L/M9hmdBzP9/if3PfQY/zP9TvNmfyXl3aXUs/3OOPTr/3jhldc4frx866x1uLU9ox8ZYiz2aDu/S+eZ5xOICO9I/CNDHeXbPklj6fJ3yc0tx5KBwNB/RBPRJcxYXCMcO36CTz7/6ryWarrqr02q7fOdzEP/Y+ac8vdLd267tZ3L8y0iUlHVmW8cOHDAcbu0+7Ofk10lBbpAXiZJEx5h0e48Y42DIyA0pzFz2GRSswG/AIIaBUC+GdMRMxBI+LS3mHi79T9IVRboYiJpVAyL9mJdRzaoEQH5ZkzZQQS3yCBjv2sg6whZAb8GQTSql4v5T38CgkyYfitPoAvpCwcQvyYbfAIIvr0jzU/vYvvBJtzQYCc7f3Y+ZzNpLw1j8ibrkxXQOIgA31zMf2YTNMx2THeBbAWuq9v9oZRrKDVZaW8KlaU63/DsjGHug/f3Y8qTo2t8mGtXWFjI1k++4Nvde6CaQ91W7ToDMPqRITXmP8S//3mEOyL607njbbzxfy+UO9TNzT3LI2Mms+Pzr/h805oqv77uru31t91d5h9avr6+7P3qYwDmvr6Uea8vA2D/rq2GlmVTGCGeoLQgQn1UPEFJfVT9UzxFSX30XPz6PxOr33cdhRrdJ4qmTa50KbsYrFm3gQlTXqSwsPhHJc+Mf5whg6ONxVJOX3y9i0Gx5VuipUH9y3hmwmj63nO3seqCys/PZ9K0lx2vlx4Rd/HSc09y6aWXGJtWq692fs/AoaMASPrXa7T/2/XGJlCBdjXZN9/u5r6HHjMWV4p3336Vm2+6wVjscVI2buHx8c86fn4tYTrdu3YC4F//WcPUF61fFC6PSy6px/efbjAWe7xBsfHFAr7Hxk1hw6by//0c3ukOFs+baSyuEb7dvYctOz43FleIn58fj8b+w1hcJSraL92pqX1VRDxHdeYb5xroVsqUywD4NSd6TjKJzwwirG0gAY4v+fkREBRC+IgZDP27rSgglInLE5nSK4RAfzMmkwlTNjS/OZopy5YXhY5VKojoOUsY2y2YAJ88zCYT5kahjH19HkNbGtuCX6eJLBkdRvMAyDtu4uiZJkROX8jDbY0tSxby8CKm9AomADMZOz4m7cxtTHxtFKHFvhAZQOiTbzF3dDghDfwwHzFh+jMPv2v7MKjEBXc95bqKVA9jmDvioft59qn4WhPmAnh5eXFXxw6OPxgv1PTLzs6ezWPnd+nFphgzbuk/7sNSUGDcvUrt2/8zAFt3fMHD/5zkMqKiJPYwd9unaRQUFPBThm1++mo29vHhdLi1Pbfd0q7E7bHhMcbdRERERCrFO0nvM+/1ZS7bO0nvG5vVekuXv8v4Z2a6DXMBXvy/1zl7tuQvsUsZ3F9Wt46fOMm4p2ew87sfjFUXlK+vL82vsq6T5eXlxfTJT1zwMBfAYilaD6y0PlredjVZXl7Zfweeq6o8dmW65aYbHCNyAy9vwE03FH142aVjB+4ODyv292ZJ28MPPeB05JptYN976HRHaLHHWNJ2f/9exkPUGFc3a0pwy6u56q9B57zdfFP1feHjrjsr1i/dbSMe1CwaIlL7Vd4I3VqjaGrksEkpTOlim7dYpAYr7VselaU6v8FiDHMfG/EgTzwWa2xWq3yW9g1p33wL1TRS190o0s+/3Mlj46Zw7PgJQ2v3mjVtwtuvJ3B1s6bGqirxffpe7h30sOPnjh3+zpIFL5U4Ujc/P5/YUU+y4/OvHGXJK97ghpA2Lu0qm7trW1EaoXshpTGhwzMw+yNm1czZtzxGaSPL1EfFE5TUR9U/xVOU1EfPRWT/Iezb7/rFtmuDW7I+yfr/jYvBqVOn6dpnMH+WMh0wwM7tH9aIKVc90Rdf7XIsNdKvVySzp090qT/022G+3vU9M195jSNHrX9fDh18H0+Pt44o9RTDH3+Kzds/I7jl1Xy09l/G6gvC+dqueHNuidOklrddTeb8GCtbTbpmX37zHTu/+4E+PSO48i+NjdW13rBRE7j91vaMqEWBtIiIVK3qzDcu/AjdGieNpS9swOTyhcQ8Mt+ZyqL9gE8YXToozBXxNAUFBfxjxBhHmAvw6uJ/0apd5xK3a2/uwpC4caxa+yGnz3jOh7Bnz+bx3Q8/svaDj5i3aBlzX19a4mYPc7GN1F2zbkO5RqBWpsnTXy53mIvtA5nX31puLK4yIW2CXaYF3PH5VyWO1M3Pz+fhf05yCXMvC7iU665t5dJO4Nflj3J9h+7FtgnWVQhEPILbfjo1zdisFkhjgvFx6jVZs2x/scS+uW2q63Paf7nJ2ESkSvz6P5MjzN3ywTukrlsBwE8ZBzH9/qehde2Tn5/Pw/ET+eHHffznrflc3qC+sYnDnbfdojC3CjVr2oR7e97N6JFFX3o8+MshlzaewL4kzt+cRj2KZ1rx5lz279rqdlvxZtH0ruVtV5PcevPfeHjIAxdlmAvw1oJZCnNFRKTWuYgDXTBtTiCmV18GxMQQExPDgL5RxL6VAQQS+s+HCatn3ENELrS9GQf4Pn2vsbhUloICtn/2JROnzuLOu/vz4UepxibV7vv0vSz590o2b/+MzF//V+K0biU5k5OL+dRpY3GV+uXQb2D7Nv2KN+eWurW9NhiAzF//ZzhK1fHx8eHF557Ex6doHvutO75gRPxEl1A3Pz+fEfET2brjC0eZn58fC16eVuJo3uowffZ8BsXGl2tbnVy0xt2g2HiXLzhUjS4s/PwjfrBvs7vw4XiFDReTnzIO8nPmr8biYnLPnuWrXd9X4xR+JpbFdKf7hq585NxHkx7mOmPT87BtqmcFxNc9/nbRY7VtVTZi/NfV9O/wKMvKfvovqIr20Qth29TuXD9+s7EYbHVxTHd5n/1x/kPn/D776/JHuT5mNWVfEakuntxHU7d+CkCb1tfQ7Kq/cnWzprRuZV2H6L+bq+bbInv3HShXUJd79ixp33xbZb9X8vPzGTF6Ih9v/ZShj44n+9gJli/+P7cBSPNmf+XFqU8ai8+Jpzx+T3XlFUXXv0H9y1zqLjTT73+SlX0MgHY3hhir5SKn13ZxFb0mtc2FfPynz+Sw7ZMv+DTta8dnTgUFBWzcsoPV768vc/v8q53GQ1a699dv4olJz5e4/JWloICnnnup2Gci7jb7LGYiIrXZRRzohtBndCTtm4HZZMJkMpGdG0Dzm6MZ+/pbzIgsZa1aEblg2l4bTP/ePVzKovv0YPQjQ9xuwx8cSM+7u9Ci+VUAnDhpZvSTUy/ommBffL2L1G2fOv54u7xBfVq3asnNN91Ah7+3d7tdf11rl2N07XxnqaMHqoL9D4CrmgZx29/blbrZRy4UFlQsqD5fd9x2C2+9OsslmN32SRqxo54kPz/fMc3ytk+KghlfX1/enP8iHTvYF3q/MPb8mMEXX+8q1/bb4d8d+33x9S5OnjS7HKvKhT3Fwh7w44ZPFBZcJDZt/YSUjVvYm1E0JYxRXl4e76ds4ouvdpFx0LqmdZXbvozZ+1oxfmZ/rO/yNlf1Z/Wzoc4lUstVtI9WJ/sI8rii7+IUFz6dH5z7rN5nax1P7qMfb/0EgK6d73CU2W/bw97K9lHqNtZt+Jgf9+03Vjnk5eWxdt1HfJb2DT/tL/m6nSv7l/y2fWr9f2FObi5DHx1HQUEBS159yWVd1GtaNGfl0gX8NahoNpjz4QmP31OZT51iRVKy4+d777nbpf5C+z79R8ftdjdqhK640mu7uIpek8pw8JdDfPHVLr74ahcnzaeM1dXqQjx+gH37D/LvlWvZ+X06X37zHX8cOQpA9rHjpP+4j1//Zypzq+o1zAsLC5k8/WWSUzZyz8BYXl38L5d1vgEOHPyFd99LKfaZiLvtzcSVLvvWNl/v+p4liav42s0X/44dP8HKNR+wcs0HbmfWK21fEalZLuJAN4CQXmOZtXgtKRs3snHjRjamrGXJSyOJbKUplEQ82UtTn3QJdb/4ahcPRPcm/pGhxbaJTzzKvFnPsfG9RGY+O8ERND4z45VK/c9yeWUc+JnPv7R+y7Fe3bpEdAnjwfv7ERVxF2G331osGL3t7+24oe21/Pq/ohE63e7qWCzglSIdO/ydxXNnuozUtU+/bJxm2cfHh8VzZ17wMNfZ3BenFBvxXNLW6Y4LF1h1Cu8C+/ZR+z+CEGxTthUWFvLx1k/JOFA8rM3LyyN5/Sb+OHKUhoGXc02L5sYmVeLXzEygOde4pLlyMapoH61OBzL2Qw/r6NuFrt9Jc+gUVvz9/JrgVnqfrUU8tY+eOnWaT23/J/79j6OOD8B//8M61fJnX+6skiVLbvt7OwoLC/lv6vZia/diux5rPviI3/88QqOGgQRf08LY5Ly4+5IfwEnzKWJGPkG9unX5z1vzCbj0UoKvacG7b7/KFY0bubQ9Hxf68XuCPXszii0zM3HqLO7q+YBjJp2RQwdd0P/vuvPdD9ZA19fXl7ZtrLMSidh50mv73fdSGDZqAksSV7mUFxYW8uNP+x3v92Vth01/uOxfURW9JpXhkX9OZtDweAYNj+fFOQsd5Xl5eez8Lr3YYyxpO1UJs6JV9+M/fSaHD/+7mZSNWziTY/393ab1NY7fYYGXNyDkutZc9degMrf2f7vecPTK5eXlxfjHH8bH2xuLxcIrry7h3kEPu4zWvabl1dx3bxS33dKuzG14zECX49cmc19fyoAho3gh4VUGDBnF/EVvO+r+PJJF934PMmnabCZNm033fg861qEva18RqXku4kBXRGoqLy8vXpr6JPdEdgXbWq33D33cMfWVO97e3gzo25N/vzGHyxvUp7CwkGmz5hmbVamCggK2fGL9cKJe3brcd28UIW2C8fLyMjZ1OH0mh6T313P8xEm8vLy4OzxMYW45dLozlDfnv+gIdX19fbm21TVc2+oax+hdHx8f3pz/Ip3u9KwPidr97fpioX5JW+NGDY27XyDWaW9d1vQ0TPXpmLJ2+4u2Ni+yrZz7gn3aV9c225Y/6nQc56lhi45pn660+BqrhilknaaVNa5jWdLapK7H9Pwpac/Hre3/xk3XX0dhYSEbt3ziMm1Yfn4+yes38fsfR7j00kvoHdmVuv7+LvtXlas6d+U6NjO3pGlpt79Y4nOzbapzXyu+Nu2E7fb9bSMr1z9jq3Pqc8X2c65z3yev71A0fXPV9SHjeRWfIr1oSl5DW8fU0rZzjn6DH9nP7Gj3x/EUFe2j1anTsx+5jr49RyU+Z8XeB7vTff5+2PcG3Su9b8m58tQ+uu3TNAoKCgBY/f56xwfgaz/4L9jObZvt/6+V6bZb2tH+xhAKCwvZ8PE2Dvyc6ajLz89nzQcfYfr9Ty699BL69ry7Un+v2EfmOn/Jz9mx4ye4f9jjBFxyCe+8NY9VyxZU+sw4F/Lxe4o9P2Uw7/VlLtuqtR+Sfew4AIPu68O4x0cYd7vgvv/BuvzPTTe0xdvbcz5Scz4X+2vandzcs47bzl+AlcrhKa/tbZ+m8dRzL7F1xxe8kPAq6T/uc9Sl/HczPQcMc7zfl7UNHvFPl2NXVEWvSWVYv3oZK96cS8h1ralbt+gaT589n+gH44o9xpK2GQmvuhz3XFTn4y8oKOC9Dz9yfHGsrr8/Pe/uQmTXzo7Pnby9vYm4qyP9e/coc+vw9/aGe6h8Dz7Qj+T/LHYs9ZC+N4P+D8bx+x9HAPDx9ubF555kxZK5ZW6jHxliOHrt8a931rj8/PY7qx2312/a4hLgHjmazfpNWxw/l7aviNQ8nvO/TxGRCvDy8uL/Zj7jCHV/OfQb9w973O3UIs6ub3stox5+EGxrmf2w5ydjkyrz2+HfHd/wvD30ZgIvb2Bs4iInN5ek5BSOHT+Bl5cXEV06OtamlbJ1uqMo1H1qzCMumyPM9bBv/Nck21I3Q+vWXIN12tt1kc5rek6n57436G5cczRjGf1Tw21tnqJTeffd/iLXR79Bq9lF64V+FPkxcfPdT1u1buI0mGltt3pwEJDGPMMaqwt77Gd2tCF8A9ZN7M4H4U7383grPhxfPNT9cHx34plS5vFqk46338oNba+loKCADR9vI/PX/2GxWHh//cf8/scR/OvU4d6oCJcpKqvcVf2Z+3grfpz/UPEwFSAsnJ7sZ91WQwj562rmroeeD/fnKtKY0OEZ9juvSzu7i23/p2zPL44Rlo6+++tq+hv2W9hjM3HFzmM/s6OL+uQPs7vA+mfoH/Mo3TOGVH4f2v4i1xsfT9LDMP+h4usA73uD7h1Sucep3XXrn7GFtkEMSbSvR9yK8UnOrynP5JF99JyZ2LRhP/QIt/Y3h4+Jd37OPn+b8a2d+t1V/Vlte++i9cO2973XGKJR7B7BE/to6rbPjEXFlKfNueh052387frrKCgo4MP/buaXQ79hsVhY+8F/Mf3+J/516tC/V2SlX49R458rNjLX6M8jWWzcsoOQNsFVtobrhXr8NcWKd5MZMOQxTp8+Y6y6oHZ9nw4eON3yXxoXfdFzz08ZLnXOPvmi6IsMV/6l8kade6pBw+Np1a6z223Q8PgKtysPT3htG79scCSrKOypqELOfxml6r4mo5+cytSX5jKw3z1MGD3SWF3tqvvx23l7exXrC57I18cHX33BpFS+vq7Xp9C2JBq262fkUl/KviJS83j+u7qISAnsoW5f27pK+w9m8o8RY8qcFqdPVITj28j2NbOqw+HfrVMV+fh407pV6VMr5eXlsWbdBsc31Lt2vlNh7jno8Pf23ND2WscaygAtml/FjSFtuCP0Zpe2Un6/Ln+UuPVO65aGPWUIeUIZ/XgryDjkOtJ2X3PijaPUytzXxLI3NnPd428zK6yo1VWDXyth6tL9EDnFEF6EMivRdY3VTrEPcx2ZHHA5wf0Q6f5+PnzDMGq4x3SX87YebzMflDCat7bofOdtjjAiZeNm3kvZyOHf/8DX15fePbpW+gim8rhq8Gu20HEzccbRirb+9OP8ZS5B6a9bP+ZHunBPGPDrIfbTil6dnfph2FMu/cCdbUve4MfWDzPXuR88O52ebkYMX/e4U58MG8L41vDjvuYsdHo9VKQPWQNsdyM0i14vLq+rq/qzenYXWL/MMFKzFeOTbAG1rV18DV+31RP76LnYNvUhZu/r4tJHANgHvZyfM4IYkui+34ln8qQ+WlBQ4Fg/959xw4ot7fDEqOEAbNnxeZV9+Ncl7HbHh9zrNmxi9boN/M/0O76+vvS95+4yvwB5Lu7qeJuxqJihg+8jNmaAsbjSXYjH7ynaXhtcrM+teHMuS1+bTZew2wHY+V06Y5+eYdz1gjn022HHepw33RhirL6gWjS/ipZXNwNg1tw3SE7ZaGzCmnUbeOvf7wLQulVLml31V2MTqSQX+rXdscPf6dr5Dur6+/Po8H+4fJE56u4ufLjqrWKvvZK2d96snJnNqvOapH39LQUFhaR8tJlV733oKH9m/OMk/WthscdY0vbMhMddjns+quPxe3t7c2/P7o6pvE+fyWHdho/5b+p2x+/xgoICNm7Zwer315e5ffHVLsM9VL7ElWvpOSDW8UWUkDbBrP7XQq68ojEAloICnnruJQbFxpe5zX19qeHotcejsTEuP3fvWvTXwD2RXbnqr0V/+/n4+NC1852On0vbV0RqHgW6IlKjeXl5MXv6JMeaunt+ymDB4n8Zm7loGHg5LW0BX8aBX4zVVcYeNDeoX7/MqZUyfzvMn0eyQGvmVtipU6dZv3ELbyx7hyFx4/h29x4WL/sPp8/kcPpMDm8se4dd36fz4CNjmfv60mr5I6Xmswdl1q37/OYsdDPiy3mqYut0n4a1H+0jet0ocd9fP2HdPmjVvPiowGuCWxmLAPdtoWj63Os7FE0jm+6yjJEh1LNxt45lz3BDyHJVM1oB+zNrf6DS+c7buO7aVlgsBZh+/xNvb2963t2FK/5i/aP7grCNSiwKdoummLVPy1wUlFpHPl73+BBrKHZVM1pR0dGxaXzgGOHrrDkhreHHjKKp1Ir3qyCuCS799VCW65xH37qMGv6EdfuM92fjbrRy6650M7yO3fX3msYj+2i5WadTjltvCNvt3Dxn7vudeDJP6aO7vk/n+ImT+Pn5MWLI/cWWdoiNGYCfnx9Hs7IdoxKrQpew2wm5rjUWSwGHTX/g7e1N7x7duPKKvxibnrfTp8+wIul9Y7GLvvfczdPjRxmLq0x1Pn5PUv+ygGJ97ra/t6PTHaG8MfcF2tkC0/+mbq/S/lcR9vVzsU257Gns/TYvL48nJj1P7wdGMH32fKa88Ar3DIhl/DMzKSgowMvLi5nPTjDuXiv16xXJ6EeGuN369YqscLuKuNCv7TfmzuSHL/7L2FGuU5d7eXlx3bWtir32StqCrqy8862ua/J/M5+hR0Rnbru1HY2d1qX18/Oj/d9Cij3GkrZ6deu6HPd8Vcfjv6ReXXre3YUe3e5yfO6056cM/jxq/Xwp+9hx0n/cx6//M5W5ff3tbsPRK1dhYSGz5i7CYrHg4+PDE4/F8t6KN7g22Dr9MsCBg7/w7nspfPH1rjK3N/+10uX4tclDg/rz3oo3mDT2MRIXvcK0SWMcdfUvC2B90jJefO5JXpgyns0fvEPTJleWa18RqXkU6IpIjWdfU/fennfTtMmV3B1e7OPPYurbpk47k5NjrKoyp89Y76ue0xouJWnR7CpuvukG7uneVWFuBXz5zXfc3e9BRo1/lpf+73W++Noa1n7x9S5u6XwPt3S+h7Svv7WWfbWLea8vY9DweJ589kWOnsc0VLVfFxa6C49s7OuAxmGfktY23adRcDND+FWOfQ/u40daEVL0N10Z3LS1r787nqLHkfQw1xmaSfmFh91OSJvWeHt707XTHS7fCL6grurP6s/fZnzr/cyeaBtVfdWd9GoNH6baZmQoFnqGMssxba018DdOsV3Mr4fYb5t623Wk7EPMLlqirPod3EfRR80XN4/to6WxTeP9YeuH+cjNl2akdvGEPvrx1k8B6HxnqNsvG9b196fzndYvMNnbVpVune/khrZt8Pb25u4uYTRr2sTY5LydyckhZuQTpS650rN7OLOmTTQWV7nqePw1ibe3N7fe/DfHz19+851L/YViXz838PIGF+Q1W5a7OnZg9vSJ+NimWP1hz08sW57E8lXJjtFvfn5+TJ04hvZ/86wRxlUluk8P4h8Z6naL7lM03U9521WUXtvFVcc1ueO2WxzPX4+Iu4zVF1R1PH6Aa4NbEnN/P0LaBNP22mD+0sg6LXvg5Q0Iua41V/01qMztlnY3GA9bqby8vHj84Yfo2vkOPli5hMdGPFhsbe9rWl7NffdGcdst7crcHn7oAZd9a5sbQ9oQGzOAO267BV9fX5e6Sy6px333RjGw3z0uYa5dafuKSM2iQFdEagUvLy8SZkxm2/pV5frj1D79ccCllxqrqoyf7T9Np8qxDpSPjzdht99Kq5bNjVVSgoyDvzB4xD8x/f4nfXt1J3HRKzwz3jpFUp06fiya8wKL5rzg+APh2SfjSVz0Cn2iIkhKXk+P6KEcOapQt8J+XU38/P30nP0RPxinBi3L+exbbiaWTXyDH3tMLxZEV8h5jKasjby8vOgS1oG4YYNdvkHtGYIY8nAX2Pcxm351+nl9Ktvs0y0XG+VoWy/Wad1k6zqyJbCNyO7ptK6zy1Zl/bkMLVvriwo2nt1H3bCtFf5jj+n8YJgivryuC9b/GWoST+ijh03W/w9Hdu1srHKwBxmmP/40VlUqLy8vuna+g8cffog2rSv/N25u7lmGPjq+2EjP5s3+6pjmuttddzJn5jN4X4D1Bqv68ddEP/xY9A0p/zp1XOoulO/TrV+buvmm641VHqNfr0jeW/EG3e6606UvX1KvLt27dmLj2n8xeEAfl32k6ui1XdzFfk2q8/FfUq8uEV3CuDs8DC8vL7B9YSbiro70792jzO22W9oZD1npHh7yAG/MnVni/4V8vL158bknWbFkbpnb4yMfMu4uIlLrVP9fKiIiF9jvfx5xfIBV1lq2lalxI+tUP8eOnyAnN9dY7VH279rK/l1biX9kqLHKYyW+swaLxcLkcY/x8vRJ3HHbLTw0qD8AoTffRKc7Q+l0Zyh/b3cjvr6+xNzflztuu4VXXnia0Y8M4WhWdq2eoqd6Wae0PTeGfd1NEwvF21WQdQ1Vo1Lux83oYvF0zbnGsW5tOD3ZzAfb05g3f7+bqZKL2NdNLn36WusUt45Rv57CNn108X4MbE/lw2LTP4tnsK59TI/pZX8ZwPFFBSelTE0vUppXXnia/bu20rdXd2OVQ0SXMPbv2srL0ycZq2qM3NyzDB/9VLFRnsEtrybp7dd4c/5LjB/9MAtmT3WMbJQLp7CwkBXvJvPpF187ytq2CXZpcyFYCgoco7vb3ei5gS5AyHWtWfR/L/DJf5NY8eZcPli1hG8/Wc9rCdO1bu5FpLCwkG9377koZ6Lq2nswrdp1plW7zrz6ZqKxWkREpMbSXysictGZv+htx+2Ot//dpa4qOa89k+70jXOpHPt/toYvg++711F24qQZgKZOU6L99a9Xkp+f7zIa9+Eh1ql59u13WVBVysM2UtE52Pp1+bTyTTtbrn1DGf14K36c/5DLNLjF25XEtl6pbXQmFI0MdufH+dMca68CbJv6ELP3tWJ8bBkhi1wQvy5/tPhI2l9X03/85qI1cgEI5Z4e8OEby9hPF+4Jc20/weUY1vVxnUc7XhPcyrUPOUb9PlPs/rdNrchavJUtlFmzu/Dj/Idcz8txTaZUfBrf0kJiqRy2acDL9z7jNJ04WNfcjX6DH1s/zGinfn1V8+buw1+Ri5C/fx0SF73i+MKiffto7b9o1DCQ9n8L4ZFhg/Hz8zPuKlXoi693OQIX5y24/V08M+MVR7s7brvFZfrlC2X9fzdz0nwKgCv+0shYfcFZCgp46rmXGBQb79j++eQ05i5cyvSX5vOPEWNc6kaNfxaLxWI8jNQSpt//pFOPgfT7xyNEP/Soy1JTh379H3FPPO3SH0rb5r2+zOXYNcHLz09mxZtz6dk93OXLIds+TWPoo+OLPcaStk1bdrgctyY5dvwEH36Uyur315/TtmbdBnZ+94PxsFUm81DF+qVxGzzin7z171XGw4qI1DpeWVlZhcZCEaldAgOtI0OrUna2NRyrjvs6H+++l8JTz70EQMcOf+ft1xOMTapUUvJ6fjtswtfXl+5dOxHc8mpjE4/Vqp11Or7Rjwwpc+TuoNh4vvh6F7fd0o4VS+Yaq6vEiNETSd32KTu3f0j9ywLIz8/nmRmvsGrth7w+53kiulg/6f7uhx/pO3gkt7S7kQUvT+WKxo04cdJM+7Ce9ImK4JUXnjYeulJde0s4FovFus7LrUVTGK1OXs9vh39na8rKcq/JNf6ZmaxZt4EVb87ltr+XfzqknAqsHf3r8kfpPr85C0ubrvjX1fSPfsMx4vW6x99mLtNc9ts21bZOrnH0WTn2xXEeRSGs23a/rqZ/9Mf0SjKuPWliWYzT2qatH+ajmRAf/QatZn/ErDDnfYeQHv0MHzr27WJ47GlM6PAM2PczlO9//G1WDy7f83exq1u3rrHIobx91Ngv7HoWe36c+ppxFKShD2LrX67Po/X5tfYLpz5R1r4l9MltU7sTl/EwHzlPrWs7lqNPulXOfubmvIzX5Nflj9J9Q1fXcyjhNe98nYtfm9qrpD5a3v7pjtv3QjfPlzP7NXc8Zw/vo/v4zUUNjH0aDO97rRhf7H1RaoOS+qjRli1b2LJli7G4Utx1113cdZdnrU9odLE/fk/yxVe7GDQ83lhcom533ckrM57m0ksvMVZVm2++3c1/U3fwn9XvOwLd0FtuYtTDD3Fd62to1NAz/v79KeMgPaKHGItLlbziDW4IaWMsrvG+3vU9A4aMAtsU1Fc1df//ll9/M7Fm3QaoQLtVyxZwS7sbjU08TsrGLTw+/lnHz68lTKd7V+v/7P71nzVMfbH8f6Nfckk9vv/U+vhrijvu7s/vfxwBcPlM4vHxz5Kysfy/D7p2voM35s40FtcI3+7ew5YdnxuLK6Re3bqOL79XtYr2S3cub1Cfr7euMxaLiJRbdeYbBw4ccNwu7f7s52SnQFfkIlDam0Jlqc43vHO156cMeg0cTmFhIQGXXsra5a9zTYvqXW/u9z+P8O57KVgsFry8vBh8Xx+P+RCgLMHt76KwsJB+vSId66mVZPqs+ez5KYMOt7Zn+eL/M1ZXiW2fpDH0sfFceUVjWjS7it8Om/j1fyYG9ruH558e67KG1DMzXmHFu8n8pXFDrrm6OT8f+pXf/zjCKy88TZ+oCJfjVrZe9w8vdYS2pwW6nqykQOqclBC8SdUpLYiokj6q51gqqKQ+WiX9sxwq9T1PaoWS+qjRli1b6NKli7G4UmzevNnjA82L/fF7khMnzcQ/NZXcnLPGKgdvH29at2pBv16R3OgBYWPcE09z/PhJYzEA0yaPIfia6lvCpzSWggImT5tN5qH/GavcatTwcubMfAZfX19jVY137PgJQrv0wVJQYKw6Lz7e3qRtTnasu+3Jfv/jCF17D+ZMTg6Blzfgg5VLHDOGHfr1f7zwymsl9muj20NvrnFrkx74OZM/j2SxfNV7HM0+5vhMYtsnaSxd/i65uSW/BzmLfXAgXTvfYSyuEY4dP8Enn391zst9eXl50fLqZrT/W/VMMZ956H/MnFP+fmnk5W1dm3jYPwYYq0REyq068w0FuiJSotLeFCpLdb7hnasjR7MJ7z0Iby8v/v3GnAv2beTDpj94L+W/eHl58eDAflxyST1jE4/UOWogv/6vYlNu9u/dg1nTnjIWV5nklI28NOd1Tp0+w93hYUTdfRddwm43NgNb24T5izn8+59cG9yS+/pEMWRwtLFZpfvki6+Z9/pSvt39I3l5ecZqhgyOpv5lAcZitzam7mDPTxkXaaBrG30W7G5k2jlQ2FftSgsiqqKPuh0VK1KKkvpoVfTP8lCgK0Yl9VGjiz3QvNgfv8jF6O0Vq/nPmnX8lFE5S+pcG9yS+/v14qFB/Y1VHuvLb75j53c/0KdnBFf+pbGxula7tUsfsrKPATAhfiQjhw4yNhERESmmOvMNBboiUqLS3hQqS3W+4cmF8faK1bzwymvk5+cbq9yqf1kAb706q9q+0VnT2aepPhe1PdDdNvVRDsS6mbJ2vXE65POgQLfalRZEVHofLdd0xiKuSuqjld4/y0mBrhiV1EeNLvZA82J//CIiIiIiUrbqzDcU6IpIiUp7U6gs1fmGJxdOTm4ue/ZmcPZs8ZGlzi4LuJQ217bCx2maYyld+t4MTp40G4vLpW2b4HKP6uUChhHnyu06qa0reaSlAt1qV1oQUWl91GltUuMasiJlKamPVlr/rCAFumJUUh81qqr1Y+08PdC82B+/iIiIiIiUrTrzDQW6IlKi0t4UKkt1vuGJyPm5UGGEiLPSggj1UfEEJfVR9U/xFCX1UREREREREamY6sw3zjXQ1dApEREREREREREREREREREPpUBXRERERERERERERERERMRDKdAVERG5yHhrbWO5wMrqg2XVi1S10vpgaXUi1UX9UERERERE5OKivwJFREQuMj4+PsYikWpVVh8sq16kqpXWB0urE6ku6ociIiIiIiIXFwW6IiIiFxkfHx/8/Pw0ukeqnbe3N35+fmUGEeqjcqGUp4+qf8qFVJ4+KiIiIiIiIrWPV1ZWVqGxUM5VGjMjJpNKMCOXLSS6KfBbEnFDFpFBODM2TiTUuItINQgMDDQWVbrs7GyopvsSERERERERERERERGpDNWZbxw4cMBxu7T7s5+TXSV9rTyNmRERRBi3vgOIGT2NpRsyyM4z7iMiIiIiIiIiIiIiIiIiIqWppEC3SEDjIIKCgghq4AfmbEx7trMiIY4BfeJZusdsbC4iIiIiIiIiIiIiIiIiIiWo5EA3mMEvJ5KYmEhiUgobN6SwasEowhsDeemsGDOepN+M+4iIiIiIiIiIiIiIiIiIiDuVHOga+PgR2KYPExfPIDwQsGSwfPVO1zbH00l+KZ6+UdZpmqOi41mwzYTLDM1ma5sBfW1TOUf2JfbJZDIcx8hgw8IJxEZHOaZ77jtsGkkuI4Lt00LHkXQokw1TY4iKiCBujamMOoA8TNsWMWFEX6Jsx4+KjmXaqnTMFqe7qJCqOKaIiIiIiIiIiIiIiIiI1CZVG+jaBYTySEwIAObNn5BuLz+URPwD8SzYtI+AG8OJ7NKeRqfTSZ4ew+hVmdY2lnQWDItnwaZ0zA3aEx4VSfhNARz+Jp0s22FMHyWQkLyPk3/tQGRUOO2b+mE+tJ1FJYwITl82mYQdttA4v6w6M2lzBhMzPYmdP+fiHxREUFAg/uZMti+Op298EpkVDmCr4pgiIiIiIiIiIiIiIiIiUttUT6ALBLa7jeYA5h9INwFks2HeItLzIGzsKhJfmsjYSbNIXDSUYCDjrWVsPwN8s57kbCAompeXzGLimLFMfCmR5MWDrccD/EMGMXflWlbNm8LYMROZteR1hrayjghev80WDDtksP2bJoxcnMLGjRtZOCCo9Lpdy5iZkg0+wQxdnMzaxEQSE1exduUUwgOAvYtY8FG20zHKoSqOKSIiIiIiIiIiIiIiIiK1TrUFunjXoY79tgX47WOSdwEBfYiODChq1yycrq0Ay3bSdgP1/AkA+HMXXzhNoezXojn2KDbwhjBCGjiqwKc5oaHW2sxM+7TJRUKGTSS6hZ+xGNzUpX2UjBkIGjCWQc77NAhj6APBAOzc/AUViV+r4pgiIiIiIiIiIiIiIiIiUvtUX6CbbcIarTahYUMgc591DVxzMvG2NWStWwyL9lt3OZsP3BDNyFsDwZLBijF9rWvsbshwXWfWkkfmrmSWzpnJhBExxERHEfdO8SDXKpiwmwONhTbGOhOZB623Qtpag1ZnQc1sY4RPmsk1VpaoKo4pIiIiIiIiIiIiIiIiIrVRtQW6GV9/gRmgVQgh9ZwqAoIJi4ok0s3W/gqAICJfWE7iCyMJbxNA3vF0khPiitaZtWSSFB9F7PgFrNi2k9yr2tGu6zCGdnGeSllEREREREREREREREREpOapnkD3UBIJthGz7Xt3tU6V3DDI+u+Z5kSOHsvYMcW3yFb2A/gRdGs0ExesJWXZWMJs68wu25ZH3ifLWLQXaDqIhUmrmPvsWMbGRWObcfk8BXGlbcBs+p4MYyWmQ7b1eZs0pJGxskRVcUwRERERERERERERERERqY2qNtC15JG5bQGxIxeRYYHAjhOZGGWb0rhNGOFNAUsqS1dlkue83/F0lq5Js97+LZNMp0q/prdxUwvrbfMZM0dNh60/BDakkY+tkTmNdzeUNOVyxXToGAaAaVUCK352OpHj21maZA1kw7qE4X5FXveq4pgiIiIiIiIiIiIiIiIiUvt4ZWVlFRoLKy6NmRGTSQUCGgcR4AucOYrpeFFYGdhlIoueDCfQHroC5s9mMmxKKtmAX4Pm3HBzCIHH00n7NhNzlxlsfDIUPptJxNQ0gm/vSHB9OLV/B9v3miEwnBlvTST00CIGjE4iGwhoE0bHv5rZteNnmlx/GTt3ZUI323Ec5xjMyGULiW5adB6l15lJe2kYkzdlA34EBDUigFzMf2ZjtkBgtxm89WQoASUd57ck4oYsIoNwZmycSGiFjyly/gIDS1o3uvJkZ2cDUL9+AwoKC1iRdooln5r5KvMsuXkFUFgIXoXWf8HxrxclvQWVVC4iIiIiIiIiIiIiIuJlLACg0F7u5fRvoRd4eeHv583fm9ch9o4ABoVeireXNydOHIdqylIOHDjguF3a/dkzF7tKD3SdBTRuTuvQHkRH9yG0mfvxpuY9ycxfuIzte8zWUboBgYR0GMzIR/oQ0gDYn8yEF5ez75A17CxWD2TvWMCkhGQyzODXIISofz5H7/9NInZxRiUEugB5mLYtYubCj0k/YgYgoFl7Ioc8wbBOQU4jad0cx22gW5Fjipy/0t4UKotzoDsh2cwrqSfwKix0Cmbtt51CXYqCXWclh7wiIiIiIiIiIiIiIiJWjvDWmT3Iddx23rCmEF5ePBFen1l9Ai6mQFdEPFlpbwqVxf7mkpLhzz/ePgYUMj/6Mgbd4s+lday5bWFhIXhZ/y20Bblu8lwREREREREREREREZFzUjQw1wsvLy8otN+GU2dhxde5PJ50EvDi3w9dTlRwLlRTlqJAV0RKVNqbQmWxv7nc+3YB2zJymX9ffR7pWA9s4a0j0MUW6DqNwrWXi4iIiIiIiIiIiIiInCsvp9G5XtgCXUe4a6v38uL1HWd4/N0TdAr2572HvKGashQFuiJSotLeFCqL/c2lydQccvMh+6W/EFDX9sbpCHULrVMZOAW74DTLgcJdERERERERERERERGpAOcQ1z6WzDnIhcKi0bq2cnNOIYFP/om/Lxx+ti5UU5aiQFdESlTam0Jlsb+5NHzmDAD5c4Mc0ytDUahrvWkNdotui4iIiIiIiIiIiIiInL+igNca5DrKnG8Xgm+8CYCs6fWgmrIUBboiUqLS3hQqiyPQnZIDhYVY5gVZ18c1hLrWf1zfdlx/dvomjYiIiIiIiIiIiIiISKmKMgaX0brOPxvCXC8v8BltAi8vsqZphK6IeIDS3hQqi0ugC1jmXglFGa5rsOtSUTpj+CsiIiIiIiIiIiIiIhcvY2hbIqd29iDXudgn/ncABboi4hlKe1OoLMZAt2BekFMYW7Rurn0AroJaERERERERERERERGpKo7g1xHkWtfTtd/2Hm2bclmBroh4gtLeFCqLu0CXYsGtU7BbVCQiIiIiIiIiIiIiIlI5jDGEU5Bb9DMKdEXEs5T2plBZigLdXKDQEeg6KxbmOijVFRERERERERERERGR8+U+h3A3TbM10PUia5o/VFOWokBXREpU2ptCZXENdKFgnnUN3dKUHPCKiIiIiIiIiIiIiIicG3cBrpH3aPsaugp0RcQDlPamUFmMgW7hfHdTLouIiIiIiIiIiIiIiFw49rDX63H7lMueH+h6u/wkIlLJvLy8HJuIiIiIiIiIiIiIiEh1q+lZhUboilwESvuWR2UpaYSuiIiIiIiIiIiIiIiIp9EIXREREREREREREREREREROW8KdEVEREREREREREREREREPJQCXRERERERERERERERERERD6VAV0RERERERERERERERETEQynQFRERERERERERERERERHxUAp0RUREREREREREREREREQ8lAJdEREREREREREREREREREPpUBXRERERERERERERERERMRDKdAVEREREREREREREREREfFQCnQd8jDt2s72XSbyjFUiIiIiIiIiIiIiIiIiIheAAl273YuIGz+NaePjWLTbWFlc2ksRREREELfKZKw6Z1VxTBERERERERERERERERGpuSov0LWYSV+XwIQRfYmKsAaTEZF9GTBiAsn7jY09UItQOjYGGncktIWxUkRERERERERERERERESk+lVOoGvJJCm+L/HzNrDzZzN5fgEEBQUSgJnsn3eS/odxBw8UEMrYdzay8Z2xhAYYK0VEREREREREREREREREql+lBLrZHy1g0V7AJ5ihr6ewMWUtiYmrWLshhcRnIrna17iHiIiIiIiIiIiIiIiIiIiUpVIC3X17d1pvdBrEoFZ+TjV+BHUay6BbnYoA8+5kZo62T80cRd/RC9j+W55rI8ykr5tJXF/b9M1941iwI5vtxdaZTWOmbYrnmZ+5HsG+Jm3ES2nFyuJWZZKZMo2YqAgiRiVhchwnjqTfnI9iPY/46CiX88h1bmJ3PIMNCycQa28bEUHfYdNI2mM2NKzAMUVERERERERERERERETkolUpgW7rNu2tN7atYOluY3jpKnNNPAPGLCA1I4AbukQSfnMjcvckMy12NEmHitqlvzqM+HmpZJghoHEQQQEmUqaOZP7Xzkc7D3uXMXnOdkx5QL6xskj6Qut5pB/PK/M8TB8lkJC8j5N/7UBkVDjtm/phPrSdRWPGu4TEFTmmiIiIiIiIiIiIiIiIiFy8KiXQDew+ipFtAEsGK8b0ZcD4RWzY7ybYPbKBBW+kk+cTxth3Epk1aSwTX0rk9WHBYMlg0bLt5AHsX8rM97KBQMKnrWXtO4kkJq4lefG9NMo2HvTcZGzbSZO4JaRs3MjG16MJMjbAdh5ryn8e/iGDmLtyLavmTWHsmInMWvI6Q1tZr8v6bZnWRhU8poiIiIiIiIiIiIiIiIhcvCol0MWnOdFz1zJ3RCiBPpC9K4mER/oSNWIRaceLmplSk9lpgYBe0UQ2KCpv3qkrwQCfpLETMH2bhgmg4yOMuz3A0c6vxSAGdSna77zcMISJ/ZrjPEG0kenrip1H4A1hhDg9LnyaExpqjYozM61TRFf0mCIiIiIiIiIiIiIiIiJy8aqcQBfAJ4CQATNYtXYJU/q1J8gP8n5OYvID8STbphvOPJgBgPm9eMcasxEREUQMWUQGgOWstd0+a7vm1wYXC1z9fQwF5yj49tsINBYa2M+33OdhySNzVzJL58xkwogYYqKjiHvHvtavVYWPKSIiIiIiIiIiIiIiIiIXrcoLdO3qNScsbhaJq+YyqA2Ql86Ct2xTKdsEtAkjMirSzdaehk7t6vjUcfqpZHWqOAgt13lYMkmKjyJ2/AJWbNtJ7lXtaNd1GEO7uJ3MuXzHFBEREREREREREREREZGLWuUHunYBIfToFGy9/dvvHAUa/sUabpqbRTJ2zFg3WyTBQECAdSrijIO2dWcdsjnsOuAVaM7VLWw3La41uYafK6oi55H3yTIW7QWaDmJh0irmPjuWsXHR2GZcdqjIMUVERERERERERERERETk4lYpgW7aW5NZ+mUmec4Bal4mqdus0wtzWQD+QHDncIIANi9lxc/OY3bBvHspSV9ab4fcHGq9scm1nXnH6yzf7fjRphENm1hvpW3bjtlefCiJFducmp2DkDu7EoCb8/is+HkcNR223ghsSCP7iGFzGu9ucE1pK3JMEREREREREREREREREbm4VUqgy59prJgUS1RkFH1jYoh5oC8RUbEs3Qv4BDNydKR1vdpW9/F4t0CwZLB0RB/6jpjAzDkzmTCsL33HrGBfvu14tw9lZBsAWzvbMfs+n0mjVi73DPgR1iUMAPPmaQyIjiEmZgB9RyRjdj/bcfm1i2awu/OYWvw8gm5sZ32MuxcwbNQ0El6YQMyAl8m+urlrwwocU0REREREREREREREREQubpUS6IYMHMugjiEENQCzyYTpiBm/BkGEdBvJrH8vJLqZvWUAoU++xdzR4YQ0APPPO0lNSWXfmeaEj57L47aBuRBE9JwljO0WTIBPHmaTCXOjUMa+Po+hLR136+DXaSJLRofRPADyjps4eqYJkdMX8nBbY8uKqsB5tB3Jomf7EBwA5r3b+fibXG6btIhRtxrXyq3AMUVERERERERERERERETkouaVlZVVaCz0XCaSHolh0X4Im5TClC5+xgYi4kZgYKCxqNJlZ2cD0HBKLgCF8893iLyIiIiIiIiIiIiIiEjV8Hrcumxq1jR/qKYs5cCBA47bpd2fPXOxq5QRupUvjaUvbMDkssxuHpnvTGXRfsAnjC4dFOaKiIiIiIiIiIiIiIiISO3moYEumDYnENOrLwNiYoiJiWFA3yhi38oAAgn958OE1TPuISIiIrXFkX9Hs7HD9cW3qduMTatMwS/L2Hqn4f7vjOb7/daZCKpSwR+b+Hp4B8f9fjwwnu93nzQ2k6qSkUCIlxdexbbBpBjb1nrH+Gx2f66pZ7sGfoHc/PAaTPnGdhergyTcaOwn1m3wOmNbEREREREREZFz46GBbgh9RkfSvpltTV6TiezcAJrfHM3Y199iRqSmchWRWiA/hz2bV5DwRE9ubtaEQD/jh8H1aNKsCSHhgxk3ewWpu4+RYzyGiFSNk9v46tHZnLU4ldVpR9MVSdzYyjoFS5U5+SGf940nyynALfhlE6bh0ezc49JSpGTmPaQmJjCu9800adaEesbA0S+QJs1C6DpoHAmJqew55v43zM5JN3PHhDUctFfnH2Pn4v406beCY4a2UgtsHlW8rzht10zRm5CIiIiIiIjIheChgW4AIb3GMmvxWlI2bmTjxo1sTFnLkpdGEtkqwNhYRASAYzsS6BpYA0bHmPew5ok7aOJXzxrWzklh568mjhUb7ZSD6VeTNfSdMJiuNwYS64mPR6S2sRzg+9FxHD/qVFanHU0TlxNytVNZFTmZuppTzkGyw69kpewyFoq4OvIZCf2a4HVZCF0fHEfCup2YfjUV/0JQ/jFMv+4h9Z0Exj3YlZDAm0nIMDb6jCVzDhoLrdYtYbV1mRmpRVLfXVK8rzg5mLgcRboiIiIiIiIi1c9DA10RkfLLyVjDuLAmBIaNI9WjhwvlcHBpf5pcFkL/OZ+hz8FFPNFJDj4/FJNzYtGoE82qKcwVOR/HNo/imr/cwbi1+g0j5yA/hSULS4tzgZ9XsHy3sVBEREREREREqpoCXRGpoXIwfbWEcWFNqNe6Pwk7PPzD6/xjrBnWkmuGrVGQK+WSc+wgO99NYHj4NdQbdvGt2nlhnOTg1HvIWH+kqKhRJ5q9tpDrqjHMvSx8CA0aGUsBn7ZcEd3OWCoCQM764bQMf5USxtOeo9t5bFp7YyEAl8eMpb9WQalVct5dwgpjYTEHWbJip7FQRERERERERKqYAl0RqVGO7VpDwsNduaZePZrcOtzzg1wAjpEyrCX9l9aEc5UL6djuNdY1lQO9qBd4DTcPGMeSzQfJKTYdt1SFI/8eaghzu3H10uoNcwG4rBN/XzqXxqHX4O1jLfJu25Omi5ZyY3Wfi9QM+Z8xbtCSKlnTtu34VD6dN4j2l9sKfIMIH7OaPW9FYS+S2iCHNe+uMRa6ZVq6GkW6IiIiIiIiItVLga6I1CAHWRLTn3GLUzlYxoyAnmTP7HB6JpbxMbvv5bTtMoixs5azetVqVq9azfJZY4l9IJy2+sT8ovHprP7WNZXL6C5SNRr/I4mIz38o2j6cy7VXGFtVD+8rutF+3jq6fmI9l65LZxFyw2XGZiIA5Lz7Mq+W+L4RRNQzH5L+5xkKCwsd25nsw6SnLmByr/bUNe7i4nJuf3w532Tb9s07zMev9CPI19hOajTzGlavNRZC2xvaGovAtITVXxkLRURERERERKQqKdAVEalKO0Zxx4RSxrH4tiV2VTpnzmSTnrqcl8cPot99/eh3Xz8GjX+ZN1d8THp2IWcOf8ObI9oTqA/QRUTEIGVdSSMr2/L8nsN8OC2Kto1dY9u6lwfRtstjPP/+N5w5c4DVI8oKdqU2y1m3nOK9qC2DH7zDWAiYSPjXZ8ZCEREREREREalCCnRFpBa4nMs98lPogyTEvVryFJjBj/Hh4XTevK8tdcsIausGtSf2jW9Y0MNYIyIiF7eDHPzeWGZzQyyDrjMWulG3Jf3eWM5jwcYKuTiYWL7YzVrtdcMJj7mdcGM5kLN4OYp0RURERERERKqPAl0RqdGC+r7Mp39+ytOe+CH05gSe3m0stLl8EB9+uYCoxsYKERGRSnIku+QvFYnY/bqaJZuNhVB3aD9uD+rJoC7GGiBnCct3GAtFREREREREpKoo0BWRmqVuXYKuCyd21mq+OXyGw2vGcrthGknPkMOK+a/ifqnfy3ls3XKiqmRt3ByO7U4h4Yme3NysCYF+Xnh5FW2BzZpwc++neXXzHnLyjfu6k8Jgp/2LthASMuxtcji4PoHBt7reX2Czmxk8O+Uc1jvOwfTVmhIfg1dgE0LCB/P00p0cK+sx5OewZ/OrPN37ZpoEOh+nHk2a3UzPJxJI+bGsEyzHNcjPYY+ba1Cvyc30nLKEnaaS7uMgCTcWte+ZaKy3SexZ8n27k3OMPesTGNf7Zpo0C3Td1y/Q+tinvEpqmY/dqLTnph5NmoXQddA4Et7dicls3LfyFRzbw09zh7G1dwc2drjeunXqwObh8Xz7wR5OWYx7uJPLmf1fkLFmHmlPDWZzX6djdbiejRGdrcdb8wVHzhj3LVnBmQMcWjOPz0f3YrPz+XW4no2R3dk8PJ60N97h0P6TFO/G20hzbu/Yovn+V2Nbd3I5uWcT38+NZ0ff7nzcyXCcyO5sHT2hnNcolzP7t5VwrJv5uG93djw1j/SvD3C2zGO5yj+6h4x/z+bT4d3ZHHmzyzl+3Nt6jjv/vQnTH7kUGBgysxMAAA+5SURBVHc+DzkZKSQ83JWQJvVc+++tg0lYf7CE9+0KMu8hdeHT9DS8J3jVa0KTW3sybnYKeyrtNVKPy/9iLLMxzSB25p7zekwHZ4cY3n9s24NuRnSuG1y8nZcXXjcmcNDeJv8YO5eOo2tbp/cmv0BCwsexZJe7+Nn6O2Z4eAhN6hUds16TELo+sYSdR4ztXZXn/HNMO1nyhKFP+AUSEj6chPXl/X15jirl99T5Ma11P9q2X49wIIjwHm7W0SWHJStSjYVuVf1z4Pq71HkbvM7eJgfTV0sYZ+hHXoEhdH246q+xiIiIiIiIyPnyysrKKjQWikjtEhgYaCyqdNnZ2QA0nJILQOH8IEOLqnSQhBuvYZyb0bCD3i9keS9jaTXIT2GwX09WGMsBOizg8GePUdlX6NiOBGIfGMeacgU+tvV7V3zIgvtalrJuYgqDvdw9jra8vC+dsY1TGXd7VxJ+NNY7uTycNz/7mNhyTPt5bEcCg+8bR4rJWONeac9vRY4V1ONl1qwYy+1uQ/YyrsHlKYy6vSevlhawArc/8ykp027H9S5K7ruls923cWR6/jE+mxNLv0lrMJX64beT62JZvW4B/YJL7gUAxz5PIPa+8vevtrMOkD6+pbG43I78O5qdC/YYi6HHQiKevY0/1vyT7xO2UVBaiHhFT65+cxbXXmGsAMjl0FtxZCz7gvyzxroS+DTm0rFLCe13DSXOkm45QkbCI/ySvKf0c3PoSfDns3C9UttI6xDHcZcygLYEJSVx41XG8iKnvl3Gt8/M5tQfxhr3Grz8A6EdjaVWp75dxrfT53HqV+v7epnqXEPDZxdyU9erSr4+ACd38f2MJzFtKWdnunY87f81hPOe0CDfxIpB7Rn8bulvCpdHvMmn847Rv+04ivfAQXxYuJwoY7Fd/jE+mzOYfhNSKP1eAIKImrWG5eON7wsVt3NSE26eWfI9BvV4mTX/Gsvt53ARD84O4ZoJxa8EMR9S+C/DlVg3GK/exd8tueFlDnw/lsDPE+jfYxyp7nJbm5aPf8w388Kt1+RYOX7H0JLHUr9hQRf3V7H08w9nz/ye3DE6tfSRzEH9WP7laga5fe2V/D5e2u8oKvX31Pkw8ertTRj1ubG8H8tPrmZQAJCRQEhrN6+Huo/x8ckFhJf6gveA5yBiD6/2voNRG0u9B4LuW87OFYMIKuPxiIiIiIiISO3h9bj1j/Ksaf5QTVnKgQMHHLdLuz975mKnEboiIlVh16eUNG4lfFj/Sg5zj/HZlDsIDCt/2AZA/h6WDLiGJncvYU95wz9nR1IY3LKsD9qtH8gPv304KaWNRss/xpphTQgMK98H26Uruh7lPZZp/TjuaDmYlNI/6y3uSAqDW5cd5gJ8Nv0Owme7+UC7shz7jKfDArljQgXCXIAfl9C/dRO6Li753I6tG0zL2yvYv6rMWY78ezDfziojzAX440N+iR5Mutvz/pNjWyoQ5mINa0/N6sUn/z7gfsSo5QDfD+/MwTXlDXMrkeUkGTM78+nI8oe5JTvJb28Mth6rvGEuwNkDZE3uztYxqzlS0uM/uY20+weXP8ytLDl7mHF7kzLDXIBjG4dzx6NuRp+WxfEaLE+YC2AiZcIdtHwwpfQgqxzaD4o1fCnAlWn9OO74Sz1ufri0GQOqlmndcNreXnqYC3Bwflf6LzbBsXL+juEgr4YPZkUZxy0uhz2z7yCkrCARwLSGwTeew++IElXj76myZCzn1WJhLtCrP/0CbLeDw+nn7j8uOUtYs91YWBHV8Bzk7yEhLKTMMBfA9O5g2g47/9ejiIiIiIiISFVQoCsiUgVy9u0s4QP9IG5v7+5T0XO3Z3Y4d0x3N1li+RzbOJw7KvwBZjZLRvQv/wfox5YwbqFjwk2DY6QMa0n/pe6vWEWd8/U4toKeEU7TgpbpIM/36Fn+awDsnHAHo6pizcH8PSRE3MEMdx/Kl8sxUh++g8Hr3DyYYysY3HtFBftHFUqbzrfuRu6W5OwufntmGWXMylohZxfE8a2bUzC9EYfJTXnVO8nB5+/hYHLlPMoj/x5K+lu7jMXlVvDZFL59fhvFZ6g+yU8z4jh+1Fhe1Y6xZtjNPP2VsbxkxzanFh+NWJrzeA0eS+xJ+Jzyv/O4dcM4FsSUNXQzh52Lh3Nzk3o0CStpeuMqcmQJsQOWlPB7sbjU0YPpGlGR99cUHptWwff9dbHcMWGnsbRkx1bQs1/5H0Npqu/3VNn2/OtVt3096oF+TrN3tKf/UHf/d8lhybslfX2tHKrhOUgZdgfjKvLaT+xp/UKBiIiIiIiIiIdRoCsiUgUO/1rSx61NCDyHKS9LkrN+eOkfhvpeTtBVQdatlM/6K/4Bpok9u22jvBz3UcodAHv+tcbth9Cm/2/vjGObOu44/hG4zGiKyEpWOcIVMWQMR6DhgVhc0Q0nUKmOqISjTMK0EpVbtimQioVUah1A60JapV5RK1y6LQndqB2JkqCVJSwEHJJWDlMhqRQWawOSbYAclazOlFb2qDb2h534+eWeYycQ/rmP9P7wL6f33v3u3l103/v97rfllJ1Iv2qvNyTqMEM9uFxLmYY/TBUe2gfDhMNhhj9tFKeAvryf/S2ZRq/FGFe8dm4m78c43hqvYjF6MeYfu3C9GL9KClIKJykomSoTv3ZinoycIkbH7hkWrHOT/svVTCU5jv+ZcppUgZMjxz2IYxVNOBp8XEj4NDx4AV+DixJhOsz7yL/GktGxOXno8o3o8vNYsDC1WAqh9/jHFbVRwaIcFm/+CcsOv81qXw/F7T0Ut3ey9nANOcvVhQFuMfbBeVKDe3v55wfiqNMFa3ax7Mgp1k/e90gtj202p3/nLPj3H17i+tn0Yu6Cx4wJXxnR5cZTyIi423cwvWC+KCej+/zv7M+4ohaYw62EL6aaJtE9VcNy75mE78+w+lANSzben84Ua3FRnu671ie/j/SJx7UZOFim8Q2acDS0MxQOEw4P09/swiz4Bgd+vh9/uiwGM5KLvTmIZ4PaLmb0k1/xguVbLLa8QNv1NL65X4yGCCUeMzWep3N2LEBgyp/6jNpn/Jj4HFhNxseTG1Uy7QPde6jrVhuzZF7nqZkI4TshmplLcNhSPWGxlwt9EzvWREc2WSGUzEMbjCsm6qm+l7bzQaCqjsBs6ySRSCQSiUQikUgkEskDQgq6EolEMq+YMWuJdlkzgvflJo3ISROuk8NEv44QvhmOX5F7RAeOUqIhOM5mAdPySpBIdPIZEaLXGnFo3J+rAfrUgsWXfip3a0f3WPe1MzRxj2g4UYfJekSGaN1nJT9FGBnFu/ewUDS2NAwxfLIa+xoDBoMB0wYXjYP9uAVt0fZOdtE/uVs9BO/cI6J8v3R+uOTFN5Wi2YD9QCONv4lf1U+mFp3iyeqpMvHLjX0yWOq6l/3Hxb2AQhet16LciyT9F4lGk+dTTiPAnvrU9ggNiIUHc307rTVOShI+NawpwVnTyIWbUYZPurCkXy+fGwtXsORwJ7auHmynO7Gd7qG0u5PlT2ntlpjgiz/2TkuTvHBlGcu8Pdh6L7HpjSqKSrfw+Mo8cpbmkbPUiKF0F8X+U+SJdMWL57itTCt8a5ioMM1wGct/XUOR1cyjk/e17uB7b5zC1u7DsMk4t3/GoucJNfxZbU3wDRY/ewxL918o/agz4atObH/qx9Z1BtOOH/BIiqh8i78ea53mJ1D4vPdSyn1+9PtavrlUXThO9Oh73FT65MaQSgRPsLKKta/tYtX6FQnfr+Dxp3ex8Z1ObKfe5tGV2sLxzISoe7VNbUyQGCejye8jGh2m9fl0yYsF3PJS+bpw5METGqa1xo7ZYMBgMGF5vpGhPrcgPXIbR+eapUBnpvrjIY5uFX/dImKfNVH+HRPlLXN8dkZYqBuMJsfziQitM0UVF1bSfieabJ87QdxaonUsSPDvauNMCPrA1xGCr1jUBRPE8B4Xb3HJjIczT2ly1Ydf5LNiB2XqgNxNO3EJx3U/vrNqWzbMQxsk5sKpvheOci9tX/LSNKc6SSQSiUQikUgkEolEcv+Z0xqiRCKRSLJllPB9WYUFLjfhuao2AuhxtvXTWGGaFuWiX1fJhb46zCo7zGIB09ZIR701JeJTX+jC965DWUrByLS6j7Y0IZZacnF+FCH4ll0RiZpEn2vG8VYQz9MKo9Y5gAVufDWCGuss7Hm1RG2FS220Z9pGBW4CHdVYVTqivtBFa5dItAEI0dGd6QNmZqDZI0yXid5J66eNOApVvUCnx7L3AsF6gU+yiLYK+dumIu5S0WOqaMS3V1z7uZNDzmE/G0uNpOj5i4yses2HYZXSqOCTXm6nGIwUHWqgaH1e6n3ULDSTXypQdP87zJdhtVFEL2MXJ4Qi6YLcdaz1VCEMAs6QiXN+JoRCch5LPD1s2vND8har/wa6nBUUvtSMxaowhtoY+5vi9xQaPgcWrdpB8btVLFLZAZhoIZxJyOSNLm7fEJ/VqzNuYf2hHWhJ9TOiJVgBdr9gnNSbcDT349umNKZnpMUrjAw1HfBRLYqw3LAHt01thL7T7XMX6fRmKs+Fs9xUMUqbM5/vP8gzvgG7P4B7jeKldLk4mlup1HxPM3VnjmJXNn6elbqGymlzW5wQI+IgeU2EfUCXi7U+oN0HPuwQtndGPIx5Kg0D/iahuGx22FHruWDFXqG2xfF/mKXAquDBt4Edn2guzLNS1+XDnmqdoq0r8ydIJBKJRCKRSCQSiUQyH0hBVyKRSOaVMKMawZTZMvJxh3jxv6Ca2u1pop5WV1OrsUga6BNHY4pw7nMJFnxBv61cY4E0ROia8neMwBlxdK7+OR9N29LUQcBod4dQ2DTv3ikWsAGDQVSDAJm6wVFfi0WtcE2ywUXlGrUxTnBQtIQ+G0YIdAl7AaaaWu0oYcC8t1ajnQIEFcen5htFPgKu1lKUU8TON9sYuCVUdh8Mq35K4eYctTWBke8+u0VtjDMxzFcznN16d3yMz6+c5/rZ9xl4/SCXqrbRvb2Ywd+JVKIQUaVQuPTbPKL4mWSCCXcx3ZVvMnRlmKgwRHW2/Idwnzg6d8HTv2TdJi0/ifnis16EWr7RyQpNn8OC5bvI36y2xvlqUPFVLp0uCMcJ8flOKz2/eJ/roTHuCgXq2THa1ycUrDC4qduh9YHk4jzoFo5v0xklcFY48uByao485Av2CNDdR7/aNivimyr6J6IMdbhxiJ4lYODlsqzOGc4OJ64Kgb91T/DEVrUxga1anHLYZke8bShGJKK2paHAjSddH3jRqTbGiYUYEg+7M/Iw5ilt+mg6IqqIGdd28YYce4WGT040zS5l+Dy0gemAB6fmI5xUPqc2xoldHRL/jyWRSCQSiUQikUgkEslD4v8N/AFMMLPkbgAAAABJRU5ErkJggg==\" width=\"1086\" height=\"271\"></p>');
/*!40000 ALTER TABLE `app_wiki` ENABLE KEYS */;
UNLOCK TABLES;

--
-- Table structure for table `config`
--

DROP TABLE IF EXISTS `config`;
/*!40101 SET @saved_cs_client     = @@character_set_client */;
/*!40101 SET character_set_client = utf8mb4 */;
CREATE TABLE `config` (
  `id` char(32) NOT NULL,
  `param` varchar(50) NOT NULL,
  `value` varchar(500) DEFAULT NULL,
  PRIMARY KEY (`id`)
) ENGINE=InnoDB DEFAULT CHARSET=utf8mb3 COLLATE=utf8mb3_general_ci;
/*!40101 SET character_set_client = @saved_cs_client */;

--
-- Dumping data for table `config`
--

LOCK TABLES `config` WRITE;
/*!40000 ALTER TABLE `config` DISABLE KEYS */;
INSERT INTO `config` VALUES
('017EFD703DB406BFA6B45EF24166F856','EMAIL_ALERT_TO','a.sanjuan.1+seotool@gmail.com'),
('100D0F0BA99289DFB1B94CCBA0864191','EMAIL_TEST_TO','a.sanjuan.1@gmail.com'),
('1FA9516107937AE1DB6C6D4453AAB40D','API_TOKEN','b35f482e44ff433393557b31505694cb'),
('24F2A3F81A264398D2B81A867B023D05','SMTP_HOST','mail.domain.com'),
('3BDB4E84EB4B0694DA5E19203F68BBF6','API_STOCK','https://64jaques.com/powerbi/stock_api.php'),
('3CA0C2CBF9A33A179A0BBDD4FE865262','VIEW_PAGE_SIZE','20'),
('421FCD4D44C732D2EA9EFF9E479AD657','EMAIL_ALERT_FROM','no-reply@simpleapp.com'),
('582238EF486F7A371B290279C7D5FFD7','SMTP_PASS','+++++++'),
('B90B4F3C2EA205677B147D77D759B767','DEFAULT_CONTROLLER','app_proyectos'),
('BAC12E4B59F610EDE950F034FAC2B312','SMTP_USERNAME','bot@simpleapp.com'),
('CB5D98B5523653B54B101BC2C72AAFB5','APP_HEADER_COLOR','#0d6efd'),
('D2D6C15704E5AF4392C596293359AB75','EMAIL_ALERT_FROM_ALIAS','Bot Simple App'),
('FA056E61E7BE72DD6E1157975A0B8B71','HOME_BASE_URL','/'),
('FA1C2097837876F31099B2D6ADEEB897','APP_NAME','Simple App');
/*!40000 ALTER TABLE `config` ENABLE KEYS */;
UNLOCK TABLES;

--
-- Table structure for table `consultas`
--

DROP TABLE IF EXISTS `consultas`;
/*!40101 SET @saved_cs_client     = @@character_set_client */;
/*!40101 SET character_set_client = utf8mb4 */;
CREATE TABLE `consultas` (
  `id` char(32) NOT NULL,
  `nombre` varchar(100) NOT NULL,
  `query` text NOT NULL,
  `es_notificacion` int(11) DEFAULT NULL,
  `query_json` text DEFAULT NULL,
  PRIMARY KEY (`id`)
) ENGINE=InnoDB DEFAULT CHARSET=utf8mb3 COLLATE=utf8mb3_general_ci;
/*!40101 SET character_set_client = @saved_cs_client */;

--
-- Dumping data for table `consultas`
--

LOCK TABLES `consultas` WRITE;
/*!40000 ALTER TABLE `consultas` DISABLE KEYS */;
INSERT INTO `consultas` VALUES
('12B48A899E80857F736191FFD58754D3','test relacion ','select * from app_entity_columns where id_entity not in (select id from app_entities)',0,'{\n    \"select\": [\n        \"*\"\n    ],\n    \"from\": {\n        \"table\": \"app_entity_columns\",\n        \"alias\": \"\"\n    },\n    \"joins\": [],\n    \"where\": \"id_entity not in (select id from app_entities)\",\n    \"groupBy\": [],\n    \"having\": \"\",\n    \"orderBy\": [],\n    \"limit\": null,\n    \"distinct\": false\n}'),
('14890AF9A22EAC9F2DFD8C806F58968F','Update','update app_views set id_entity = (select id from app_entities where app_views.controller = app_entities.entity)',0,NULL),
('1CC6F9BBB87FADE5FB522E983A38274A','test','select e.* \r\n				from \r\n				app_roles_usuarios as ru \r\n				left join app_roles as r on ru.id_rol = r.id\r\n				left join app_permisos_entidad as pe on r.id = pe.id_rol\r\nleft join app_entities as e on pe.id_entity = e.id\r\n				where \r\n				ru.id_usuario = \'590A4A27433A5C3A85D4939810302137\'\r\nand e.id_module = \'2BAA56D57128A664AD18DF268E31E49E\'\r\nand pe.read_access = 1\r\n				group by pe.id_entity',0,'{\n    \"select\": [\n        \"e.*\"\n    ],\n    \"from\": {\n        \"table\": \"app_roles_usuarios\",\n        \"alias\": \"ru\"\n    },\n    \"joins\": [\n        {\n            \"type\": \"LEFT\",\n            \"table\": \"app_roles\",\n            \"alias\": \"r\",\n            \"on\": \"ru.id_rol = r.id\"\n        },\n        {\n            \"type\": \"LEFT\",\n            \"table\": \"app_permisos_entidad\",\n            \"alias\": \"pe\",\n            \"on\": \"r.id = pe.id_rol\"\n        },\n        {\n            \"type\": \"LEFT\",\n            \"table\": \"app_entities\",\n            \"alias\": \"e\",\n            \"on\": \"pe.id_entity = e.id\"\n        }\n    ],\n    \"where\": \"ru.id_usuario = \'590A4A27433A5C3A85D4939810302137\' and e.id_module = \'2BAA56D57128A664AD18DF268E31E49E\' and pe.read_access = 1\",\n    \"groupBy\": [\n        \"pe.id_entity\"\n    ],\n    \"having\": \"\",\n    \"orderBy\": [],\n    \"limit\": null,\n    \"distinct\": false\n}'),
('20C4539FA3B81FA443E0747CB2B8D5E4','permiso','select distinct ru.id, r.nombre, u.login\r\nfrom app_roles_usuarios as ru\r\nleft join usuarios as u on ru.id_usuario = u.id \r\nleft join app_roles as r on ru.id_rol = r.id \r\nlimit 1\r\n',0,'{\n    \"select\": [\n        \"ru.id\",\n        \"r.nombre\",\n        \"u.login\"\n    ],\n    \"from\": {\n        \"table\": \"app_roles_usuarios\",\n        \"alias\": \"ru\"\n    },\n    \"joins\": [\n        {\n            \"type\": \"LEFT\",\n            \"table\": \"usuarios\",\n            \"alias\": \"u\",\n            \"on\": \"ru.id_usuario = u.id\"\n        },\n        {\n            \"type\": \"LEFT\",\n            \"table\": \"app_roles\",\n            \"alias\": \"r\",\n            \"on\": \"ru.id_rol = r.id\"\n        }\n    ],\n    \"where\": \"\",\n    \"groupBy\": [],\n    \"having\": \"\",\n    \"orderBy\": [],\n    \"limit\": 1,\n    \"distinct\": true\n}'),
('2EA3D3DDB1CD3555EBE4F40AF02947A7','test','select * from ventas_pedidos',NULL,'{\n    \"select\": [\n        \"*\"\n    ],\n    \"from\": {\n        \"table\": \"ventas_pedidos\",\n        \"alias\": \"\"\n    },\n    \"joins\": [],\n    \"where\": \"\",\n    \"groupBy\": [],\n    \"having\": \"\",\n    \"orderBy\": [],\n    \"limit\": null,\n    \"distinct\": false\n}'),
('33D71E16D3044B1F2FE642EF2470C460','test','select * from keypass',NULL,'{\n    \"select\": [\n        \"*\"\n    ],\n    \"from\": {\n        \"table\": \"keypass\",\n        \"alias\": \"\"\n    },\n    \"joins\": [],\n    \"where\": \"\",\n    \"groupBy\": [],\n    \"having\": \"\",\n    \"orderBy\": [],\n    \"limit\": null,\n    \"distinct\": false\n}'),
('3ACAB03178E2B888ABBBBAECC4A3762F','fases','select fp.id, fp.nombre, opt_estado.descripcion, opt_estado.color from app_fases_proceso as fp LEFT JOIN app_optionsets as opt_estado on fp.tipo_fase = opt_estado.codigo and opt_estado.dominio = \'TIPO_FASE_PROCESO\'\r\nwhere id_proceso = \'F16B54E64435670CEF531775394C4628\'  order by orden asc',NULL,'{\n    \"select\": [\n        \"fp.id\",\n        \"fp.nombre\",\n        \"opt_estado.descripcion\",\n        \"opt_estado.color\"\n    ],\n    \"from\": {\n        \"table\": \"app_fases_proceso\",\n        \"alias\": \"fp\"\n    },\n    \"joins\": [\n        {\n            \"type\": \"LEFT\",\n            \"table\": \"app_optionsets\",\n            \"alias\": \"opt_estado\",\n            \"on\": \"fp.tipo_fase = opt_estado.codigo and opt_estado.dominio = \'TIPO_FASE_PROCESO\'\"\n        }\n    ],\n    \"where\": \"id_proceso = \'F16B54E64435670CEF531775394C4628\'\",\n    \"groupBy\": [],\n    \"having\": \"\",\n    \"orderBy\": [\n        \"orden asc\"\n    ],\n    \"limit\": null,\n    \"distinct\": false\n}'),
('5B8D49910DAA82CCF41DEBA549CE4425','upd vistas','update app_views set query = replace(query,\' optionsets\', \' app_optionsets\')\r\nwhere query like \'% optionsets%\'\r\n',0,'{\n    \"select\": [],\n    \"from\": {\n        \"table\": \"\",\n        \"alias\": \"\"\n    },\n    \"joins\": [],\n    \"where\": \"query like \'% optionsets%\'\",\n    \"groupBy\": [],\n    \"having\": \"\",\n    \"orderBy\": [],\n    \"limit\": null\n}'),
('741AA9ACE70BB44B75035785A503CC01','columna de tabla en seccion','select cols.dbcolumn, cols.label\r\nfrom app_entity_columns as cols\r\ninner join app_forms as f on cols.id_entity = f.id_entity\r\ninner join app_form_areas as a on f.id = a.id_form\r\ninner join app_form_sections as  s on a.id = s.id_area\r\nwhere s.id = \'BE116E97CD8680F311009F7C6524E28A\'\r\norder by cols.orden',NULL,'{\n    \"select\": [\n        \"cols.dbcolumn\",\n        \"cols.label\"\n    ],\n    \"from\": {\n        \"table\": \"app_entity_columns\",\n        \"alias\": \"cols\"\n    },\n    \"joins\": [\n        {\n            \"type\": \"INNER\",\n            \"table\": \"app_forms\",\n            \"alias\": \"f\",\n            \"on\": \"cols.id_entity = f.id_entity\"\n        },\n        {\n            \"type\": \"INNER\",\n            \"table\": \"app_form_areas\",\n            \"alias\": \"a\",\n            \"on\": \"f.id = a.id_form\"\n        },\n        {\n            \"type\": \"INNER\",\n            \"table\": \"app_form_sections\",\n            \"alias\": \"s\",\n            \"on\": \"a.id = s.id_area\"\n        }\n    ],\n    \"where\": \"s.id = \'BE116E97CD8680F311009F7C6524E28A\'\",\n    \"groupBy\": [],\n    \"having\": \"\",\n    \"orderBy\": [],\n    \"limit\": null,\n    \"distinct\": false\n}'),
('8A9E6CA6AC3661DA01C0F7D343EDFAEB','alter table','alter table app_report_templates modify template mediumtext',NULL,'{\n    \"select\": [],\n    \"from\": {\n        \"table\": \"\",\n        \"alias\": \"\"\n    },\n    \"joins\": [],\n    \"where\": \"\",\n    \"groupBy\": [],\n    \"having\": \"\",\n    \"orderBy\": [],\n    \"limit\": null\n}'),
('9C4F46A56AE8F1EE7C8CFA282F41E201','test graficas','select id_cuenta, estado, sum(total_neto) as importe , op.descripcion\r\nfrom ventas_ofertas ofe\r\ninner join app_optionsets op on ofe.estado = op.codigo and op.dominio = \'ESTADO_OFERTA\'\r\ngroup by id_cuenta, estado,op.descripcion',0,'{\n    \"select\": [\n        \"id_cuenta\",\n        \"estado\",\n        \"sum(total_neto) as importe\",\n        \"op.descripcion\"\n    ],\n    \"from\": {\n        \"table\": \"ventas_ofertas\",\n        \"alias\": \"\"\n    },\n    \"joins\": [],\n    \"where\": \"\",\n    \"groupBy\": [\n        \"id_cuenta\",\n        \"estado\",\n        \"op.descripcion\"\n    ],\n    \"having\": \"\",\n    \"orderBy\": [],\n    \"limit\": null,\n    \"distinct\": false\n}'),
('DA989922F1101376E88DC341041C51F4','Documentar BD','select * from information_schema.columns where table_schema = database()\r\nand table_name = \'app_plugins\'\r\n',0,'{\n    \"select\": [\n        \"*\"\n    ],\n    \"from\": {\n        \"table\": \"information_schema.columns\",\n        \"alias\": \"\"\n    },\n    \"joins\": [],\n    \"where\": \"table_schema = database() and table_name = \'app_plugins\'\",\n    \"groupBy\": [],\n    \"having\": \"\",\n    \"orderBy\": [],\n    \"limit\": null,\n    \"distinct\": false\n}');
/*!40000 ALTER TABLE `consultas` ENABLE KEYS */;
UNLOCK TABLES;

--
-- Table structure for table `familias_productos`
--

DROP TABLE IF EXISTS `familias_productos`;
/*!40101 SET @saved_cs_client     = @@character_set_client */;
/*!40101 SET character_set_client = utf8mb4 */;
CREATE TABLE `familias_productos` (
  `id` char(32) NOT NULL,
  `familia` varchar(100) DEFAULT NULL,
  `fecha_creacion` timestamp NULL DEFAULT current_timestamp(),
  `fecha_modificacion` timestamp NULL DEFAULT current_timestamp() ON UPDATE current_timestamp(),
  PRIMARY KEY (`id`)
) ENGINE=InnoDB DEFAULT CHARSET=utf8mb3 COLLATE=utf8mb3_general_ci;
/*!40101 SET character_set_client = @saved_cs_client */;

--
-- Dumping data for table `familias_productos`
--

LOCK TABLES `familias_productos` WRITE;
/*!40000 ALTER TABLE `familias_productos` DISABLE KEYS */;
INSERT INTO `familias_productos` VALUES
('87B8F2D27C78BDB8E92493A5B8FE675D','Software','2026-03-23 22:11:20','2026-03-24 11:21:54'),
('CC436AD001B4B80BB0C85D80219F2DD4','Servicios','2026-03-23 22:10:58','2026-03-23 22:10:58'),
('CEF27244C57B4DEA9788FC1CA442F90F','Relojes de ajedrez','2026-03-24 11:21:07','2026-03-24 11:21:43');
/*!40000 ALTER TABLE `familias_productos` ENABLE KEYS */;
UNLOCK TABLES;

--
-- Table structure for table `impuestos`
--

DROP TABLE IF EXISTS `impuestos`;
/*!40101 SET @saved_cs_client     = @@character_set_client */;
/*!40101 SET character_set_client = utf8mb4 */;
CREATE TABLE `impuestos` (
  `id` char(32) NOT NULL,
  `nombre` varchar(100) NOT NULL,
  `fecha_creacion` timestamp NULL DEFAULT current_timestamp(),
  `fecha_modificacion` timestamp NULL DEFAULT current_timestamp() ON UPDATE current_timestamp(),
  `porcentaje` decimal(10,0) DEFAULT NULL,
  `recargo` decimal(10,0) DEFAULT NULL,
  `codigo` varchar(20) DEFAULT NULL,
  PRIMARY KEY (`id`)
) ENGINE=InnoDB DEFAULT CHARSET=utf8mb3 COLLATE=utf8mb3_general_ci;
/*!40101 SET character_set_client = @saved_cs_client */;

--
-- Dumping data for table `impuestos`
--

LOCK TABLES `impuestos` WRITE;
/*!40000 ALTER TABLE `impuestos` DISABLE KEYS */;
INSERT INTO `impuestos` VALUES
('C493DD8FA1FB0B1692C49C26AF97B674','IVA 10% Reducido','2025-04-16 18:22:59','2025-04-16 18:28:29',10,0,'IVA10'),
('DC18E035437685F5F25451EF082FDF1F','IVA 21%','2025-04-16 18:22:11','2025-04-17 11:37:31',21,0,'IVA21'),
('E0FF65FDA29A86B44C0053255DF8CCAA','IVA  4% Super reducido','2025-04-16 18:22:59','2025-04-29 07:06:18',4,0,'IVA04');
/*!40000 ALTER TABLE `impuestos` ENABLE KEYS */;
UNLOCK TABLES;

--
-- Table structure for table `keypass`
--

DROP TABLE IF EXISTS `keypass`;
/*!40101 SET @saved_cs_client     = @@character_set_client */;
/*!40101 SET character_set_client = utf8mb4 */;
CREATE TABLE `keypass` (
  `id` char(32) NOT NULL,
  `nombre` varchar(100) NOT NULL,
  `fecha_creacion` timestamp NULL DEFAULT current_timestamp(),
  `fecha_modificacion` timestamp NULL DEFAULT current_timestamp() ON UPDATE current_timestamp(),
  `usuario` varchar(100) DEFAULT NULL,
  `pwd` varchar(100) DEFAULT NULL,
  PRIMARY KEY (`id`)
) ENGINE=InnoDB DEFAULT CHARSET=utf8mb3 COLLATE=utf8mb3_general_ci;
/*!40101 SET character_set_client = @saved_cs_client */;

--
-- Dumping data for table `keypass`
--

LOCK TABLES `keypass` WRITE;
/*!40000 ALTER TABLE `keypass` DISABLE KEYS */;
INSERT INTO `keypass` VALUES
('665B4473DDADE187C6DCEA9CCC56ED35','UNIKAL','2026-04-17 12:30:31','2026-06-19 13:52:52','admin','LckgWMOpwEC4pqgKmE//eMkf/MMNjUEeTRRvF9AG36BUly4m02iIIc3txmf4ZmJd');
/*!40000 ALTER TABLE `keypass` ENABLE KEYS */;
UNLOCK TABLES;

--
-- Table structure for table `productos`
--

DROP TABLE IF EXISTS `productos`;
/*!40101 SET @saved_cs_client     = @@character_set_client */;
/*!40101 SET character_set_client = utf8mb4 */;
CREATE TABLE `productos` (
  `id` char(32) NOT NULL,
  `nombre` varchar(100) NOT NULL,
  `fecha_creacion` timestamp NULL DEFAULT current_timestamp(),
  `fecha_modificacion` timestamp NULL DEFAULT current_timestamp() ON UPDATE current_timestamp(),
  `ean_code` varchar(50) DEFAULT NULL,
  `descripcion` text DEFAULT NULL,
  `imagen` varchar(255) DEFAULT NULL,
  `tipo_producto` varchar(20) DEFAULT NULL,
  `id_impuesto` char(32) DEFAULT NULL,
  `precio` decimal(18,4) DEFAULT NULL,
  `coste` decimal(18,4) DEFAULT NULL,
  `code` varchar(50) DEFAULT NULL,
  `ancho` decimal(18,4) DEFAULT NULL,
  `peso` decimal(18,4) DEFAULT NULL,
  `alto` decimal(18,4) DEFAULT NULL,
  `id_familia` char(32) DEFAULT NULL,
  PRIMARY KEY (`id`)
) ENGINE=InnoDB DEFAULT CHARSET=utf8mb3 COLLATE=utf8mb3_general_ci;
/*!40101 SET character_set_client = @saved_cs_client */;

--
-- Dumping data for table `productos`
--

LOCK TABLES `productos` WRITE;
/*!40000 ALTER TABLE `productos` DISABLE KEYS */;
INSERT INTO `productos` VALUES
('97161F1206519A3D2A2586A81C76EEB7','Servicio de consultoría','2025-04-01 15:37:50','2026-06-15 11:38:24',NULL,NULL,NULL,'servicio','DC18E035437685F5F25451EF082FDF1F',65.0000,32.0000,'SRV0001',NULL,50.0000,NULL,'CC436AD001B4B80BB0C85D80219F2DD4'),
('9B26E4575BE8743ECBCD91BF4C4FB5E7','Servicio personalizado','2025-08-22 12:00:06','2026-03-24 11:27:12',NULL,NULL,NULL,'servicio','DC18E035437685F5F25451EF082FDF1F',50.0000,0.0000,'SRV002',NULL,50.0000,NULL,'CC436AD001B4B80BB0C85D80219F2DD4'),
('B9DA02E541A4A88A77EC0E5FF1FAB423','Licencia mensual software','2025-03-07 18:49:17','2026-06-18 19:16:28','123456789','<p><strong>Lorem Ipsum</strong> is simply dummy text of the printing and typesetting industry. Lorem Ipsum has been the industry\'s standard dummy text ever since the 1500s, when an unknown printer took a galley of type and scrambled it to make a type specimen book. It has survived not only five centuries, but also the leap into electronic typesetting, remaining essentially unchanged. It was popularised in the 1960s with the release of Letraset sheets containing Lorem Ipsum passages, and more recently with desktop publishing software like Aldus PageMaker including versions of Lorem Ipsum.</p>',NULL,'virtual','DC18E035437685F5F25451EF082FDF1F',120.5000,62.3400,'PROD001',2.5000,50.0000,33.0000,'87B8F2D27C78BDB8E92493A5B8FE675D'),
('BCC9B0093DF79523FA7F2EF953FDBBA9','Reloj DGT 2500','2025-03-09 17:36:01','2026-03-24 11:22:24','9999',NULL,'/entity_files/productos/DGT2500-side-right.jpg','producto','DC18E035437685F5F25451EF082FDF1F',85.0000,30.0000,'RDGT2500',NULL,50.0000,NULL,'CEF27244C57B4DEA9788FC1CA442F90F');
/*!40000 ALTER TABLE `productos` ENABLE KEYS */;
UNLOCK TABLES;

--
-- Table structure for table `usuarios`
--

DROP TABLE IF EXISTS `usuarios`;
/*!40101 SET @saved_cs_client     = @@character_set_client */;
/*!40101 SET character_set_client = utf8mb4 */;
CREATE TABLE `usuarios` (
  `id` char(32) NOT NULL,
  `login` varchar(50) NOT NULL,
  `pwd` varchar(50) NOT NULL,
  `email` varchar(50) DEFAULT NULL,
  `nombre` varchar(50) DEFAULT NULL,
  `apellidos` varchar(50) DEFAULT NULL,
  `foto` varchar(255) DEFAULT NULL,
  PRIMARY KEY (`id`)
) ENGINE=InnoDB DEFAULT CHARSET=utf8mb3 COLLATE=utf8mb3_general_ci;
/*!40101 SET character_set_client = @saved_cs_client */;

--
-- Dumping data for table `usuarios`
--

LOCK TABLES `usuarios` WRITE;
/*!40000 ALTER TABLE `usuarios` DISABLE KEYS */;
INSERT INTO `usuarios` VALUES
('590A4A27433A5C3A85D4939810302137','berta','43d75035f949d7bad66383b46374d2e2','cliente_e@ejemplo.com','Berta ','Ficticio','/entity_files/usuarios/avatar2.jpg'),
('ED4B7E942E8CAA1836F247F2E4F73EBA','admin','0192023a7bbd73250516f069df18b500','a.sanjuan.1+admin@gmail.com','Administrador','Principal','/entity_files/usuarios/avatar1.jpg');
/*!40000 ALTER TABLE `usuarios` ENABLE KEYS */;
UNLOCK TABLES;

--
-- Table structure for table `ventas_cuentas`
--

DROP TABLE IF EXISTS `ventas_cuentas`;
/*!40101 SET @saved_cs_client     = @@character_set_client */;
/*!40101 SET character_set_client = utf8mb4 */;
CREATE TABLE `ventas_cuentas` (
  `id` char(32) NOT NULL,
  `fecha_creacion` timestamp NULL DEFAULT current_timestamp(),
  `fecha_modificacion` timestamp NULL DEFAULT current_timestamp() ON UPDATE current_timestamp(),
  `nombre` varchar(100) DEFAULT NULL,
  `email` varchar(50) DEFAULT NULL,
  `nif` varchar(20) DEFAULT NULL,
  `telefono` varchar(50) DEFAULT NULL,
  `direccion1` varchar(255) DEFAULT NULL,
  `direccion2` varchar(255) DEFAULT NULL,
  `ciudad` varchar(100) DEFAULT NULL,
  `region` varchar(50) DEFAULT NULL,
  `codpostal` varchar(20) DEFAULT NULL,
  PRIMARY KEY (`id`)
) ENGINE=InnoDB DEFAULT CHARSET=utf8mb3 COLLATE=utf8mb3_general_ci;
/*!40101 SET character_set_client = @saved_cs_client */;

--
-- Dumping data for table `ventas_cuentas`
--

LOCK TABLES `ventas_cuentas` WRITE;
/*!40000 ALTER TABLE `ventas_cuentas` DISABLE KEYS */;
INSERT INTO `ventas_cuentas` VALUES
('2B4196CA41D9AB6802F685DA7E778D32','2026-06-16 06:46:41','2026-06-16 06:46:41','Unikal Solutions SL','contacto@unikal.es','B-12345699','555 88 99 11','Av. de la Jardinería, 88, 4A',NULL,'Sevilla','Sevilla','41002'),
('7873A2D33CE75C78A01F3CA8EB6E0F75','2025-04-03 12:25:49','2026-03-23 20:16:46','Novatech Solutions SL','contacto@novatech.es','B-12345678','555 88 99 00','Av. de la Borbolla, 12, Bajo A',NULL,'Alcalá de Guadaira','Sevilla','41002'),
('9D8E7D370B07684FE4014B6A60E425C0','2025-04-03 12:25:35','2026-03-23 20:16:59','Stratis Consulting Group','info@stratisgroup.tech','C-66221188','555 98 76 54','Rúa del Príncipe, 15',NULL,'Vigo','Vigo','36202'),
('C4E22092F1AE9A8FAE0FE6D75B15EF60','2025-04-03 12:25:35','2026-03-23 20:16:26','Indigo Studio','contacto@indigostudio.com','88888888N','555 11 22 33','Calle Alfarería, 124, 2º B (41010)',NULL,'Sevilla','Sevilla','41004'),
('DDAE0093237D7DB5AA223DC662270AC0','2025-04-03 12:25:49','2026-03-23 20:16:38','Logística Transbetis','operaciones@transbetis.com','B-23456789','555 621547','Polígono Ind. Carretera Amarilla, Nave 14',NULL,'San Fernando','Cádiz','41007'),
('F392D0EBE9BE75AD014AA9054C62FFB3','2025-04-03 12:25:49','2026-03-23 20:08:44','Gestiones del Sur S.A.','cliente_e@ejemplo.com','12345678Z','555 123456','C/ Sierpes 99',NULL,'Sevilla','Sevilla','41000');
/*!40000 ALTER TABLE `ventas_cuentas` ENABLE KEYS */;
UNLOCK TABLES;

--
-- Table structure for table `ventas_ofertas`
--

DROP TABLE IF EXISTS `ventas_ofertas`;
/*!40101 SET @saved_cs_client     = @@character_set_client */;
/*!40101 SET character_set_client = utf8mb4 */;
CREATE TABLE `ventas_ofertas` (
  `id` char(32) NOT NULL,
  `fecha_creacion` timestamp NULL DEFAULT current_timestamp(),
  `fecha_modificacion` timestamp NULL DEFAULT current_timestamp() ON UPDATE current_timestamp(),
  `id_cuenta` char(32) DEFAULT NULL,
  `codigo` varchar(100) DEFAULT NULL,
  `total_neto` decimal(18,4) DEFAULT NULL,
  `total_impuestos` decimal(18,4) DEFAULT NULL,
  `importe_total` decimal(18,4) DEFAULT NULL,
  `valido_hasta` date DEFAULT NULL,
  `notas` text DEFAULT NULL,
  `estado` int(11) DEFAULT NULL,
  `fecha_oferta` date DEFAULT NULL,
  `status` int(11) DEFAULT NULL,
  `titulo` varchar(255) DEFAULT NULL,
  `id_empresa` char(32) DEFAULT NULL,
  PRIMARY KEY (`id`),
  UNIQUE KEY `ix_ventas_ofertas_codigo` (`codigo`)
) ENGINE=InnoDB DEFAULT CHARSET=utf8mb3 COLLATE=utf8mb3_general_ci;
/*!40101 SET character_set_client = @saved_cs_client */;

--
-- Dumping data for table `ventas_ofertas`
--

LOCK TABLES `ventas_ofertas` WRITE;
/*!40000 ALTER TABLE `ventas_ofertas` DISABLE KEYS */;
INSERT INTO `ventas_ofertas` VALUES
('10D2C22878BED1023F8CC5F1E6AA82D9','2026-06-19 08:58:12','2026-06-19 20:24:43','F392D0EBE9BE75AD014AA9054C62FFB3','OV-2026-00015',807.5000,169.5800,977.0800,'2026-07-19',NULL,2,'2026-06-19',0,'Test ciclo ventas completo','8F2DE39C4BBC13D62626B871371718EC'),
('26F54F86E44736993158A402E1C32497','2026-06-19 08:58:12','2026-06-19 12:17:45','F392D0EBE9BE75AD014AA9054C62FFB3','OV-2026-00014',817.5000,171.6800,989.1800,'2026-07-19',NULL,2,'2026-06-19',0,'Test ciclo ventas completo','8F2DE39C4BBC13D62626B871371718EC'),
('43F72070841B41445DDFE63CAC5A8820','2026-06-19 08:58:12','2026-06-19 12:10:27','F392D0EBE9BE75AD014AA9054C62FFB3','OV-2026-00013',817.5000,171.6800,989.1800,'2026-07-19',NULL,2,'2026-06-19',1,'Test ciclo ventas completo','8F2DE39C4BBC13D62626B871371718EC'),
('EF32BC408055302E27EB54EE96B51085','2026-06-19 13:50:13','2026-06-22 17:51:05','F392D0EBE9BE75AD014AA9054C62FFB3','OV-2026-00016',12750.0000,2677.5000,15427.5000,'2026-07-19',NULL,1,'2026-06-19',0,'TEST LINEA OFERTA','8F2DE39C4BBC13D62626B871371718EC');
/*!40000 ALTER TABLE `ventas_ofertas` ENABLE KEYS */;
UNLOCK TABLES;

--
-- Table structure for table `ventas_ofertas_lineas`
--

DROP TABLE IF EXISTS `ventas_ofertas_lineas`;
/*!40101 SET @saved_cs_client     = @@character_set_client */;
/*!40101 SET character_set_client = utf8mb4 */;
CREATE TABLE `ventas_ofertas_lineas` (
  `id` char(32) NOT NULL,
  `fecha_creacion` timestamp NULL DEFAULT current_timestamp(),
  `fecha_modificacion` timestamp NULL DEFAULT current_timestamp() ON UPDATE current_timestamp(),
  `Concepto` text DEFAULT NULL,
  `total_linea` decimal(18,4) DEFAULT NULL,
  `total_neto` decimal(18,4) DEFAULT NULL,
  `orden` int(11) DEFAULT NULL,
  `total_impuestos` decimal(18,4) DEFAULT NULL,
  `impuesto` decimal(18,4) DEFAULT NULL,
  `cantidad` decimal(18,4) DEFAULT NULL,
  `impuestos` decimal(18,4) DEFAULT NULL,
  `precio` decimal(18,4) DEFAULT NULL,
  `descuento` decimal(18,4) DEFAULT NULL,
  `id_oferta` char(32) DEFAULT NULL,
  `id_producto` char(32) DEFAULT NULL,
  `status` int(11) DEFAULT NULL,
  PRIMARY KEY (`id`),
  KEY `FK_lineas_oferta_cabecera` (`id_oferta`),
  CONSTRAINT `FK_lineas_oferta_cabecera` FOREIGN KEY (`id_oferta`) REFERENCES `ventas_ofertas` (`id`) ON DELETE CASCADE
) ENGINE=InnoDB DEFAULT CHARSET=utf8mb3 COLLATE=utf8mb3_general_ci;
/*!40101 SET character_set_client = @saved_cs_client */;

--
-- Dumping data for table `ventas_ofertas_lineas`
--

LOCK TABLES `ventas_ofertas_lineas` WRITE;
/*!40000 ALTER TABLE `ventas_ofertas_lineas` DISABLE KEYS */;
INSERT INTO `ventas_ofertas_lineas` VALUES
('0B3664B78B07C96BED79EA29FF85170D','2026-06-19 08:58:43','2026-06-19 08:58:43',NULL,977.0750,807.5000,1,169.5750,21.0000,10.0000,NULL,85.0000,5.0000,'43F72070841B41445DDFE63CAC5A8820','BCC9B0093DF79523FA7F2EF953FDBBA9',NULL),
('43732F7D4AEA4C6BA00F9A3093CE795C','2026-06-20 15:57:38','2026-06-20 15:57:38',NULL,15427.5000,12750.0000,1,2677.5000,21.0000,150.0000,NULL,85.0000,0.0000,'EF32BC408055302E27EB54EE96B51085','BCC9B0093DF79523FA7F2EF953FDBBA9',NULL),
('48B3003CF48F24EF72814F07D924BFDF','2026-06-19 08:59:19','2026-06-19 08:59:19','<p>Transporte 1&euro;unidad</p>',12.1000,10.0000,2,2.1000,21.0000,10.0000,NULL,1.0000,0.0000,'43F72070841B41445DDFE63CAC5A8820','9B26E4575BE8743ECBCD91BF4C4FB5E7',NULL),
('510CE53F4FBAC5D144B48102B4A620D2','2026-06-19 08:58:43','2026-06-19 08:58:43',NULL,977.0750,807.5000,1,169.5750,21.0000,10.0000,NULL,85.0000,5.0000,'26F54F86E44736993158A402E1C32497','BCC9B0093DF79523FA7F2EF953FDBBA9',NULL),
('7B97BA0A94346442191C63811B9A441C','2026-06-19 08:59:19','2026-06-19 20:24:43','<p>Transporte 1&euro;unidad</p>',0.0000,0.0000,2,0.0000,21.0000,10.0000,NULL,50.0000,0.0000,'10D2C22878BED1023F8CC5F1E6AA82D9','9B26E4575BE8743ECBCD91BF4C4FB5E7',NULL),
('823364973CF3987140622B4B48F57611','2026-06-19 08:59:19','2026-06-19 08:59:19','<p>Transporte 1&euro;unidad</p>',12.1000,10.0000,2,2.1000,21.0000,10.0000,NULL,1.0000,0.0000,'26F54F86E44736993158A402E1C32497','9B26E4575BE8743ECBCD91BF4C4FB5E7',NULL),
('E95FF60A4ED28E0C5BC07057F3C9D1DA','2026-06-19 08:58:43','2026-06-19 08:58:43',NULL,977.0750,807.5000,1,169.5750,21.0000,10.0000,NULL,85.0000,5.0000,'10D2C22878BED1023F8CC5F1E6AA82D9','BCC9B0093DF79523FA7F2EF953FDBBA9',NULL);
/*!40000 ALTER TABLE `ventas_ofertas_lineas` ENABLE KEYS */;
UNLOCK TABLES;

--
-- Table structure for table `ventas_pedidos`
--

DROP TABLE IF EXISTS `ventas_pedidos`;
/*!40101 SET @saved_cs_client     = @@character_set_client */;
/*!40101 SET character_set_client = utf8mb4 */;
CREATE TABLE `ventas_pedidos` (
  `id` char(32) NOT NULL,
  `codigo` varchar(100) DEFAULT NULL,
  `fecha_creacion` timestamp NULL DEFAULT current_timestamp(),
  `fecha_modificacion` timestamp NULL DEFAULT current_timestamp() ON UPDATE current_timestamp(),
  `notas` text DEFAULT NULL,
  `valido_hasta` date DEFAULT NULL,
  `estado` int(11) DEFAULT NULL,
  `id_cuenta` char(32) DEFAULT NULL,
  `total_neto` decimal(18,4) DEFAULT NULL,
  `total_impuestos` decimal(18,4) DEFAULT NULL,
  `importe_total` decimal(18,4) DEFAULT NULL,
  `id_oferta` char(32) DEFAULT NULL,
  `fecha_pedido` date DEFAULT NULL,
  `fecha_prevista_entrega` date DEFAULT NULL,
  `titulo` varchar(255) DEFAULT NULL,
  `id_empresa` char(32) DEFAULT NULL,
  `status` int(11) DEFAULT NULL,
  PRIMARY KEY (`id`)
) ENGINE=InnoDB DEFAULT CHARSET=utf8mb3 COLLATE=utf8mb3_general_ci;
/*!40101 SET character_set_client = @saved_cs_client */;

--
-- Dumping data for table `ventas_pedidos`
--

LOCK TABLES `ventas_pedidos` WRITE;
/*!40000 ALTER TABLE `ventas_pedidos` DISABLE KEYS */;
INSERT INTO `ventas_pedidos` VALUES
('1FDF94A098BE1D39E7CC30C6D9C73866','PV-2026-00016','2026-06-19 09:09:37','2026-06-19 09:09:37',NULL,NULL,0,'7873A2D33CE75C78A01F3CA8EB6E0F75',NULL,NULL,NULL,NULL,NULL,NULL,'tst',NULL,NULL),
('327D926EC98272C5A24EA54110D6D5AA','PV-2026-00004','2026-06-16 06:53:56','2026-06-16 06:54:34',NULL,NULL,0,'F392D0EBE9BE75AD014AA9054C62FFB3',NULL,NULL,NULL,'2DB61FC821AEEAB5B12DC023109813E7',NULL,NULL,NULL,NULL,NULL),
('5D4EE74A9DFA9D35ECEFFBE4A4C0877E','PV-2026-00017','2026-06-19 12:17:45','2026-06-19 13:12:52',NULL,NULL,1,'F392D0EBE9BE75AD014AA9054C62FFB3',817.5000,171.6800,989.1800,'26F54F86E44736993158A402E1C32497','2026-06-19',NULL,'Test ciclo ventas completo 2','8F2DE39C4BBC13D62626B871371718EC',0),
('69DB3EA1008766F1436ABBC0FCE7289C','PV-2026-00015','2026-06-19 09:02:04','2026-06-19 09:05:32',NULL,NULL,4,'F392D0EBE9BE75AD014AA9054C62FFB3',817.5000,171.6800,989.1800,'43F72070841B41445DDFE63CAC5A8820','2026-06-19',NULL,'Test ciclo ventas completo','8F2DE39C4BBC13D62626B871371718EC',NULL),
('A2A7B67956270689C367424FA1B40E38','PV-2026-00005','2026-06-18 18:29:49','2026-06-18 18:30:31',NULL,NULL,0,'7873A2D33CE75C78A01F3CA8EB6E0F75',NULL,NULL,NULL,NULL,NULL,NULL,NULL,NULL,NULL),
('EF44F7215645182B52B87D9FA8DADF30','PV-2026-00018','2026-06-19 12:17:45','2026-06-19 20:21:27',NULL,NULL,4,'F392D0EBE9BE75AD014AA9054C62FFB3',817.5000,171.6800,989.1800,'26F54F86E44736993158A402E1C32497','2026-06-19',NULL,'Test ciclo ventas completo 2','8F2DE39C4BBC13D62626B871371718EC',0);
/*!40000 ALTER TABLE `ventas_pedidos` ENABLE KEYS */;
UNLOCK TABLES;

--
-- Table structure for table `ventas_pedidos_lineas`
--

DROP TABLE IF EXISTS `ventas_pedidos_lineas`;
/*!40101 SET @saved_cs_client     = @@character_set_client */;
/*!40101 SET character_set_client = utf8mb4 */;
CREATE TABLE `ventas_pedidos_lineas` (
  `id` char(32) NOT NULL,
  `Concepto` varchar(100) DEFAULT NULL,
  `fecha_creacion` timestamp NULL DEFAULT current_timestamp(),
  `fecha_modificacion` timestamp NULL DEFAULT current_timestamp() ON UPDATE current_timestamp(),
  `id_pedido` char(32) DEFAULT NULL,
  `orden` int(11) DEFAULT NULL,
  `id_producto` char(32) DEFAULT NULL,
  `precio` decimal(18,4) DEFAULT NULL,
  `cantidad` decimal(18,4) DEFAULT NULL,
  `descuento` decimal(18,4) DEFAULT NULL,
  `impuestos` decimal(18,4) DEFAULT NULL,
  `impuesto` decimal(18,4) DEFAULT NULL,
  `total_neto` decimal(18,4) DEFAULT NULL,
  `total_impuestos` decimal(18,4) DEFAULT NULL,
  `total_linea` decimal(18,4) DEFAULT NULL,
  `status` int(11) DEFAULT NULL,
  PRIMARY KEY (`id`),
  KEY `FK_lineas_pedido_cabecera` (`id_pedido`),
  CONSTRAINT `FK_lineas_pedido_cabecera` FOREIGN KEY (`id_pedido`) REFERENCES `ventas_pedidos` (`id`) ON DELETE CASCADE
) ENGINE=InnoDB DEFAULT CHARSET=utf8mb3 COLLATE=utf8mb3_general_ci;
/*!40101 SET character_set_client = @saved_cs_client */;

--
-- Dumping data for table `ventas_pedidos_lineas`
--

LOCK TABLES `ventas_pedidos_lineas` WRITE;
/*!40000 ALTER TABLE `ventas_pedidos_lineas` DISABLE KEYS */;
INSERT INTO `ventas_pedidos_lineas` VALUES
('137456D679A69F599CCE3A50062E9A1B','<p>Transporte 1&euro;unidad</p>','2026-06-19 09:02:04','2026-06-19 09:02:04','69DB3EA1008766F1436ABBC0FCE7289C',2,'9B26E4575BE8743ECBCD91BF4C4FB5E7',1.0000,10.0000,0.0000,NULL,21.0000,10.0000,2.1000,12.1000,1),
('24AA69C0740604235662A325D4EB7EF5','<p>Transporte 1&euro;/unidad</p>','2026-06-19 12:17:45','2026-06-19 12:34:15','5D4EE74A9DFA9D35ECEFFBE4A4C0877E',2,'9B26E4575BE8743ECBCD91BF4C4FB5E7',1.0000,10.0000,0.0000,NULL,21.0000,10.0000,2.1000,12.1000,1),
('3D264EF89D1C6C128A363C29CF49F6F9','<p>Transporte 1&euro;/unidad</p>','2026-06-19 12:17:45','2026-06-19 12:34:15','EF44F7215645182B52B87D9FA8DADF30',2,'9B26E4575BE8743ECBCD91BF4C4FB5E7',1.0000,10.0000,0.0000,NULL,21.0000,10.0000,2.1000,12.1000,1),
('60148708A526E6FE850CF95E7ECF319F',NULL,'2026-06-19 09:02:04','2026-06-19 09:02:04','69DB3EA1008766F1436ABBC0FCE7289C',1,'BCC9B0093DF79523FA7F2EF953FDBBA9',85.0000,10.0000,5.0000,NULL,21.0000,807.5000,169.5750,977.0750,1),
('68B9BDC87A2EABF0B36FA3CA7086FB00',NULL,'2026-06-19 12:17:45','2026-06-19 12:17:45','5D4EE74A9DFA9D35ECEFFBE4A4C0877E',1,'BCC9B0093DF79523FA7F2EF953FDBBA9',85.0000,10.0000,5.0000,NULL,21.0000,807.5000,169.5750,977.0750,1),
('767A099273EA0D8DBB8EB93B0CD3DF89',NULL,'2026-06-16 08:52:35','2026-06-16 08:52:49','327D926EC98272C5A24EA54110D6D5AA',NULL,'BCC9B0093DF79523FA7F2EF953FDBBA9',0.0000,1.0000,0.0000,NULL,0.0000,NULL,NULL,NULL,NULL),
('E733534B58F0E2BE11471A2D8B06FFE0',NULL,'2026-06-19 12:17:45','2026-06-19 12:17:45','EF44F7215645182B52B87D9FA8DADF30',1,'BCC9B0093DF79523FA7F2EF953FDBBA9',85.0000,10.0000,5.0000,NULL,21.0000,807.5000,169.5750,977.0750,1);
/*!40000 ALTER TABLE `ventas_pedidos_lineas` ENABLE KEYS */;
UNLOCK TABLES;

--
-- Table structure for table `ventas_solicitudes`
--

DROP TABLE IF EXISTS `ventas_solicitudes`;
/*!40101 SET @saved_cs_client     = @@character_set_client */;
/*!40101 SET character_set_client = utf8mb4 */;
CREATE TABLE `ventas_solicitudes` (
  `id` char(32) NOT NULL,
  `fecha_creacion` timestamp NULL DEFAULT current_timestamp(),
  `fecha_modificacion` timestamp NULL DEFAULT current_timestamp() ON UPDATE current_timestamp(),
  `direccion` varchar(255) DEFAULT NULL,
  `productos` mediumtext DEFAULT NULL,
  `gastos_envio_sn` int(11) DEFAULT NULL,
  `foto` varchar(255) DEFAULT NULL,
  `gastos_envio` decimal(18,4) DEFAULT NULL,
  `cliente` varchar(50) DEFAULT NULL,
  `status` int(11) DEFAULT 1,
  `cif` varchar(50) DEFAULT NULL,
  PRIMARY KEY (`id`)
) ENGINE=InnoDB DEFAULT CHARSET=utf8mb3 COLLATE=utf8mb3_general_ci;
/*!40101 SET character_set_client = @saved_cs_client */;

--
-- Dumping data for table `ventas_solicitudes`
--

LOCK TABLES `ventas_solicitudes` WRITE;
/*!40000 ALTER TABLE `ventas_solicitudes` DISABLE KEYS */;
INSERT INTO `ventas_solicitudes` VALUES
('3FCD6CF5566B4D951760843E4B840AB8','2026-06-23 07:43:49','2026-06-23 07:43:49','test',NULL,1,NULL,14.0000,'test',1,NULL);
/*!40000 ALTER TABLE `ventas_solicitudes` ENABLE KEYS */;
UNLOCK TABLES;
/*!40103 SET TIME_ZONE=@OLD_TIME_ZONE */;

/*!40101 SET SQL_MODE=@OLD_SQL_MODE */;
/*!40014 SET FOREIGN_KEY_CHECKS=@OLD_FOREIGN_KEY_CHECKS */;
/*!40014 SET UNIQUE_CHECKS=@OLD_UNIQUE_CHECKS */;
/*!40101 SET CHARACTER_SET_CLIENT=@OLD_CHARACTER_SET_CLIENT */;
/*!40101 SET CHARACTER_SET_RESULTS=@OLD_CHARACTER_SET_RESULTS */;
/*!40101 SET COLLATION_CONNECTION=@OLD_COLLATION_CONNECTION */;
/*!40111 SET SQL_NOTES=@OLD_SQL_NOTES */;

-- Dump completed on 2026-06-23 14:32:24
